,seed_ref_id,seed_doc_id,seed_doc,seed_surface,ref_id,doc_id,doc,surface,True,Hash
12,58e4ce00fe7683152b55e34f,595f9e39fe7683316b2dd4bc,"<Article: ""Il Castello di Lendinara sotto il Dominio Veneto"" in ""Ateneo veneto"", 137(None) 1953, internal_id=RAV0164473:1953_137:11>","M. Sañudo, Itinerario per la terra di Venezia nel 1483, Padova, 1847.",58e4ce00fe7683152b55e34f,595f9e39fe7683316b2dd4bc,"<Article: ""Il Castello di Lendinara sotto il Dominio Veneto"" in ""Ateneo veneto"", 137(None) 1953, internal_id=RAV0164473:1953_137:11>","M. Sañudo, Itinerario per la terra di Venezia nel 1483, Padova, 1847.",0,1
1123,58e4ce00fe7683152b55e34f,595f9e39fe7683316b2dd4bc,"<Article: ""Il Castello di Lendinara sotto il Dominio Veneto"" in ""Ateneo veneto"", 137(None) 1953, internal_id=RAV0164473:1953_137:11>","M. Sañudo, Itinerario per la terra di Venezia nel 1483, Padova, 1847.",58e4ce00fe7683152b55ed5d,595f9f51fe7683316b2dda74,"<Article: ""Il ""Chronicon Venetum"" di Giovanni Diacono"" in ""Ateneo veneto"", 28(None) 1990, internal_id=RAV0164473:1990_28:4>","della Translatio, sia alla narrazione del Chronicon di Giovanni diacono. Anche in questa luce acquista particolare significato la di- stinzione delle due Venezie: «Siquidem Venetie due sunt»27: la Venezia di terra e la Venezia lagunare, la «secunda Venetia»,",0,1
2058,58e4ce00fe7683152b55e34f,595f9e39fe7683316b2dd4bc,"<Article: ""Il Castello di Lendinara sotto il Dominio Veneto"" in ""Ateneo veneto"", 137(None) 1953, internal_id=RAV0164473:1953_137:11>","M. Sañudo, Itinerario per la terra di Venezia nel 1483, Padova, 1847.",58e4ce00fe7683152b55f418,595f9f83fe7683316b2ddb6f,"<Article: ""Il leone di San Marco e la lega di Cambrai"" in ""Ateneo veneto"", 34(None) 1996, internal_id=RAV0164473:1996_34:14>","Sañudo, Itinerari perla terraferma veneziana (a cura di R. Brown), Pado- va 1847, p. 94.",0,1
12366,58e4ce00fe7683152b55e34f,595f9e39fe7683316b2dd4bc,"<Article: ""Il Castello di Lendinara sotto il Dominio Veneto"" in ""Ateneo veneto"", 137(None) 1953, internal_id=RAV0164473:1953_137:11>","M. Sañudo, Itinerario per la terra di Venezia nel 1483, Padova, 1847.",58e4ce00fe7683152b5656d9,595f9f5afe7683316b2ddaa7,"<Article: ""L'antico cimitero ebraico del Lido nei contratti tra la comunità ebraica ed il monastero benedettino di S. Nicolò"" in ""Ateneo veneto"", 29(None) 1991, internal_id=RAV0164473:1991_29:3>","Sañudo, Itinerario di Marin Sanato per la terraferma veneziana nell'anno MCCCCLXXXIII, Padova 1847,",0,1
20291,58e4ce00fe7683152b55e34f,595f9e39fe7683316b2dd4bc,"<Article: ""Il Castello di Lendinara sotto il Dominio Veneto"" in ""Ateneo veneto"", 137(None) 1953, internal_id=RAV0164473:1953_137:11>","M. Sañudo, Itinerario per la terra di Venezia nel 1483, Padova, 1847.",58e4ce00fe7683152b569f88,595f9f70fe7683316b2ddb19,"<Article: ""Catalogo dei leoni marciani in Istria"" in ""Ateneo veneto"", 32(None) 1994, internal_id=RAV0164473:1994_32:2>","Sañudo, Marino, Itinerari per la Terraferma veneziana (a cura di R. Brown), Padova 1847.",0,1
32758,58e4ce00fe7683152b55e34f,595f9e39fe7683316b2dd4bc,"<Article: ""Il Castello di Lendinara sotto il Dominio Veneto"" in ""Ateneo veneto"", 137(None) 1953, internal_id=RAV0164473:1953_137:11>","M. Sañudo, Itinerario per la terra di Venezia nel 1483, Padova, 1847.",58e4ce00fe7683152b5715a0,595f9f75fe7683316b2ddb34,"<Article: ""Marinai, mercanti, cartografi, pittori. Ricerche sulla cartografia nautica a Venezia (sec. XIV-XV)"" in ""Ateneo veneto"", 33(None) 1995, internal_id=RAV0164473:1995_33:1>","Sañudo, Marino. Liber secretorum fidelium crucis super Terrae Sanctae recuperatione et conservatione ... cuius auctor Marinus Sanutus dictus Torsellus [editio princeps a cura di J. Bongars] Hanoviae, Typis Wechelianis apud heredes Ioannis Aubrii, 1611 Santarem, Manuel Francisco, de Barros e Sousa. Essai sur l'histoire de la cosmographie et de la cartographie pendant le Moyen-Age et sur les progrès de la géographie après les grandes découvertes du XVe siècle, Paris, Maulde et Renou, 1849-52,",0,1
40213,58e4ce00fe7683152b55e34f,595f9e39fe7683316b2dd4bc,"<Article: ""Il Castello di Lendinara sotto il Dominio Veneto"" in ""Ateneo veneto"", 137(None) 1953, internal_id=RAV0164473:1953_137:11>","M. Sañudo, Itinerario per la terra di Venezia nel 1483, Padova, 1847.",58e4ce00fe7683152b576422,595f9d53fe7683316b2dca18,"<Article: ""Per una biografia di Mercurio Bua, comandante degli «stradiotti» veneti"" in ""Archivio veneto"", 140(None) 1993, internal_id=LO10015953:1993_140:4>","M. Sañudo, Itinerario per la Terraferma Veneta, 1483, Padova 1847.",0,1
48270,58e4ce00fe7683152b55e34f,595f9e39fe7683316b2dd4bc,"<Article: ""Il Castello di Lendinara sotto il Dominio Veneto"" in ""Ateneo veneto"", 137(None) 1953, internal_id=RAV0164473:1953_137:11>","M. Sañudo, Itinerario per la terra di Venezia nel 1483, Padova, 1847.",58e4ce01fe7683152b57aed6,595f9d58fe7683316b2dcb29,"<Article: ""Tra la miniera e la guerra: minatori veneti a Candia (1648-1669)"" in ""Archivio veneto"", 159(None) 2002, internal_id=LO10015953:2002_159:1>","M. Sañudo, Itinerario per la terraferma veneziana nell’anno 1483, a cura di R. Brown, Padova 1847, p. 123.",0,1
65750,58e4ce00fe7683152b55e34f,595f9e39fe7683316b2dd4bc,"<Article: ""Il Castello di Lendinara sotto il Dominio Veneto"" in ""Ateneo veneto"", 137(None) 1953, internal_id=RAV0164473:1953_137:11>","M. Sañudo, Itinerario per la terra di Venezia nel 1483, Padova, 1847.",58e4ce01fe7683152b5875a6,595f9d63fe7683316b2dcd18,"<Article: ""Patavium Municipio romano"" in ""Archivio veneto"", 2(None) 1927, internal_id=LO10015953:1927_2:1>","Marín Sañudo, Itinerario per la terra ferma Veneziana nel- l’anno MCCGCLXXXII1, Padova, 1847, pag. 26.",0,1
1098,58e4ce00fe7683152b55e34f,595f9e39fe7683316b2dd4bc,"<Article: ""Il Castello di Lendinara sotto il Dominio Veneto"" in ""Ateneo veneto"", 137(None) 1953, internal_id=RAV0164473:1953_137:11>","M. Sañudo, Itinerario per la terra di Venezia nel 1483, Padova, 1847.",58e4ce01fe7683152b59dd47,595fa05afe7683316b2de331,"<Article: ""Considerazioni su gli auditori novi-sindaci e l’amministrazione della giustizia civile: conflittualità sociali ed intervento statale nel primo secolo di governo della terra ferma veneta"" in ""Studi veneziani"", 21(None) 1991, internal_id=LO10016101:1991_21:1>","M. Sañudo, Itinerario per la Terraferma veneta nell’anno 1487, Padova 1847, pp.",0,1
3581,58e4ce00fe7683152b55e34f,595f9e39fe7683316b2dd4bc,"<Article: ""Il Castello di Lendinara sotto il Dominio Veneto"" in ""Ateneo veneto"", 137(None) 1953, internal_id=RAV0164473:1953_137:11>","M. Sañudo, Itinerario per la terra di Venezia nel 1483, Padova, 1847.",58e4ce01fe7683152b59f7ee,595fa068fe7683316b2de67a,"<Article: "" Intra moenia, extra moenia : temi di urbanistica patavina tra Cinquecento e Settecento"" in ""Studi veneziani"", 48(None) 2004, internal_id=LO10016101:2004_48:10>","Sañudo, Itinerario per la Terraferma veneziana nell'anno mcccclxxxuu, a cura di R. Brown, Padova, 1847, passim;",0,1
9659,58e4ce00fe7683152b55e34f,595f9e39fe7683316b2dd4bc,"<Article: ""Il Castello di Lendinara sotto il Dominio Veneto"" in ""Ateneo veneto"", 137(None) 1953, internal_id=RAV0164473:1953_137:11>","M. Sañudo, Itinerario per la terra di Venezia nel 1483, Padova, 1847.",58e4ce01fe7683152b5a3285,595fa068fe7683316b2de676,"<Article: ""Soncino Benzone: uomo d’armi del primo ’500"" in ""Studi veneziani"", 48(None) 2004, internal_id=LO10016101:2004_48:8>","Sañudo, Itinerario per ία Terraferma veneziana nell'anno 1483, Padova, Del seminario. 1847, p. 85.",0,1
13169,58e4ce00fe7683152b55e34f,595f9e39fe7683316b2dd4bc,"<Article: ""Il Castello di Lendinara sotto il Dominio Veneto"" in ""Ateneo veneto"", 137(None) 1953, internal_id=RAV0164473:1953_137:11>","M. Sañudo, Itinerario per la terra di Venezia nel 1483, Padova, 1847.",58e4ce01fe7683152b5a5b8c,595fa069fe7683316b2de6c4,"<Article: ""Montagne contese. Il Congresso di Trento (1533-1535) e il confine veneto-trentino-tirolese sulle Prealpi vicentine"" in ""Studi veneziani"", 50(None) 2005, internal_id=LO10016101:2005_50:3>","Sañudo, itinerario per la tOerraferma veneziana nell’anno 1483, Padova, Tip. del Seminario, 1847, pp. 21, 23, 109-112;",0,1
29714,58e4ce00fe7683152b55e34f,595f9e39fe7683316b2dd4bc,"<Article: ""Il Castello di Lendinara sotto il Dominio Veneto"" in ""Ateneo veneto"", 137(None) 1953, internal_id=RAV0164473:1953_137:11>","M. Sañudo, Itinerario per la terra di Venezia nel 1483, Padova, 1847.",591463aefb15c81221c6e642,0,,"Sañudo, Itinerario per la lerraferma veneziana dell’anno 1483, pubbl.da Rawdon Brown, Padova, tip. del Seminario, 1847, p. 40 sg.",0,1
57713,58e4ce00fe7683152b55e34f,595f9e39fe7683316b2dd4bc,"<Article: ""Il Castello di Lendinara sotto il Dominio Veneto"" in ""Ateneo veneto"", 137(None) 1953, internal_id=RAV0164473:1953_137:11>","M. Sañudo, Itinerario per la terra di Venezia nel 1483, Padova, 1847.",591463b1fb15c81221ce0a12,0,,"Zenoniani all’erezione della nuova stanza Bianchini (1874-1881)............... »271 Documenti illustrati. Ai Lettori (R. Fulin) ................. »v Frammento inedito dell’ Itinerario in Terra ferma di Marino Sa- nuto (R. Fulin)......... « 1 Di una versione del Liber Secretorum Fidelium Crucis frammento conservato da Marino Sanuto (R.Fulin)     »    49 Viaggio in Spagna di Francesco Janis da Tolmezzo, compendiato da Marino Sanuto (R. Fulin) ............. »63 Itinerario di Pietro Zeno oratore a Costantinopoli nel 1523, com- pendiato da Marino Sanuto (R.Fulin) ......... »104 Girolamo Priuli e i suoi Diarii ,1 Portoghesi nell’India e i Veneziani",0,1
62445,58e4ce00fe7683152b55e34f,595f9e39fe7683316b2dd4bc,"<Article: ""Il Castello di Lendinara sotto il Dominio Veneto"" in ""Ateneo veneto"", 137(None) 1953, internal_id=RAV0164473:1953_137:11>","M. Sañudo, Itinerario per la terra di Venezia nel 1483, Padova, 1847.",591463b2fb15c81221ce6ef9,0,,"Musatti Eugenio. Storia di un lembo di terra , os- sia Venezia e i Veneziani. Padova, tip. del Seminario, 1886,",0,1
66103,58e4ce00fe7683152b55e34f,595f9e39fe7683316b2dd4bc,"<Article: ""Il Castello di Lendinara sotto il Dominio Veneto"" in ""Ateneo veneto"", 137(None) 1953, internal_id=RAV0164473:1953_137:11>","M. Sañudo, Itinerario per la terra di Venezia nel 1483, Padova, 1847.",591463b2fb15c81221ceba10,595fa1c7fe7683316b2dffa3,"<Article: ""Atti della R. Deputazione veneta di StoriaPatria"" in ""Nuovo archivio veneto"", 10(None) 1905, internal_id=LO10016952:1905_10:20>","Marín Sañudo Itinerario per la terraferma veneziana nel· l’anno 1483. Padova 1847, p. 98.",0,1
70215,58e4ce00fe7683152b55e34f,595f9e39fe7683316b2dd4bc,"<Article: ""Il Castello di Lendinara sotto il Dominio Veneto"" in ""Ateneo veneto"", 137(None) 1953, internal_id=RAV0164473:1953_137:11>","M. Sañudo, Itinerario per la terra di Venezia nel 1483, Padova, 1847.",591463b2fb15c81221cf0c9e,595fa16afe7683316b2df99f,"<Article: ""Jacopo d’ Albizzotto Guidi e il suo inedito poema su Venezia"" in ""Nuovo archivio veneto"", 5(None) 1893, internal_id=LO10016952:1893_5:8>","Itinerario per la terra- ferma veneziana nell’anno 1483 edito da R. Brown, Padova, 1847, pp. il segg,",0,1
77886,58e4ce00fe7683152b55e34f,595f9e39fe7683316b2dd4bc,"<Article: ""Il Castello di Lendinara sotto il Dominio Veneto"" in ""Ateneo veneto"", 137(None) 1953, internal_id=RAV0164473:1953_137:11>","M. Sañudo, Itinerario per la terra di Venezia nel 1483, Padova, 1847.",591463b2fb15c81221cf93a0,595fa253fe7683316b2e0689,"<Article: ""Per la biografia di un benefattore dell’ umanità nel ’¡iOO (S. Girolamo Miani)"" in ""Nuovo archivio veneto"", 34(None) 1917, internal_id=LO10016952:1917_34:3>","Sañudo ( Itinerario di M. Sonido per la Terraferma Veneziana nell’ anno MCCCCLXXXII1, Padova, 1847, p. 120),",0,1
94993,58e4ce00fe7683152b55e34f,595f9e39fe7683316b2dd4bc,"<Article: ""Il Castello di Lendinara sotto il Dominio Veneto"" in ""Ateneo veneto"", 137(None) 1953, internal_id=RAV0164473:1953_137:11>","M. Sañudo, Itinerario per la terra di Venezia nel 1483, Padova, 1847.",5919e9663dde944752f568f5,595f9d33fe7683316b2dc647,"<Book: ,  Gruppo culturale Civis-Biblioteca Cappuccini,, 1984>","M. Sañudo, Itinerario di Marino Sañudo per la terraferma, a c. di R. Brown, Padova 1847, pp. 100-1;",0,1
12339,58e4ce00fe7683152b55e34f,595f9e39fe7683316b2dd4bc,"<Article: ""Il Castello di Lendinara sotto il Dominio Veneto"" in ""Ateneo veneto"", 137(None) 1953, internal_id=RAV0164473:1953_137:11>","M. Sañudo, Itinerario per la terra di Venezia nel 1483, Padova, 1847.",5919e9663dde944752f636d2,595f9d27fe7683316b2dc5da,"<Book: Governanti e governati : legittimità del potere ed esercizio dell'autorità sovrana nello Stato veneto della prima età moderna,  Fondazione Benetton,, 1993, ISBN: 88-86177-09-7>","Sañudo, M., Itinerario di Marin Sanuto per la terraferma veneziana nell'anno 1483, a cura di R. Brown, Padova 1847 (ristampa anastatica 1985).",0,1
25895,58e4ce00fe7683152b55e34f,595f9e39fe7683316b2dd4bc,"<Article: ""Il Castello di Lendinara sotto il Dominio Veneto"" in ""Ateneo veneto"", 137(None) 1953, internal_id=RAV0164473:1953_137:11>","M. Sañudo, Itinerario per la terra di Venezia nel 1483, Padova, 1847.",5919e9673dde944752f6decb,595f9d32fe7683316b2dc63d,"<Book: Venezia : itinerari per la storia della città,  Il mulino, [1997, 1997, ISBN: 88-15-05993-8>","Sañudo, Itinerario per la Terraferma veneziana nell’anno 1483, a cura di R. Brown, Padova, Tipografia del Seminario, 1847, pp. XXVI-XXVII n.).",0,1
37511,58e4ce00fe7683152b55e34f,595f9e39fe7683316b2dd4bc,"<Article: ""Il Castello di Lendinara sotto il Dominio Veneto"" in ""Ateneo veneto"", 137(None) 1953, internal_id=RAV0164473:1953_137:11>","M. Sañudo, Itinerario per la terra di Venezia nel 1483, Padova, 1847.",5919e96d3dde944752f7585e,595f9d2ffe7683316b2dc61f,"<Book: Il primo dominio veneziano a Verona, 1405-1509 : atti del Convegno tenuto a Verona il 16-17 settembre 1988,  \s. n.!,, 1991>","Sañudo, Itinerari per la Tenaferma Veneziana nell’anno MCCCCLXXXIII, Padova, Dalla Tipografia del Seminario, 1847, p. 93).",0,1
37512,58e4ce00fe7683152b55e34f,595f9e39fe7683316b2dd4bc,"<Article: ""Il Castello di Lendinara sotto il Dominio Veneto"" in ""Ateneo veneto"", 137(None) 1953, internal_id=RAV0164473:1953_137:11>","M. Sañudo, Itinerario per la terra di Venezia nel 1483, Padova, 1847.",5919e96d3dde944752f7585f,595f9d2ffe7683316b2dc61f,"<Book: Il primo dominio veneziano a Verona, 1405-1509 : atti del Convegno tenuto a Verona il 16-17 settembre 1988,  \s. n.!,, 1991>","R. Fulin, Frammento inedito dell’Itinerario in Terra Ferma di Marino Sanato, « Archivio Veneto », XXII, 1881, pp. 1-48.",0,1
39835,58e4ce00fe7683152b55e34f,595f9e39fe7683316b2dd4bc,"<Article: ""Il Castello di Lendinara sotto il Dominio Veneto"" in ""Ateneo veneto"", 137(None) 1953, internal_id=RAV0164473:1953_137:11>","M. Sañudo, Itinerario per la terra di Venezia nel 1483, Padova, 1847.",5919e96d3dde944752f77e45,595f9d33fe7683316b2dc64f,"<Book: La macchina territoriale : la progettazione della difesa nel Cinquecento veneto,  Laterza,, 1983>","Sañudo, Itinerario... per la Terraferma veneziana nell'anno MCCCCLXXXIII, a cura di R. Brown, Padova 1847, pp. 58-9.",0,1
42466,58e4ce00fe7683152b55e34f,595f9e39fe7683316b2dd4bc,"<Article: ""Il Castello di Lendinara sotto il Dominio Veneto"" in ""Ateneo veneto"", 137(None) 1953, internal_id=RAV0164473:1953_137:11>","M. Sañudo, Itinerario per la terra di Venezia nel 1483, Padova, 1847.",5919e96d3dde944752f79cc1,595f9d36fe7683316b2dc669,"<Book: La rotta di Ghiaradadda : Agnadello, 14 maggio 1509,  BCC Cassa rurale di Treviglio, [2009?, 2009>",Navagero (Venezia 1483- Blois 1529),0,1
45499,58e4ce00fe7683152b55e34f,595f9e39fe7683316b2dd4bc,"<Article: ""Il Castello di Lendinara sotto il Dominio Veneto"" in ""Ateneo veneto"", 137(None) 1953, internal_id=RAV0164473:1953_137:11>","M. Sañudo, Itinerario per la terra di Venezia nel 1483, Padova, 1847.",5919e96d3dde944752f7be24,595f9d3afe7683316b2dc69d,"<Book: Stato, società e giustizia nella Repubblica veneta, sec. 15.-18.,  Jouvence, , 1981>","Sañudo, Itinerarium cum syndicis terrae firmae, Padova 1847,",0,1
58279,58e4ce00fe7683152b55e34f,595f9e39fe7683316b2dd4bc,"<Article: ""Il Castello di Lendinara sotto il Dominio Veneto"" in ""Ateneo veneto"", 137(None) 1953, internal_id=RAV0164473:1953_137:11>","M. Sañudo, Itinerario per la terra di Venezia nel 1483, Padova, 1847.",59de7a1f48e232540c5c1722,59dc7561fe76834059d44538,"<Book: Kirche, Politik und adelige Regierung in der Republik Venedig zu Beginn des 15. Jahrhunderts,  Vandenhoeck & Ruprecht,, 1996>","F. P., Itinerario in Terra Santa, hg. von Francesco Lo Monaco (Vite 8) Bergamo 1990, S. 36, 38.",0,1
62957,58e4ce00fe7683152b55e34f,595f9e39fe7683316b2dd4bc,"<Article: ""Il Castello di Lendinara sotto il Dominio Veneto"" in ""Ateneo veneto"", 137(None) 1953, internal_id=RAV0164473:1953_137:11>","M. Sañudo, Itinerario per la terra di Venezia nel 1483, Padova, 1847.",59de7a1f48e232540c5c4f82,59dc74e2fe768340301beb85,"<Book: I mercanti di Venezia,  Einaudi, , 1982, ISBN: 88-06-05505-4>","Vittore Cappello e Fratelli, allora sua rappresentante a Bruges Giunse l’inverno, e nel dicembre 1432 il Senato cominciò a organizzare una nuova flotta di galere destinata a partire presto per il Levante; e ancora Cappello non inviava a Andrea notizie sulle stoffe ordinate. Correva voce di una pace con Milano, e con la pace sarebbero partite per il Levante anche le cocche. La crema del mercato se la sarebbe accaparrata chi fosse riuscito a spedire le sue merci sulle prime navi in partenza. Era un brutto momento per avere denaro bloccato a Bruges, senza la prospettiva di un carico di ritorno. E proprio in questa congiuntura, con i viaggi delle galere di Fiandra sospesi e l’urgente necessità di merci occidentali a Venezia, i trasporti via terra furono interrotti da atti di violenza e intrighi nell’alta valle del Danubio 30. La rotta via terra da Venezia a Bruges risaliva l’Adige, piegava a nordovest attraverso il Tirolo e sbucava sull’altopiano bavarese a Füssen, sul fiume Lech. Invece di scendere il fiume verso Augusta, le merci destinate in Fiandra puntavano ad ovest, verso Kempten e il fiume Iller. Disceso Filler, superata Memmingen, arrivavano ad Ulm, dove la rotta piegava ad ovest, attraverso le foreste del Württemberg, fino al Reno31. Nell’autunno, o nella tarda estate, del 1432 sette carri carichi di merci veneziane arrancavano sulla strada tra Kempten e Memmingen, quando furono fermati da Heinrich von der Steffel, castellano imperiale. I suoi sgherri si impossessarono di quattro dei carri e ripiegarono verso il castello. Prima che vi giungessero, però la gente di Memmingen andò in aiuto dei mercanti, riprese i carri e li trascinò in città 3\ Erano riusciti a difendere la sicurezza della pubblica strada, ma Heinrich von der Steffel aveva amici nella grande città di Ulm, a quel tempo favorevole all’imperatore, e riuscì a difendere la sua azione appellandosi all’embargo imperiale contro Venezia. I borghigiani di Ulm riuscirono a imporre che i carri fossero portati in città, li sequestrarono e, per ordine dell’imperatore, li consegnarono al castellano. Venezia minacciò per rappresaglia 29",0,1
81627,58e4ce00fe7683152b55e34f,595f9e39fe7683316b2dd4bc,"<Article: ""Il Castello di Lendinara sotto il Dominio Veneto"" in ""Ateneo veneto"", 137(None) 1953, internal_id=RAV0164473:1953_137:11>","M. Sañudo, Itinerario per la terra di Venezia nel 1483, Padova, 1847.",59de7a2048e232540c5d370c,59dc74b9fe768340301be9fc,"<Book: Espaces, pouvoir et société à Venise à la fin du Moyen Âge,  nella sede dell'Istituto,, 1992>","Capodilista, Itinerario di Terra Santa, circa 1475, Pérouse?, B. N. Marciana, Incun. 1206; Il viaggio del Sanseverino..., op. cit.;",0,1
2095,58e4ce00fe7683152b55e34f,595f9e39fe7683316b2dd4bc,"<Article: ""Il Castello di Lendinara sotto il Dominio Veneto"" in ""Ateneo veneto"", 137(None) 1953, internal_id=RAV0164473:1953_137:11>","M. Sañudo, Itinerario per la terra di Venezia nel 1483, Padova, 1847.",59de7a2048e232540c5e54c1,5988867bc12c6068ea1e58d5,"<Book: Le Confraternite veneziane di devozione : saggio bibliografico e premesse storiografiche (dal particolare esame dello Statuto della scuola mestrina di San Rocco),  Herder,, 1968>","Sañudo, Itinerario... per la Terra-ferma veneziana nell'anno mcccclxxxiii  [ed. a cura di R. Brown], Padova 1847.",0,1
15443,58e4ce00fe7683152b55e34f,595f9e39fe7683316b2dd4bc,"<Article: ""Il Castello di Lendinara sotto il Dominio Veneto"" in ""Ateneo veneto"", 137(None) 1953, internal_id=RAV0164473:1953_137:11>","M. Sañudo, Itinerario per la terra di Venezia nel 1483, Padova, 1847.",59de7a2148e232540c5ef60c,59dc7474fe76834007de8e16,"<Book: 1: Dalla guerra di Chioggia al 1517,  UTET,, 1986, ISBN: 88-02-04026-5>","Sañudo, Itinerario per la Terraferma veneziana nell’anno 1483, Tipografia del Seminario, Padova 1847.",0,1
15476,58e4ce00fe7683152b55e34f,595f9e39fe7683316b2dd4bc,"<Article: ""Il Castello di Lendinara sotto il Dominio Veneto"" in ""Ateneo veneto"", 137(None) 1953, internal_id=RAV0164473:1953_137:11>","M. Sañudo, Itinerario per la terra di Venezia nel 1483, Padova, 1847.",59de7a2148e232540c5ef637,59dc7474fe76834007de8e16,"<Book: 1: Dalla guerra di Chioggia al 1517,  UTET,, 1986, ISBN: 88-02-04026-5>","R. Brown, introduzione all ’Itinerario per la Terraferma veneta nell’anno 1483, di Marín Sañudo, Tipografia del Seminario, Padova 1847;",0,1
31461,58e4ce00fe7683152b55e34f,595f9e39fe7683316b2dd4bc,"<Article: ""Il Castello di Lendinara sotto il Dominio Veneto"" in ""Ateneo veneto"", 137(None) 1953, internal_id=RAV0164473:1953_137:11>","M. Sañudo, Itinerario per la terra di Venezia nel 1483, Padova, 1847.",59de7a3348e232540c5fc5c7,59dc7469fe76834007de8dae,"<Book: Un evento miracoloso nella guerra della Lega Cambraica : 27 settembre 1511,  [Istituto Veneto di Scienze, Lettere ed Arti],, 2012, ISBN: 978-88-95996-38-7>","M. Sañudo, Itinerario di Marin Sanato per la terraferma veneziana nell'anno MCCC-CLXXXIIII, Padova 1847, p. 118.",0,1
42035,58e4ce00fe7683152b55e34f,595f9e39fe7683316b2dd4bc,"<Article: ""Il Castello di Lendinara sotto il Dominio Veneto"" in ""Ateneo veneto"", 137(None) 1953, internal_id=RAV0164473:1953_137:11>","M. Sañudo, Itinerario per la terra di Venezia nel 1483, Padova, 1847.",59df53cf9be3c75c2e671cf9,59dc74acfe768340301be981,"<Book: Vita di Bartolomeo Colleoni,  Vecchiarelli, c, 1990, ISBN: 88-85316-16-6>","Marin SAÑUDO, Itinerario per la terraferma veneziana nell'anno 1483, Padova 1847.",0,1
47350,58e4ce00fe7683152b55e34f,595f9e39fe7683316b2dd4bc,"<Article: ""Il Castello di Lendinara sotto il Dominio Veneto"" in ""Ateneo veneto"", 137(None) 1953, internal_id=RAV0164473:1953_137:11>","M. Sañudo, Itinerario per la terra di Venezia nel 1483, Padova, 1847.",59df53cf9be3c75c2e675c88,595fad2bfe768340faf6c08c,"<Book: I piccoli principi : signorie locali, feudi e comunità soggette nello Stato regionale veneto dall'espansione territoriale ai primi decenni del '600,  Il cardo,, 1991>","Marín Sañudo, Itinerario per la terrafermaveneziana, ed. a cura di R. Brown, Padova 1847 (ristampa anastatica Milano 1981), pp. 100 e XXXVIII.",0,1
47961,58e4ce00fe7683152b55e34f,595f9e39fe7683316b2dd4bc,"<Article: ""Il Castello di Lendinara sotto il Dominio Veneto"" in ""Ateneo veneto"", 137(None) 1953, internal_id=RAV0164473:1953_137:11>","M. Sañudo, Itinerario per la terra di Venezia nel 1483, Padova, 1847.",59df53cf9be3c75c2e676431,595fad2bfe768340faf6c08c,"<Book: I piccoli principi : signorie locali, feudi e comunità soggette nello Stato regionale veneto dall'espansione territoriale ai primi decenni del '600,  Il cardo,, 1991>","Sañudo, Marin, Itinerario per la terraferma veneziana, edizione a cura di R. Brown, Padova 1847 (ristampa anastatica Milano 1981).",0,1
64401,58e4ce00fe7683152b55e34f,595f9e39fe7683316b2dd4bc,"<Article: ""Il Castello di Lendinara sotto il Dominio Veneto"" in ""Ateneo veneto"", 137(None) 1953, internal_id=RAV0164473:1953_137:11>","M. Sañudo, Itinerario per la terra di Venezia nel 1483, Padova, 1847.",59df53cf9be3c75c2e682731,595fc084fe76834f0bf6c0b5,"<Book: De origine, situ et magistratibus urbis Venetae, ovvero La città di Venetia (1493-1530),  Centro di studi medievali e rinascimentali E. A. Cicogna,, 2011, ISBN: 978-88-96543-05-4>","Marin Sañudo il giovane, L’Itinerario di Marin Sañudo per la terraferma veneziana nell’anno MCCCCLXXXIII, a cura di Rawdon Brown, Padova, Seminario 1847.",0,1
70982,58e4ce00fe7683152b55e34f,595f9e39fe7683316b2dd4bc,"<Article: ""Il Castello di Lendinara sotto il Dominio Veneto"" in ""Ateneo veneto"", 137(None) 1953, internal_id=RAV0164473:1953_137:11>","M. Sañudo, Itinerario per la terra di Venezia nel 1483, Padova, 1847.",59df53d09be3c75c2e6879dd,59dc74c5fe768340301bea79,"<Book: Venezia centro di mediazione tra oriente e occidente : secoli 15.-16.,  L.S. Olschki,, 1977>","Frei Pantaleâo de Aveiro, Itinerario da Terra Sancta, nouvelle éd. par A. Baiâo, Coimbra 1927,",0,1
71310,58e4ce00fe7683152b55e34f,595f9e39fe7683316b2dd4bc,"<Article: ""Il Castello di Lendinara sotto il Dominio Veneto"" in ""Ateneo veneto"", 137(None) 1953, internal_id=RAV0164473:1953_137:11>","M. Sañudo, Itinerario per la terra di Venezia nel 1483, Padova, 1847.",59df53d09be3c75c2e687c85,59dc74c5fe768340301bea79,"<Book: Venezia centro di mediazione tra oriente e occidente : secoli 15.-16.,  L.S. Olschki,, 1977>","Sanuto, Itinerario per la terra ferma veneziana nell’anno 1483,  Padova 1847, p. 117:",0,1
34260,58e4ce00fe7683152b55e34f,595f9e39fe7683316b2dd4bc,"<Article: ""Il Castello di Lendinara sotto il Dominio Veneto"" in ""Ateneo veneto"", 137(None) 1953, internal_id=RAV0164473:1953_137:11>","M. Sañudo, Itinerario per la terra di Venezia nel 1483, Padova, 1847.",59e0adbbf98262071bfa21b5,5961fc51fe76831c272126bf,"<Book: L'ultimo dei dogi,  Helvetia, \1986, 1986>","G. Coccon, La Venezia di Terra, Venezia, 1985, p. 112.",0,1
43447,58e4ce00fe7683152b55e34f,595f9e39fe7683316b2dd4bc,"<Article: ""Il Castello di Lendinara sotto il Dominio Veneto"" in ""Ateneo veneto"", 137(None) 1953, internal_id=RAV0164473:1953_137:11>","M. Sañudo, Itinerario per la terra di Venezia nel 1483, Padova, 1847.",59e0adbbf98262071bfa7d25,59dc75d2fe76834059d4499e,"<Book: Robegano,  Amministrazione comunale di Salzano,, 1994>","SAÑUDO, Itinerario per la terra ferma veneziana nell'anno 1483, Padova, 1847- 99Dalla Ducale del Doge Andrea Gritti in data 16 settembre 1534.",0,1
49479,58e4ce00fe7683152b55e34f,595f9e39fe7683316b2dd4bc,"<Article: ""Il Castello di Lendinara sotto il Dominio Veneto"" in ""Ateneo veneto"", 137(None) 1953, internal_id=RAV0164473:1953_137:11>","M. Sañudo, Itinerario per la terra di Venezia nel 1483, Padova, 1847.",59e0adbbf98262071bfad2e7,59dc74ddfe768340301beb50,"<Book: Ordini religiosi cattolici a Venezia : i primi secoli,  Marcianum press,, 2010, ISBN: 978-88-6512-005-7>","L’ORDINE DI MALTA E VENEZIA GIOVANNI BELLINI, Battesimo di Cristo (a sinistra 0 Priore offerente), presbiterio della chiesa gran Priorale. chi anni essa divenne padrona di Treviso, Padova, Verona, Vicenza, Bergamo, Brescia, Crema e anche di tutto il Friuli. Malgrado il nuovo Dominio di Terra di Venezia avesse inglobato numerose commende gerosolimitane, non sembra che si siano verificate variazioni nei rapporti con l’Ordine. Discorso completamente diverso va fatto per il settore mediterraneo",0,1
50668,58e4ce00fe7683152b55e34f,595f9e39fe7683316b2dd4bc,"<Article: ""Il Castello di Lendinara sotto il Dominio Veneto"" in ""Ateneo veneto"", 137(None) 1953, internal_id=RAV0164473:1953_137:11>","M. Sañudo, Itinerario per la terra di Venezia nel 1483, Padova, 1847.",59e0adbbf98262071bfae2b5,5988466ac12c603098e24519,"<Book: Facciate sacre a scopo profano : Venezia e la politica dei monumenti dal Quattrocento al Settecento,  Istituto veneto di scienze, lettere ed arti,, 2002, ISBN: 88-88143-14-9>","Sañudo, Marino, Itinerario per la terraferma veneziana nell’anno MCCCCLXXXII1, Padova 1847.",0,1
60461,58e4ce00fe7683152b55e34f,595f9e39fe7683316b2dd4bc,"<Article: ""Il Castello di Lendinara sotto il Dominio Veneto"" in ""Ateneo veneto"", 137(None) 1953, internal_id=RAV0164473:1953_137:11>","M. Sañudo, Itinerario per la terra di Venezia nel 1483, Padova, 1847.",59e0adbbf98262071bfb42d4,59dc746afe76834007de8db1,"<Book: Venetian vernacular architecture : traditional housing in the Venetian lagoon,   Cambridge University Press,, 1989, ISBN: 0521345812>","Sañudo, M., Itinerario per la Terraferma Veneziana Nell'Anno 1483 (Padua 1847)",0,1
70436,58e4ce00fe7683152b55e34f,595f9e39fe7683316b2dd4bc,"<Article: ""Il Castello di Lendinara sotto il Dominio Veneto"" in ""Ateneo veneto"", 137(None) 1953, internal_id=RAV0164473:1953_137:11>","M. Sañudo, Itinerario per la terra di Venezia nel 1483, Padova, 1847.",59e0adbcf98262071bfbbab2,5988486ec12c603225e2450b,"<Book: Portali a Venezia : funzioni, forme, materiali nelle opere di aspetto romanico e gotico,  Cierre,, 2008, ISBN: 978-88-8314-470-7>",INTRODUZIONE Censimento per sestiere dei portali d'acqua e di terra a Venezia. Valori assoluti e percentuali suddivisi tra i cinque tipi d'arco censiti sestiere pc e or< il ordin s II ordine III a 2 centri a 4 centri totale t. sest n. % n. % n. % n. % n. % n. % /tot. Cannaregio a 10 29 0 0 1 3 15 44 8 24 34 100 19% t 9 21 0 0 4 10 6 14 23 55 42 10 0 23% tot. 19 25 0 0 5 6 21 28 31 41 76 100 21% S. Croce a 0 0 0 0 1 7 13 86 1 7 15 100 8% t 6 38 0 0 0 0 6 37 4 25 16 100 8% tot. 6 20 0 0 1 3 19 61 5 16 31 100 8% S. Polo a 3 14 0 0 1 5 12 57 5 24 21 100 11% t 5 25 0 0 0 0 6 30 9 45 20 100 11% tot. 8 20 0 0 1 2 18 44 14 34 41 100 11% Dorsoduro a 2 12 0 0 0 0 10 59 5 29 17 100 9% t 7 23 0 0 2 7 6 20 15 50 30 100 16% tot. 9 19 0 0 2 4 16 34 20 43 47 100 13% Giudecca a 0 0 0 0 0 0 0 0 0 0 0 0 0% t 0 0 0 0 0 0 3 100 0 0 3 100 2% tot. 0 0 0 0 0 0 3 100 0 0 3 100 1% a 7 13 1 2 1 2 29 55 15 28 53 100 29% S. Marco t 5 16 0 0 4 13 9 29 13 42 31 100 17% tot. 12 14 1 1 5 6 38 45 28 34 84 100 23% a 9 21 0 0 1 2 26 61 7 16 43 100 24% Castello t 12 28 1 2 2 4 14 33 14 33 43 100 23% tot. 21 24 1 1 3 3 40 47 21 25 86 100 23% a 31 17 1 1 5 3 105 57 41 22 183 100 100% Totale t 44 24 1 1 12 6 50 28 78 41 185 100 100 % tot. 75 20 2 1 17 5 155 _ 42 119 32 368 100 100%,0,1
70444,58e4ce00fe7683152b55e34f,595f9e39fe7683316b2dd4bc,"<Article: ""Il Castello di Lendinara sotto il Dominio Veneto"" in ""Ateneo veneto"", 137(None) 1953, internal_id=RAV0164473:1953_137:11>","M. Sañudo, Itinerario per la terra di Venezia nel 1483, Padova, 1847.",59e0adbcf98262071bfbbac8,5988486ec12c603225e2450b,"<Book: Portali a Venezia : funzioni, forme, materiali nelle opere di aspetto romanico e gotico,  Cierre,, 2008, ISBN: 978-88-8314-470-7>","San Marco, la chiesa di stato), cosi come poi, nel Trecento, ci si approprierà delle novità che via via appaiono nelle architetture chiesastiche degli ordini mendicanti”. 8.Cfr.: Tab. Censimento per sestiere dei portali d’acqua e di terra a Venezia. Valori assoluti e percentuali suddivisi tra i cinque tipi d’arco censiti.",0,1
74308,58e4ce00fe7683152b55e34f,595f9e39fe7683316b2dd4bc,"<Article: ""Il Castello di Lendinara sotto il Dominio Veneto"" in ""Ateneo veneto"", 137(None) 1953, internal_id=RAV0164473:1953_137:11>","M. Sañudo, Itinerario per la terra di Venezia nel 1483, Padova, 1847.",59e0adbcf98262071bfbdd98,59dc7472fe76834007de8dfa,"<Book: 4.2 : Il Seicento,  N. Pozza,, 1984>","M. Sañudo, Itinerario per la Terraferma veneziana nell’anno MCCCCLXXXIII, a cura di R. Brown, Padova 1847,",0,1
86007,58e4ce00fe7683152b55e34f,595f9e39fe7683316b2dd4bc,"<Article: ""Il Castello di Lendinara sotto il Dominio Veneto"" in ""Ateneo veneto"", 137(None) 1953, internal_id=RAV0164473:1953_137:11>","M. Sañudo, Itinerario per la terra di Venezia nel 1483, Padova, 1847.",59e0adbcf98262071bfc6717,59dc75c7fe76834059d44908,"<Book: A companion to Venetian history, 1400-1797,  Brill,, 2013, ISBN: 9789004252516>","Sañudo, Itinerario di Marin Sanuto per la Terraferma veneziana l’anno MCCCCLXXXIII, ed. Rawdon Brown (Padua, 1847), Ρ· 147 ·",0,1
99053,58e4ce00fe7683152b55e34f,595f9e39fe7683316b2dd4bc,"<Article: ""Il Castello di Lendinara sotto il Dominio Veneto"" in ""Ateneo veneto"", 137(None) 1953, internal_id=RAV0164473:1953_137:11>","M. Sañudo, Itinerario per la terra di Venezia nel 1483, Padova, 1847.",59e0adcbf98262071bfcf969,59dc75d6fe76834059d449cb,"<Book: Memorie. Classe di scienze morali, lettere ed arti,  Istituto veneto di scienze lettere ed arti,, 1971>","A. Sala, La pratica in teorica del soldato instruito in terra,  Venezia 1697, p. 2:",0,1
26137,58e4ce00fe7683152b55e34f,595f9e39fe7683316b2dd4bc,"<Article: ""Il Castello di Lendinara sotto il Dominio Veneto"" in ""Ateneo veneto"", 137(None) 1953, internal_id=RAV0164473:1953_137:11>","M. Sañudo, Itinerario per la terra di Venezia nel 1483, Padova, 1847.",59e1c86888316156d1bbf7d5,59dc74c2fe768340301bea5c,"<Book: Il Codice Morosini : il mondo visto da Venezia (1094-1433),  Fondazione Centro italiano di studi sull'Alto Medioevo,, 2010, ISBN: 978-88-7988-194-4>","Rinaldo Fulin, Frammento inedito dell’Itinerario in Terra Ferma di Marino Sanuto, in Archivio Veneto, XII (1881), pp. [l]6-48;",0,1
27885,58e4ce00fe7683152b55e34f,595f9e39fe7683316b2dd4bc,"<Article: ""Il Castello di Lendinara sotto il Dominio Veneto"" in ""Ateneo veneto"", 137(None) 1953, internal_id=RAV0164473:1953_137:11>","M. Sañudo, Itinerario per la terra di Venezia nel 1483, Padova, 1847.",59e23a5388316162133f1909,595fe570fe768352def6c033,"<Book: Bernardus Teotonicus e i rapporti commerciali tra la Germania meridionale e Venezia prima della istituzione del Fondaco dei Tedeschi,  Centro tedesco di studi veneziani,, 1978>","Henricus Lornt (leggibile soltanto con raggi UV) proveniva forse da Lurn in Carinzia? Il marcha puri argenti ad pondus Coloniae, quo utitur terra nostra di Venezia (citato 1201 Aprile, TAFEL-THOMAS, I, p. 371, no. 93)",0,1
30726,58e4ce00fe7683152b55e34f,595f9e39fe7683316b2dd4bc,"<Article: ""Il Castello di Lendinara sotto il Dominio Veneto"" in ""Ateneo veneto"", 137(None) 1953, internal_id=RAV0164473:1953_137:11>","M. Sañudo, Itinerario per la terra di Venezia nel 1483, Padova, 1847.",59e23a5388316162133f3ee9,59dc754bfe76834059d4445d,"<Book: Fortezze veneziane : 1508-1797,  Rusconi immagini, \1984, 1984, ISBN: 88-18-35966-5>","Giulio Savorgnan, che tante prove aveva dato di capacità e di attaccamento alla Signoria l0. Allo scadere del secolo XVI si determinarono due fatti molto importanti per le « fortezze da mar e da terra» di Venezia, evidenziandone la grande vitalità: il primo è la nomina di un valente tecnico; carica che non è estranea, ma molto pertinente, al secondo fatto, la decisione di risolvere il problema dei confini orientali della Serenissima con la costruzione della fortezza di Palma; una dimostrazione ulteriore della capacità polarizzatrice di Venezia attorno a questioni di grossa portata strategica, economica e culturale. Allo scopo di meglio delineare i compiti dei « Provveditori alle Fortezze », possiamo definire così, in termini di oggi, i settori della sua attività: amministrativo, logistico, progettazione e manutenzione, affari del personale. Settore amministrativo Era il primo in ordine d’importanza, in quanto determinante. La Signoria ne era consapevole e perciò insisteva nel raccomandare la massima oculatezza nel maneggiare il danaro destinato alla costruzione e alla gestione delle fortezze. Ancora prima dell’inizio ufficiale dell’attività dei provveditori, in un decreto del",0,1
37793,58e4ce00fe7683152b55e34f,595f9e39fe7683316b2dd4bc,"<Article: ""Il Castello di Lendinara sotto il Dominio Veneto"" in ""Ateneo veneto"", 137(None) 1953, internal_id=RAV0164473:1953_137:11>","M. Sañudo, Itinerario per la terra di Venezia nel 1483, Padova, 1847.",59e23a5388316162133f962a,59620214fe76831cd82126a0,"<Book: In nome del gran signore : inviati ottomani a Venezia dalla caduta di Costantinopoli alla guerra di Candia,  Deputazione di storia patria per le Venezie,, 1994>","passaggio dei Mori dì Spagna. Nel 1609 Filippo III d’Asburgo decise l’espulsione dei Mori dalla Spagna (179); da qui essi si diressero sia verso il Maghreb sia, in gran numero, verso la Francia e l’Italia, invogliati in quest’ultima scelta dalla legge che evitava loro di essere privati dei figli minori di sette anni se si fossero trasferiti in un paese cristiano. Marsiglia e Livorno, la Linguadoca e lo stato veneto furono alcune delle prime destinazioni dei profughi anche perché essi preferirono in genere raggiungere poi il Levante per via terra e evitare il mare, infestato da pirati e corsari. Già nel 1557 un centinaio di musulmani spagnoli, dopo essere arrivati via terra a Venezia, avevano qui tentato di trovare un imbarco per raggiungere Costantinopoli, ma erano stati fermati su richiesta dell’ambasciatore spagnolo, per cui il sultano stesso era intervenuto chiedendo per loro libertà di transito fino alla città che avevano scelto come nuova dimora (l8°). Sul trono ottomano sedeva dal 1603 Ahmed I, un sultano pio, fedele alFIslam, che si dimostrò sensibile alla tragedia di queste migliaia di correligionari. Essendo impossibile un suo intervento militare egli fece del suo meglio per interessare i governi di Marocco, Francia, Inghilterra e Venezia a occuparsi del problema sia accogliendo i profughi, sia permettendo che questi transitassero per i loro stati.",0,1
38648,58e4ce00fe7683152b55e34f,595f9e39fe7683316b2dd4bc,"<Article: ""Il Castello di Lendinara sotto il Dominio Veneto"" in ""Ateneo veneto"", 137(None) 1953, internal_id=RAV0164473:1953_137:11>","M. Sañudo, Itinerario per la terra di Venezia nel 1483, Padova, 1847.",59e23a5388316162133fa0af,5960ad99fe7683681f0e83be,"<Book: Il leone, l'aquila e la gatta : Venezia e la Lega di Cambrai,  Il Poligrafo, \2002, 2002, ISBN: 88-7115-197-6>","M. SAÑUDO, Itinerario [...] per la Terraferma veneziana nell'anno  MCCCCLXXXIU, Padova 1847,",0,1
45311,58e4ce00fe7683152b55e34f,595f9e39fe7683316b2dd4bc,"<Article: ""Il Castello di Lendinara sotto il Dominio Veneto"" in ""Ateneo veneto"", 137(None) 1953, internal_id=RAV0164473:1953_137:11>","M. Sañudo, Itinerario per la terra di Venezia nel 1483, Padova, 1847.",59e23a5388316162133fe524,59dc75a5fe76834059d447ca,"<Book: Intorno all'Olimpiade di Baldassare Galuppi ,  Edizioni di storia e letteratura,, 2010, ISBN: 978-88-6372-152-2>","PHILIPPE BRAUNSTEIN del Veneto e Oltralpe, specie lungo le arterie del grande commercio, dove si insediano trasportatori, locandieri, commercianti di ogni tipo, temporaneamente o definitivamente espatriati. Dalla montagna a Venezia, la via era dunque aperta a tutti quelli che volevano sfruttare le loro competenze in diversi mestieri, dalla produzione artigianale al commercio, dai servizi necessari a un gran porto fino all’organizzazione della criminalità. In ogni modo l’affluenza di tedeschi a Venezia nel Trecento e nel Quattrocento dà il segno di una crescita delle imprese industriali (tessile, metallurgia) che attirano una popolazione di immigranti in città; niente di strano quindi, se viaggiatori come Felix Fabri si sentono accolti in questa città da una vera e propria ‘Germania di Venezia’. Nel 1483 il domenicano scende in un albergo tedesco e scrive: «tutta la casa, l’ospite, la sua moglie, gli impiegati, le serve, tutti parlavano tedesco e non si udiva nessuna parola italiana... Anche il cane, che riconosce i tedeschi, ma urla contro italiani, francesi, greci e slavi!» Si potrebbero moltiplicare gli esempi di descrizione della Venezia germanica attraverso la letteratura degli osservatori stranieri, soprattutto tedeschi, che esprimono la loro gioia di ritrovarsi nella grande città in una comunanza di lingua e di attitudini nel mondo dei tedeschi residenti. Evocare il Fondaco dei Tedeschi permette di capire d’un tratto la posizione ufficiale del governo sulla presenza dei mercanti del nord e di entrare nell’organizzazione della casa che ospitava mercanti con le loro merci. Come vivevano questi tedeschi, aperti sul mondo mediterraneo e rinchiusi sotto controllo tra i muri dell’edificio? È ben nota la ripercussione che il periplo del Capo di Buona Speranza ebbe sulla coscienza collettiva dei veneziani. AU’indomani deU’allarme suscitato dalla notizia, Girolamo Priuli, attento osservatore della situazione economica, pronuncia questa rassicurante affermazione riferendosi ai destini della sua città: «tedeschi e veneziani, noi siamo una cosa sola, perchè antico è il nostro rapporto commerciale. ..», una maniera per dire che fino a quando i tedeschi sarebbero andati a Venezia, piuttosto che ad Anversa, Londra o Lisbona, la loro presenza sarebbe stata garanzia di",0,1
81706,58e4ce00fe7683152b55e34f,595f9e39fe7683316b2dd4bc,"<Article: ""Il Castello di Lendinara sotto il Dominio Veneto"" in ""Ateneo veneto"", 137(None) 1953, internal_id=RAV0164473:1953_137:11>","M. Sañudo, Itinerario per la terra di Venezia nel 1483, Padova, 1847.",59e23a54883161621341a63e,59dc74c0fe768340301bea49,"<Book: Gian Francesco d'Asola e la tipografia aldina : la vita, le edizioni, la biblioteca dell'asolano,  Sagep, \1998, 1998, ISBN: 88-7058-679-0>","Gasparo Contarmi (Venezia 1483-Bologna 1542),2 patrizio veneto, futuro ambasciatore, vescovo e cardinale, appartenente ad una delle famiglie più illustri della Repubblica.3 Il volume pubblicato subito dopo, Ovidio, Heroides (mag. 1515), [n° 4], fu dedicato da Andrea d’Asola a Bernardo Dovizi (Bibbiena 1470-Roma 1520),4 da poco nominato cardinale da Leone X (1513), un personaggio la cui fama, sia di uomo politico che di letterato, aveva valicato i confini della Repubblica. I. Nel 1499 Gian Giacomo Trivulzio",0,1
8938,58e4ce00fe7683152b55e34f,595f9e39fe7683316b2dd4bc,"<Article: ""Il Castello di Lendinara sotto il Dominio Veneto"" in ""Ateneo veneto"", 137(None) 1953, internal_id=RAV0164473:1953_137:11>","M. Sañudo, Itinerario per la terra di Venezia nel 1483, Padova, 1847.",59e23a54883161621342e300,59dc74a5fe768340301be931,"<Book: Storia dell'architettura di Venezia dal 7. al 20. secolo,  Electa,, 2004, ISBN: 88-435-7556-2>","Sañudo, Itinerario per la Terraferma veneziana, Padova 1847, pp. 143-146;",0,1
11357,58e4ce00fe7683152b55e34f,595f9e39fe7683316b2dd4bc,"<Article: ""Il Castello di Lendinara sotto il Dominio Veneto"" in ""Ateneo veneto"", 137(None) 1953, internal_id=RAV0164473:1953_137:11>","M. Sañudo, Itinerario per la terra di Venezia nel 1483, Padova, 1847.",59e23a548831616213430083,5960a10cfe768367640e8370,"<Book: La pittura nell'eta di Carpaccio : i grandi cicli narrativi,  Albrizzi, , 1992, ISBN: 88-317-5673-7>","sañudo m., Vitae Ducum Venetorum, a cura di L. Muratori, in Rerum Italicarum Scriptores, v.s., xxii, Milano 1733 sañudo m ., I commentarti della guerra di Ferrara, a cura di P. Bettio, Venezia 1829 sañudo m., L’Itinerario di Marin Sañudo per la terraferma veneziana nell’anno MCCCCLXXXiii, Padova 1847",0,1
13604,58e4ce00fe7683152b55e34f,595f9e39fe7683316b2dd4bc,"<Article: ""Il Castello di Lendinara sotto il Dominio Veneto"" in ""Ateneo veneto"", 137(None) 1953, internal_id=RAV0164473:1953_137:11>","M. Sañudo, Itinerario per la terra di Venezia nel 1483, Padova, 1847.",59e23a5488316162134318a4,59622a51fe7683215b212698,"<Book: Patrizi e cardinali : Venezia e le istituzioni ecclesiastiche nella prima eta moderna,  Angeli,, 2010, ISBN: 978-88-568-3155-9>","Sañudo M., itinerario*per la terraferma veneziana nell’anno 1483, a c. di R. Brown, Padova, Tipografia del Seminario, 1847.",0,1
33196,58e4ce00fe7683152b55e34f,595f9e39fe7683316b2dd4bc,"<Article: ""Il Castello di Lendinara sotto il Dominio Veneto"" in ""Ateneo veneto"", 137(None) 1953, internal_id=RAV0164473:1953_137:11>","M. Sañudo, Itinerario per la terra di Venezia nel 1483, Padova, 1847.",59e23a58883161621344041c,59dc74cefe768340301bead9,"<Book: L'amministrazione del territorio sotto la Repubblica di Venezia: gli archivi delle comunita e dei rettori,  Provincia di Rovigo,, 2001>","R. Fulin, Frammento inedito dell’itinerario in terra ferma di Marino Sañudo, «Archivio veneto», 43 (1881), p. 23-24.",0,1
43713,58e4ce00fe7683152b55e34f,595f9e39fe7683316b2dd4bc,"<Article: ""Il Castello di Lendinara sotto il Dominio Veneto"" in ""Ateneo veneto"", 137(None) 1953, internal_id=RAV0164473:1953_137:11>","M. Sañudo, Itinerario per la terra di Venezia nel 1483, Padova, 1847.",59e23a588831616213448447,595fb7e1fe76834e59f6c02c,"<Book: Mestre : storia, territorio, struttura della terraferma veneziana,  Arsenale, stampa, 1977>","Sañudo], Itinerario di Marin Sanato per la terraferma veneziana nell'anno MCCCCLXXX1II, Padova 1847",0,1
51779,58e4ce00fe7683152b55e34f,595f9e39fe7683316b2dd4bc,"<Article: ""Il Castello di Lendinara sotto il Dominio Veneto"" in ""Ateneo veneto"", 137(None) 1953, internal_id=RAV0164473:1953_137:11>","M. Sañudo, Itinerario per la terra di Venezia nel 1483, Padova, 1847.",59e23a58883161621344e2ff,595ff784fe76835595f6c027,"<Book: Storia della Repubblica di Venezia : dalla guerra di Chioggia alla riconquista della terraferma,  UTET libreria,, 1986, ISBN: 88-7750-192-8>","e soprattutto, dello stesso Sañudo, Itinerario per la Terraferma veneziana nell'anno 1483, Tipografia del Seminario, Padova 1847.",0,1
74159,58e4ce00fe7683152b55e34f,595f9e39fe7683316b2dd4bc,"<Article: ""Il Castello di Lendinara sotto il Dominio Veneto"" in ""Ateneo veneto"", 137(None) 1953, internal_id=RAV0164473:1953_137:11>","M. Sañudo, Itinerario per la terra di Venezia nel 1483, Padova, 1847.",59e23a59883161621345f10f,59dc75adfe76834059d4481c,"<Book: Venezia '700 : arte e società nell'ultimo secolo della Serenissima,  Sassi,, 2011, ISBN: 978-88-96045-29-9>","V. Coronelli, Guida de’ forestieri per succintamente osservare tutto il più riguardevole nella città di Venetia colla di lei pianta per passeggiarla in gondola e per terra [...], Venezia 1697. V. Coronelli, Guida de’ forestieri sacro-profana per osservare il più ragguardevole nella città di Venetia colla di lei pianta per passeggiarla in gondola e per terra [...], Venezia 1700.",0,1
75214,58e4ce00fe7683152b55e34f,595f9e39fe7683316b2dd4bc,"<Article: ""Il Castello di Lendinara sotto il Dominio Veneto"" in ""Ateneo veneto"", 137(None) 1953, internal_id=RAV0164473:1953_137:11>","M. Sañudo, Itinerario per la terra di Venezia nel 1483, Padova, 1847.",59e23a59883161621345fbca,59dc74bffe768340301bea3b,"<Book: Recherches sur la Mediterranee orientale du 12. au 15. siecle : peuples, societe, economies,  Variorum reprints,, 1979, ISBN: 0860780503>","Sanuto, Itinerario per la terra ferma veneziana nell’anno 1483,  Padova 1847, p. 117:",0,1
7743,58e4ce00fe7683152b55e34f,595f9e39fe7683316b2dd4bc,"<Article: ""Il Castello di Lendinara sotto il Dominio Veneto"" in ""Ateneo veneto"", 137(None) 1953, internal_id=RAV0164473:1953_137:11>","M. Sañudo, Itinerario per la terra di Venezia nel 1483, Padova, 1847.",59e23a598831616213476c13,59dc7549fe76834059d44448,"<Book: Antichi scrittori d'idraulica veneta, , 1987>","Sañudo, Itinerario per la Terra ferma veneziana nell’anno 1483, Padova, Seminario, 1847 p. 129).",0,1
7801,58e4ce00fe7683152b55e34f,595f9e39fe7683316b2dd4bc,"<Article: ""Il Castello di Lendinara sotto il Dominio Veneto"" in ""Ateneo veneto"", 137(None) 1953, internal_id=RAV0164473:1953_137:11>","M. Sañudo, Itinerario per la terra di Venezia nel 1483, Padova, 1847.",59e23a598831616213476d0d,59dc7549fe76834059d44448,"<Book: Antichi scrittori d'idraulica veneta, , 1987>","Rawdon Brown, nell’ illustrazione dell 'Itineràrio in Terraferma dell'anno /483 di Marín Sañudo (Padova, Seminario, 1847, p. XI, n. 12) avendo il Sañudo chiamato questo ingegnere col solo nome di Dionisio, architettò una lunga, laboriosa congettura per indovinare chi fosse e fini col concludere",0,1
19137,58e4ce00fe7683152b55e34f,595f9e39fe7683316b2dd4bc,"<Article: ""Il Castello di Lendinara sotto il Dominio Veneto"" in ""Ateneo veneto"", 137(None) 1953, internal_id=RAV0164473:1953_137:11>","M. Sañudo, Itinerario per la terra di Venezia nel 1483, Padova, 1847.",59e2c59d88316171ebb36bfa,595fe574fe768352def6c040,"<Book: Venezia scena dell'ultimo dialogo umanista : l'Heptaplomeres di Jean Bodin (ca. 1590),  Centro tedesco di studi veneziani,, 1984>","altera Roma? Ipotesi sull’umanesimo veneziano, «Centro tedesco di studi veneziani. Quaderni» 10 (Venezia 1978). 22Tre esempi dell’elogio: Montaigne dice a proposito del suo amico Etienne de la Boétie, fervido repubblicano e autore del De la servitude volontaire·. « Et sçay d’avantage que, s’il eut eu à choisir, il eut mieux aimé estre nay à Venise qu’à Sarlac; et avec raison » ( Essais I 28, p. 193 Thibaudet), - Guillaume Postel, di cui si parlerà più sotto, pubblica nel 1555 a Padova un libro col titolo II libro della divina ordinatione, dove si tratta delle cose miracolose, le quali sono state e sino al fine hanno da essere in Venetia et principalmente per laquale Iddio fin qui babbi havuto più cura di Venetia, che di tutto quanto il mondo insieme. - Du  Bartas, il poeta della Sepmaine, parlando dello Stato delle api, dice che tra tutti gli Stati sulla terra, Venezia (« ..",0,1
37489,58e4ce00fe7683152b55e34f,595f9e39fe7683316b2dd4bc,"<Article: ""Il Castello di Lendinara sotto il Dominio Veneto"" in ""Ateneo veneto"", 137(None) 1953, internal_id=RAV0164473:1953_137:11>","M. Sañudo, Itinerario per la terra di Venezia nel 1483, Padova, 1847.",59e2c59d88316171ebb44f2d,596229e9fe76832151212692,"<Book: Cyprus, the Franks and Venice, 13th-16th centuries,  Ashgate Variorum, , 2000, ISBN: 0860788245 (ERR. 5 isbn di 11 cifre)>","de Aveiro, Itinerario da Terra Sancta (Coimbra, 1927), p. 65.",0,1
44898,58e4ce00fe7683152b55e34f,595f9e39fe7683316b2dd4bc,"<Article: ""Il Castello di Lendinara sotto il Dominio Veneto"" in ""Ateneo veneto"", 137(None) 1953, internal_id=RAV0164473:1953_137:11>","M. Sañudo, Itinerario per la terra di Venezia nel 1483, Padova, 1847.",59e2c59d88316171ebb4a967,59dc7567fe76834059d44573,"<Book: Venise: une invention de la ville : 13.-15. siecle,  Champ Vallon,  1997, 1997, ISBN: 2876732548>","B. de Breydenbach, Le Saint Voiage et pèlerinage de la cité sainete de Hierusalem, 1489- 3.G. Capodilista, Itinerario di Terra Santa , circa 1475, Pérouse ?, B. N. Marciana, Incun. 1206 ; Il viaggio in Terra Santa del Sanseverino, G. Maruffì éd., Scelta di curiosità letterarie inedite o rare dal secolo XIII al XVII, Bologne, 1888",0,1
45099,58e4ce00fe7683152b55e34f,595f9e39fe7683316b2dd4bc,"<Article: ""Il Castello di Lendinara sotto il Dominio Veneto"" in ""Ateneo veneto"", 137(None) 1953, internal_id=RAV0164473:1953_137:11>","M. Sañudo, Itinerario per la terra di Venezia nel 1483, Padova, 1847.",59e2c59d88316171ebb4ab32,59dc7567fe76834059d44573,"<Book: Venise: une invention de la ville : 13.-15. siecle,  Champ Vallon,  1997, 1997, ISBN: 2876732548>","Breydenbach B. de, Le Saint Voiage et pèlerinage de la cité sainete de Hierusalem, s. 1., 1489· Capodilista Gabriele, Itinerario di Terra Santa, circa",0,1
47238,58e4ce00fe7683152b55e34f,595f9e39fe7683316b2dd4bc,"<Article: ""Il Castello di Lendinara sotto il Dominio Veneto"" in ""Ateneo veneto"", 137(None) 1953, internal_id=RAV0164473:1953_137:11>","M. Sañudo, Itinerario per la terra di Venezia nel 1483, Padova, 1847.",59e2c59d88316171ebb4c326,59dc75c7fe76834059d44910,"<Book: Historiae : scritti per Gherardo Ortalli,  Ca' Foscari,, 2013, ISBN: 978-88-97735-38-0>","Sañudo, Itinerario per la Tèrraferma veneziana nell'anno 1483, Padova, Seminario, 1847, p. 107.",0,1
58131,58e4ce00fe7683152b55e34f,595f9e39fe7683316b2dd4bc,"<Article: ""Il Castello di Lendinara sotto il Dominio Veneto"" in ""Ateneo veneto"", 137(None) 1953, internal_id=RAV0164473:1953_137:11>","M. Sañudo, Itinerario per la terra di Venezia nel 1483, Padova, 1847.",59e2c59d88316171ebb53734,5960bf05fe768369300e8392,"<Book: Le biblioteche del Monastero di San Giorgio Maggiore,  L. S. Olschki,, 1976>","GIORGIO RAVEGNANI Alexandri Geraldini Opuscula de Romae laudibus, de pontiff. gestis etc. Versi in lode di S. Benedetto. Carattere antico. Scripturae variae congr. casin. Caesaris Cremonini Testamentum. Congr. casin. monaster, liber taxarum. —Lettera di una defunta monaca di Vicenza alla sua abadessa. Donati Janochii Historiae ecclesiasticae epitome. Florentinae abbatiae historiola. Fortunato Olmo abate Della traslazione di S. Niccolò Magno. —Historia Veneta. -— Translatio S. Stephani Protomartiris.2 $·■ —Historia monasterii S. Georgii. Autog. scriptum. In tres libros dividitur, desinit anno quo obiit Sebastianus Ziani dux Venetiarum.3 Langobardorum Historia. De Maffeia familia Veronensi per Iulium Roscium Hortinum. Marino Sanuto Itinerario di terra ferma.",0,1
60897,58e4ce00fe7683152b55e34f,595f9e39fe7683316b2dd4bc,"<Article: ""Il Castello di Lendinara sotto il Dominio Veneto"" in ""Ateneo veneto"", 137(None) 1953, internal_id=RAV0164473:1953_137:11>","M. Sañudo, Itinerario per la terra di Venezia nel 1483, Padova, 1847.",59e2c59d88316171ebb55794,5988a73cc12c607d121e58d1,"<Book: Ambiente veneziano, ambiente veneto : saggi su politica, società, cultura nella Repubblica di Venezia in età moderna,  Marsilio, \1997, 1997, ISBN: 88-317-6709-7>","M. Sañudo, Itinerario per la Terraferma veneziana nell’anno MCCCCLXXX1II, a cura di R. Brown, Padova 1847,",0,1
74825,58e4ce00fe7683152b55e34f,595f9e39fe7683316b2dd4bc,"<Article: ""Il Castello di Lendinara sotto il Dominio Veneto"" in ""Ateneo veneto"", 137(None) 1953, internal_id=RAV0164473:1953_137:11>","M. Sañudo, Itinerario per la terra di Venezia nel 1483, Padova, 1847.",59e2c59e88316171ebb60795,59dc7553fe76834059d444a1,"<Book: War, culture and society in Renaissance Venice : essays in honour of John Hale,  The Hambledon press,, 1993, ISBN: 1852850906>","Sañudo, Itinerario di Marino Sañudo per la terraferma veneziana nel 1483, ed. Rawdon Brown (Padua, 1847), p. 100.",0,1
75289,58e4ce00fe7683152b55e34f,595f9e39fe7683316b2dd4bc,"<Article: ""Il Castello di Lendinara sotto il Dominio Veneto"" in ""Ateneo veneto"", 137(None) 1953, internal_id=RAV0164473:1953_137:11>","M. Sañudo, Itinerario per la terra di Venezia nel 1483, Padova, 1847.",59e2c59e88316171ebb60de5,59dc7553fe76834059d444a1,"<Book: War, culture and society in Renaissance Venice : essays in honour of John Hale,  The Hambledon press,, 1993, ISBN: 1852850906>","Sañudo, Itinerario . . . per la Terraferma veneziana nell’anno 1483, ed. Rawdon Brown (Padua, 1847), pp. 134",0,1
86884,58e4ce00fe7683152b55e34f,595f9e39fe7683316b2dd4bc,"<Article: ""Il Castello di Lendinara sotto il Dominio Veneto"" in ""Ateneo veneto"", 137(None) 1953, internal_id=RAV0164473:1953_137:11>","M. Sañudo, Itinerario per la terra di Venezia nel 1483, Padova, 1847.",59e2c59e88316171ebb6a007,59dc74b9fe768340301be9fb,"<Book: Espaces, pouvoir et société à Venise à la fin du Moyen Âge,  nella sede dell'Istituto,, 1992>","Capodilista G., Itinerario di Terra Santa circa 1475, Pérouse?, B. N. Marciana, Incun. 1206.",0,1
93546,58e4ce00fe7683152b55e34f,595f9e39fe7683316b2dd4bc,"<Article: ""Il Castello di Lendinara sotto il Dominio Veneto"" in ""Ateneo veneto"", 137(None) 1953, internal_id=RAV0164473:1953_137:11>","M. Sañudo, Itinerario per la terra di Venezia nel 1483, Padova, 1847.",59e2c59e88316171ebb70679,59dc756dfe76834059d445ab,"<Book: Da Palazzo ducale : studi sul Quattro-Settecento veneto,  Marsilio, \1999, 1999, ISBN: 88-317-7152-3>","Marin Sañudo, Itinerario per la terraferma veneziana nell’anno 1483, a cura di R. Brown, Padova 1847, p. 143;",0,1
1161,58e4ce00fe7683152b55e34f,595f9e39fe7683316b2dd4bc,"<Article: ""Il Castello di Lendinara sotto il Dominio Veneto"" in ""Ateneo veneto"", 137(None) 1953, internal_id=RAV0164473:1953_137:11>","M. Sañudo, Itinerario per la terra di Venezia nel 1483, Padova, 1847.",59e2c59e88316171ebb7685c,595ffc1cfe768355bcf6c055,"<Book: Venedig: die Kunst der Renaissance : Architektur, Skulptur, Malerei, 1460-1590,  C.H. Beck, , 1986, ISBN: 3406311083>","Sañudo, Marin: Itinerario per la terraferma veneziana nell’anno 1483, Padova 1847",0,1
2600,58e4ce00fe7683152b55e34f,595f9e39fe7683316b2dd4bc,"<Article: ""Il Castello di Lendinara sotto il Dominio Veneto"" in ""Ateneo veneto"", 137(None) 1953, internal_id=RAV0164473:1953_137:11>","M. Sañudo, Itinerario per la terra di Venezia nel 1483, Padova, 1847.",59e2c59e88316171ebb7803b,59dc74bbfe768340301bea13,"<Book: Storia di Venezia,  Mursia,, 1981>","DALLE ORIGINI AL 1400 prima della sua storia da attuare esclusivamente su terra, Venezia ingaggiò delle truppe mercenarie al comando dei due piu noti condottieri del momento, Guido di Montecchio di Verona con la cavalleria e Alberto Bragacurta con la fanteria.",0,1
35529,58e4ce00fe7683152b55e34f,595f9e39fe7683316b2dd4bc,"<Article: ""Il Castello di Lendinara sotto il Dominio Veneto"" in ""Ateneo veneto"", 137(None) 1953, internal_id=RAV0164473:1953_137:11>","M. Sañudo, Itinerario per la terra di Venezia nel 1483, Padova, 1847.",59e2c5a988316171ebb9250d,59dc7568fe76834059d44584,"<Book: Punta San Giobbe : storia e cronaca di un lembo di Venezia,  Associazione macellai, [1997, 1997>","Marín Sañudo, De origine, situ et magistratibus urbis Venetae, ovvero la città di Venezia (1483-1530), a c. di E. Caracciolo Aricó, Milano 1980, pp. 48 e sgg., 169, 226;",0,1
63310,58e4ce00fe7683152b55e34f,595f9e39fe7683316b2dd4bc,"<Article: ""Il Castello di Lendinara sotto il Dominio Veneto"" in ""Ateneo veneto"", 137(None) 1953, internal_id=RAV0164473:1953_137:11>","M. Sañudo, Itinerario per la terra di Venezia nel 1483, Padova, 1847.",59e2c5a988316171ebba8f31,59dc757afe76834059d4464c,"<Book: Santa Maria dei Miracoli a Venezia : la storia, la fabbrica, i restauri,  Istituto Veneto di Scienze Lettere ed Arti, stampa, 2003, ISBN: 88-88143-21-1>","M. Sañudo,  Itinerario di Marin Sañudo per la terraferma veneziana nell'anno MCCCCLXXXIII, a cura di R. Brown, Padova, 1847, pp. 143-145;",0,1
70729,58e4ce00fe7683152b55e34f,595f9e39fe7683316b2dd4bc,"<Article: ""Il Castello di Lendinara sotto il Dominio Veneto"" in ""Ateneo veneto"", 137(None) 1953, internal_id=RAV0164473:1953_137:11>","M. Sañudo, Itinerario per la terra di Venezia nel 1483, Padova, 1847.",59e2c5a988316171ebbad5e1,59dc74dbfe768340301beb3f,"<Book: Tra Venezia e terraferma : per la storia del Veneto regione del mondo,  Viella,, 2009, ISBN: 978-88-8334-396-4>","LAUDATIO PER GABRIELE DE ROSA 1.Non paia strano che sia un medievista - un medievista con interessi apparentemente lontani da quelli di uno studioso di storia moderna e contemporanea come Gabriele De Rosa - a tracciarne il profilo. A parte che lo stesso De Rosa è stato per certi versi, come si vedrà, anche un medievista, almeno due sono le ragioni che possono legittimare il mio intervento: prima, l’essere entrambi cresciuti nella devozione al documento e al lavoro d’archivio; seconda, l’essere entrambi innamorati anche, se non soprattutto, della storia sociale e religiosa del Veneto, più precisamente della Terraferma Veneta, e in particolare di Vicenza. Aggiungo anzi - e ciò senz’ombra di campanilismo - che è quest’ultima consonanza - l’interesse appunto per il passato di una regione intensa e inquietante come il Veneto - a dare un senso al mio intervento e a dettarne in qualche modo il filo conduttore. Difatti, se è normale che chi, come me, nato e cresciuto in una conca del territorio vicentino, in faccia al Pasubio, si occupi di Terraferma Veneta, resta tutto da spiegare perchè se ne occupi uno come De Rosa nato invece e vissuto in tutt’altra parte d’Italia. Per lui, evidentemente, l’approdo al Veneto fu una scelta precisa: una scelta che veniva da lontano e che ha portato - credo lo si possa già dire - ancora più lontano. Capire perchè uno studioso come De Rosa è approdato, a un certo punto del suo lungo e complesso itinerario, alla terra veneta, ha messo radici a Vicenza, ed è diventato quasi un vicentino - lo fece anche un altro grande studioso, Gilles-Gérard Meersseman, che risiedeva spesso presso la parrocchia di S. Agostino di Vicenza e mi dedicava i suoi estratti con un affettuoso Comprovinciali meo -: questo mi è sembrato un tema attraente per la Laudatio che il Sindaco di Vicenza mi ha chiesto di pronunciare in questa occasione. 2.Il Comune di Vicenza assegna quest’anno la medaglia d’oro - un alto riconoscimento riservato a chi, con il suo lavoro, ha onorato e servito la città * Medaglia d’oro della città di Vicenza a Gabriele De Rosa, Vicenza 16 gennaio 1998, pp. 29-58; ri-pubblicato con poche modifiche e con titolo diverso, Uno storico dell’Italia religiosa: Gabriele De Rosa, in G. De Rosa, Tempo religioso e tempo storico, ni, Roma 1998, pp. xv-xli. 729",0,1
86186,58e4ce00fe7683152b55e34f,595f9e39fe7683316b2dd4bc,"<Article: ""Il Castello di Lendinara sotto il Dominio Veneto"" in ""Ateneo veneto"", 137(None) 1953, internal_id=RAV0164473:1953_137:11>","M. Sañudo, Itinerario per la terra di Venezia nel 1483, Padova, 1847.",59e2c5aa88316171ebbb93f4,59dc750bfe76834059d441f2,"<Book: I tempi di Giorgione,  Gangemi, stampa, 1994, ISBN: 88-7448-432-1>","1847 BROWN R„ [a cura di], Marin Sañudo, Itine rario per la Terraferma veneziana nell'anno 1483, Padova,    _",0,1
2084,58e4ce00fe7683152b55e34f,595f9e39fe7683316b2dd4bc,"<Article: ""Il Castello di Lendinara sotto il Dominio Veneto"" in ""Ateneo veneto"", 137(None) 1953, internal_id=RAV0164473:1953_137:11>","M. Sañudo, Itinerario per la terra di Venezia nel 1483, Padova, 1847.",59e2c5aa88316171ebbc4bac,59dc74a7fe768340301be945,"<Book: 3: Dal primo Quattrocento al Concilio di Trento. -,  N. Pozza, °1981, 1981>","R.  Fulin, Frammento inedito dell’itinerario in terra ferma di Marino Sanato, « Archivio Veneto », XXII (1881), pp. 1-48.",0,1
6749,58e4ce00fe7683152b55e34f,595f9e39fe7683316b2dd4bc,"<Article: ""Il Castello di Lendinara sotto il Dominio Veneto"" in ""Ateneo veneto"", 137(None) 1953, internal_id=RAV0164473:1953_137:11>","M. Sañudo, Itinerario per la terra di Venezia nel 1483, Padova, 1847.",59e2c5aa88316171ebbc7aa8,59dc74defe768340301beb5b,"<Book: L'Europa e la Serenissima : la svolta del 1509  nel 5. centenario della battaglia di Agnadello,  Istituto Veneto di Scienze Lettere ed Arti,, 2011, ISBN: 978-88-95996-25-7>","GINO BENZONI ricettive ad una parola amica. I tempi sono tali da recitare la litania - già di Anne du Bourg, consigliere del parlamento di Parigi; e citata da Sar-pi, in una lettera del 28 aprile 1609 a Jerome Groslot de l’Isle - Sancte Turce, libera nos. Da chi? Dal re di Francia, da Massimiliano, da Giulio IL Di quest’ultimo Pietro Bembo riferisce, il 23 gennaio 1510, in Collegio, che pare manifesti un minimo di «volunta» d’«aiutar questa terra», Venezia, naturalmente purché «compiaciuto di le cosse» da lui «richieste». Chissà quanto costerà compiacerlo? Meglio, per taluno, il sultano, disposto all’aiuto senza chiedere niente in cambio; «il signor turcho ne voy aiutar»; vuol «proveder - così una lettera del 16 gennaio 1510 - «a la conservation nostra e soa insieme». Ma «non [...] d’accordo» il Collegio nell’autorizzare il bailo ad una trattativa in tal senso.",0,1
13803,58e4ce00fe7683152b55e34f,595f9e39fe7683316b2dd4bc,"<Article: ""Il Castello di Lendinara sotto il Dominio Veneto"" in ""Ateneo veneto"", 137(None) 1953, internal_id=RAV0164473:1953_137:11>","M. Sañudo, Itinerario per la terra di Venezia nel 1483, Padova, 1847.",59e2c5aa88316171ebbcc12f,59dc74a7fe768340301be944,"<Book: 3: Dal primo Quattrocento al Concilio di Trento. -,  N. Pozza, °1980, 1980>","Marin Sañudo nel suo Itinerario per la terraferma veneziana nell’anno 148), Padova 1847, p. 109:",0,1
31350,58e4ce00fe7683152b55e34f,595f9e39fe7683316b2dd4bc,"<Article: ""Il Castello di Lendinara sotto il Dominio Veneto"" in ""Ateneo veneto"", 137(None) 1953, internal_id=RAV0164473:1953_137:11>","M. Sañudo, Itinerario per la terra di Venezia nel 1483, Padova, 1847.",59e332f68831617f5edd97a3,59622ad0fe7683214f2126c9,"<Book: Mestre : paesaggio agrario, proprieta e conduzione di una podesteria nella prima meta del secolo 16.,  Fondazione Benetton studi ricerche,, 1999, ISBN: 88-87061-62-9>","Sañudo, Itinerario di Marin Sañudo per la terraferma veneziana nell’anno MCCCCLXXXIII, Padova 1847, p. 117.",0,1
31669,58e4ce00fe7683152b55e34f,595f9e39fe7683316b2dd4bc,"<Article: ""Il Castello di Lendinara sotto il Dominio Veneto"" in ""Ateneo veneto"", 137(None) 1953, internal_id=RAV0164473:1953_137:11>","M. Sañudo, Itinerario per la terra di Venezia nel 1483, Padova, 1847.",59e332f68831617f5edd9c49,59622ad0fe7683214f2126c9,"<Book: Mestre : paesaggio agrario, proprieta e conduzione di una podesteria nella prima meta del secolo 16.,  Fondazione Benetton studi ricerche,, 1999, ISBN: 88-87061-62-9>","Sañudo, M., Itinerario di Marin Sañudo per la terraferma veneziana nell’anno MCCCCLXXXIII, Padova 1847.",0,1
33765,58e4ce00fe7683152b55e34f,595f9e39fe7683316b2dd4bc,"<Article: ""Il Castello di Lendinara sotto il Dominio Veneto"" in ""Ateneo veneto"", 137(None) 1953, internal_id=RAV0164473:1953_137:11>","M. Sañudo, Itinerario per la terra di Venezia nel 1483, Padova, 1847.",59e332f68831617f5eddb16e,59dc75c5fe76834059d448ef,"<Book: Abbondia Borgo Cazoxana : la nascita delle frazioni miresi,  Arsenale, stampa, 1985>","—SAÑUDO M., Itinerario nella terraferma veneziana nell’anno 1483, a cura di Brown R., Padova 1847.",0,1
37627,58e4ce00fe7683152b55e34f,595f9e39fe7683316b2dd4bc,"<Article: ""Il Castello di Lendinara sotto il Dominio Veneto"" in ""Ateneo veneto"", 137(None) 1953, internal_id=RAV0164473:1953_137:11>","M. Sañudo, Itinerario per la terra di Venezia nel 1483, Padova, 1847.",59e332f68831617f5edde3cc,59621ddafe76832067212695,"<Book: Repertorio di storiografia veneziana : testi e studi,  Il poligrafo, \1998, 1998, ISBN: 88-7115-096-1>","Sañudo Marin, Itinerario di M.S. per la Terraferma veneziana nell’anno MCCCCLXXXIII, a cura di Brown Raw-don L., Padova 1847;",0,1
63158,58e4ce00fe7683152b55e34f,595f9e39fe7683316b2dd4bc,"<Article: ""Il Castello di Lendinara sotto il Dominio Veneto"" in ""Ateneo veneto"", 137(None) 1953, internal_id=RAV0164473:1953_137:11>","M. Sañudo, Itinerario per la terra di Venezia nel 1483, Padova, 1847.",59e332f68831617f5edef8da,5960e671fe76836c970e8384,"<Book: La grande Venezia : una metropoli incompiuta tra Otto e Novecento,  Marsilio,, 2002, ISBN: 88-317-8010-7>","G. Ernesti, Venezia da terra, Venezia da mar..., cit., p. 15.",0,1
86355,58e4ce00fe7683152b55e34f,595f9e39fe7683316b2dd4bc,"<Article: ""Il Castello di Lendinara sotto il Dominio Veneto"" in ""Ateneo veneto"", 137(None) 1953, internal_id=RAV0164473:1953_137:11>","M. Sañudo, Itinerario per la terra di Venezia nel 1483, Padova, 1847.",59e332f78831617f5edfffe0,5960013ffe7683560ff6c050,"<Book: Venezia e il turco nella seconda meta del secolo 17.,  Stab. tip. G. Civelli,, 1902>","Candía, ed afforzato invece l’esercito di terra. A Venezia era, per tacito consenso, affidato principalmente il peso della guerra marittima, mentre la campagna cominciò per terra con le scorrerie dei Morlacchi in Bosnia e del provveditor di Cattare su quel di CastelnuovoPer mare il Morosini si volse subito a S. Maura®, che si ámese dopo sedici giorni; lo Strasoldo alla Pre-vesa, che fu sua alla fine del Settembre ; e i Turchi correvano l’Arcipelago senza scopo determinato e senza successi importanti, poiché dovevano ora difendersi, non più assalire, e la linea di difesa era ben lunga : da Caminietz a Coron ; ed Austria e Venezia erano tuttora un nemico formidabile. Morlacchi, Mainotti, Cimerioti ed Albanesi,",0,1
91064,58e4ce00fe7683152b55e34f,595f9e39fe7683316b2dd4bc,"<Article: ""Il Castello di Lendinara sotto il Dominio Veneto"" in ""Ateneo veneto"", 137(None) 1953, internal_id=RAV0164473:1953_137:11>","M. Sañudo, Itinerario per la terra di Venezia nel 1483, Padova, 1847.",59e332f78831617f5ee03cb5,598875fbc12c6059501e58d1,"<Book: Atti del Convegno Venezia e la terraferma attraverso le relazioni dei rettori : Trieste, 23-24 ottobre 1980,  A. Giuffrè,, 1981>","Sañudo M., Itinerario per la terraferma veneziana nell’anno. MCCCCLXXXIII, Padova 1848.",0,1
92523,58e4ce00fe7683152b55e34f,595f9e39fe7683316b2dd4bc,"<Article: ""Il Castello di Lendinara sotto il Dominio Veneto"" in ""Ateneo veneto"", 137(None) 1953, internal_id=RAV0164473:1953_137:11>","M. Sañudo, Itinerario per la terra di Venezia nel 1483, Padova, 1847.",59e332f78831617f5ee04ca2,59dc74bcfe768340301bea1b,"<Book: Venice and the Veneto in the early Renaissance,  Ashgate Variorum, , 2000, ISBN: 086078813X>","Sañudo, Itinerario di Marino Sañudo per la terrdferma veneziana nel 1483, ed. Rawdon Brown (Padua, 1847), p. 100.",0,1
7637,58e4ce00fe7683152b55e34f,595f9e39fe7683316b2dd4bc,"<Article: ""Il Castello di Lendinara sotto il Dominio Veneto"" in ""Ateneo veneto"", 137(None) 1953, internal_id=RAV0164473:1953_137:11>","M. Sañudo, Itinerario per la terra di Venezia nel 1483, Padova, 1847.",59e332f88831617f5ee0f58f,595fd15bfe7683509bf6c0a9,"<Book: La civiltà veneziana del Trecento,  Sansoni,, 1956>","GIUSEPPE DE LUCA superstiti14. A Venezia la cronaca di Caterina da Siena divenne storia, perché si svolsero qui le assise del suo processo di santità. A Venezia il tomismo dovrà arroccarsi, per tener testa all’aver-roismo, e per tanto non desterà nessuna meraviglia se le edizioni più belle di Tommaso spunteranno qui tra Quattro e Cinquecento; come un laico veneziano, alla fine del Trecento, si copierà di sua mano una parte della Summa theologica 15, così Domenico Grimani tra Quattro e Cinquecento agli animosi editori fornirà dalla sua biblioteca privata gli uni e gli altri, i profani e i sacri, gli antichi e i nuovi: nova et vetera. A Venezia sul declinare del Trecento troviamo Demetrio Cidone, non soltanto nella sua Costantinopoli grosso scrittore, statista celebre, uomo di fede, ma scopritore in Oriente e traduttore di Tommaso d’Aquino16. Preparate da codesto fermento, a mezzo il Quattro-cento scoppieranno battaglie di pensiero vastissime e crudeli, nel tratto di terra tra Venezia, Padova, Ferrara, Bologna; noi persistiamo a ignorarle, perché roba in latino e",0,1
20959,58e4ce00fe7683152b55e34f,595f9e39fe7683316b2dd4bc,"<Article: ""Il Castello di Lendinara sotto il Dominio Veneto"" in ""Ateneo veneto"", 137(None) 1953, internal_id=RAV0164473:1953_137:11>","M. Sañudo, Itinerario per la terra di Venezia nel 1483, Padova, 1847.",59e332f88831617f5ee1a2b3,59dc75dafe76834059d44a03,"<Book: Le aristocrazie cittadine: evoluzione dei ceti dirigenti urbani nei secoli 15.-18.,  La musa Talia,, 2009, ISBN: 978-88-904052-1-1>","Savorgnan. 21 Marin Sañudo, Itinerario per la terraferma veneziana nell’anno MCCCCLXXXII1 , Padova 1847, p. 134.",0,1
26709,58e4ce00fe7683152b55e34f,595f9e39fe7683316b2dd4bc,"<Article: ""Il Castello di Lendinara sotto il Dominio Veneto"" in ""Ateneo veneto"", 137(None) 1953, internal_id=RAV0164473:1953_137:11>","M. Sañudo, Itinerario per la terra di Venezia nel 1483, Padova, 1847.",59e332f98831617f5ee1e10a,59dc758efe76834059d446f3,"<Book: Mestre archeologica : tracce di identita dal sottosuolo,  Comune, stampa, 2006>","Marin Sañudo nel suo Itinerario perla terraferma veneziana condotto nel 1483 (M. Sañudo, Itinerario per la terraferma veneziana nell’anno 1483, a c. di R. Brown, Padova, Tipografia del Seminario, 1847)",0,1
45247,58e4ce00fe7683152b55e34f,595f9e39fe7683316b2dd4bc,"<Article: ""Il Castello di Lendinara sotto il Dominio Veneto"" in ""Ateneo veneto"", 137(None) 1953, internal_id=RAV0164473:1953_137:11>","M. Sañudo, Itinerario per la terra di Venezia nel 1483, Padova, 1847.",59e332f98831617f5ee2bd64,59dc75a5fe76834059d447c1,"<Book: Dolo 1406-1581 : territorio, popolazione, attivita economiche alle origini di una comunita,  Comune,, 2010>","M. SAÑUDO, Itinerario per la Terraferma veneziana nell’anno MCCCCLXXXHI,  a cura di R. BROWN, Padova, tip. del Seminario, 1847, p. 22,",0,1
45376,58e4ce00fe7683152b55e34f,595f9e39fe7683316b2dd4bc,"<Article: ""Il Castello di Lendinara sotto il Dominio Veneto"" in ""Ateneo veneto"", 137(None) 1953, internal_id=RAV0164473:1953_137:11>","M. Sañudo, Itinerario per la terra di Venezia nel 1483, Padova, 1847.",59e332f98831617f5ee2be89,59dc75a5fe76834059d447c1,"<Book: Dolo 1406-1581 : territorio, popolazione, attivita economiche alle origini di una comunita,  Comune,, 2010>","M.SAÑUDO, Itinerario per la Terraferma veneziana nell’anno MCCC-CLXXXIII, a cura di R. BROWN, Padova, tip. del Seminario, 1847;",0,1
61116,58e4ce00fe7683152b55e34f,595f9e39fe7683316b2dd4bc,"<Article: ""Il Castello di Lendinara sotto il Dominio Veneto"" in ""Ateneo veneto"", 137(None) 1953, internal_id=RAV0164473:1953_137:11>","M. Sañudo, Itinerario per la terra di Venezia nel 1483, Padova, 1847.",59e332fa8831617f5ee363bc,59f02ac0fe7683438bf3d52f,"<Book: La societa veneta : riferimenti bibliografici (1955-1990), Padova : Il poligrafo, 1991., 1991>","427t Calafati A., La Porta da terra - Venezia, Venezia, IUAV, 1984/85",0,1
62940,58e4ce00fe7683152b55e34f,595f9e39fe7683316b2dd4bc,"<Article: ""Il Castello di Lendinara sotto il Dominio Veneto"" in ""Ateneo veneto"", 137(None) 1953, internal_id=RAV0164473:1953_137:11>","M. Sañudo, Itinerario per la terra di Venezia nel 1483, Padova, 1847.",59e332fa8831617f5ee37042,59dc74adfe768340301be98d,"<Book: La Serenissima nei Promessi sposi,  Grafica e arte, c, 1985>","Venezia ad allargare l’originario Stato cittadino insulare dandogli una base territoriale meno esigua, attraverso l’acquisizione di una larga fascia continentale dal Friuli alla Lombardia, suscitando ostilità irriducibile nella dinastia austriaca che avrà la sua rivincita, àuspice il Bonaparte, a fine Settecento con l’iniquo mercato di Campoformio. Ambizione imperialistica, secondo alcuni, codesta di Venezia nei due secoli del Rinascimento, l’epoca in cui nel Nord Italia venivano costituendosi le grandi Signorie. In realtà, di fronte alle minacciose avanzate dei Turchi dall’Oriente, la potenza marittima veneziana non avrebbe più potuto reggersi con una base territoriale troppo esigua. Per fronteggiare i Turchi, potentissimi sul mare ma non meno temibili per terra, Venezia aveva bisogno soprattutto di uomini. E, infatti, li chiese alle province di terraferma, assieme a un grosso contributo finanziario; e le suddite città del continente - scrive Girolamo Priuli nei suoi Diarii - risposero quasi tutte di essere “preste et parate non tanto a pagar” quanto ad offrire “li fiolli et la propria vita in servitio di questo stado”.27 Non tanto a pagar... Nonostante i suoi grossi guai, sempre ricorrenti, Venezia continua ad avere - non solo agli occhi delle sue città di terraferma, ma del mondo intero - la fama di città ricchissima; nelle corti d’Italia e d’Europa i suoi ambasciatori continuano ad essere i più desiderati e blanditi come i più genuini rappresentanti della ricchezza e della liberalità, nonostante fosse noto ovunque il livello dei sacrifici richiesti dalla Serenissima a sudditi e a cittadini sotto forma di imposte straordinarie e di prestiti forzati. Visti dal di fuori, però, detti sacrifici finanziari accompagnati dall’enorme aumento del debito pubblico dovettero apparire molto meno gravosi di quelli di tutti gli altri stati, anche perché Venezia, sola fra tutti, riuscì a provvedere al proprio fabbisogno senza mai ricorrere ai banchieri stranieri, e quindi senza rinunzie di sorta alla propria piena sovranità finanziaria. È indubbio, tuttavia,",0,1
98187,58e4ce00fe7683152b55e34f,595f9e39fe7683316b2dd4bc,"<Article: ""Il Castello di Lendinara sotto il Dominio Veneto"" in ""Ateneo veneto"", 137(None) 1953, internal_id=RAV0164473:1953_137:11>","M. Sañudo, Itinerario per la terra di Venezia nel 1483, Padova, 1847.",59e333078831617f5ee506de,59dc7535fe76834059d44381,"<Book: Florence and Venice: comparisons and relations : acts of two Conferences at Villa I Tatti in 1976-1977,  La nuova Italia,, 1980>","Marin Sañudo, Itinerarium cum syndicis terrae firmae, Padova, 1847",0,1
220,58e4ce00fe7683152b55e34f,595f9e39fe7683316b2dd4bc,"<Article: ""Il Castello di Lendinara sotto il Dominio Veneto"" in ""Ateneo veneto"", 137(None) 1953, internal_id=RAV0164473:1953_137:11>","M. Sañudo, Itinerario per la terra di Venezia nel 1483, Padova, 1847.",59e333078831617f5ee51d8b,59dc752cfe76834059d44331,"<Book: I Turchi, gli Asburgo e l'Adriatico,  Associazione culturale italoungherese Pier Paolo Vergerio,, 2007, ISBN: 978-88-902217-5-0>","PETRARCA, Itinerario in Terra Santa, a cura di F. Lo Monaco, Bergamo 1990, p. 69",0,1
15483,58e4ce00fe7683152b55e34f,595f9e39fe7683316b2dd4bc,"<Article: ""Il Castello di Lendinara sotto il Dominio Veneto"" in ""Ateneo veneto"", 137(None) 1953, internal_id=RAV0164473:1953_137:11>","M. Sañudo, Itinerario per la terra di Venezia nel 1483, Padova, 1847.",59e333078831617f5ee5d5c6,595facbffe768340f8f6c082,"<Book: Firstborn of Venice : Vicenza in the early Renaissance state,  The Johns Hopkins university press, copyr., 1988, ISBN: 0801836131>","Sañudo, Itinerario di Marin Sanuto per la terraferma veneziana nell’anno 1483,  ed. Rawdon Brown (Padua, 1847), pp. 22—23.",0,1
15519,58e4ce00fe7683152b55e34f,595f9e39fe7683316b2dd4bc,"<Article: ""Il Castello di Lendinara sotto il Dominio Veneto"" in ""Ateneo veneto"", 137(None) 1953, internal_id=RAV0164473:1953_137:11>","M. Sañudo, Itinerario per la terra di Venezia nel 1483, Padova, 1847.",59e333078831617f5ee5d6a5,595facbffe768340f8f6c082,"<Book: Firstborn of Venice : Vicenza in the early Renaissance state,  The Johns Hopkins university press, copyr., 1988, ISBN: 0801836131>","Marino Sañudo,  Itinerario di Marin Sanato per la terraferma veneziana nell'anno 1483, ed. Rawdon Brown (Padua, 1847), pp. 30, 33, 45, 51, 77, 90, 91, 107, 113, 116, 128, 134, 138, 140.",0,1
15537,58e4ce00fe7683152b55e34f,595f9e39fe7683316b2dd4bc,"<Article: ""Il Castello di Lendinara sotto il Dominio Veneto"" in ""Ateneo veneto"", 137(None) 1953, internal_id=RAV0164473:1953_137:11>","M. Sañudo, Itinerario per la terra di Venezia nel 1483, Padova, 1847.",59e333078831617f5ee5d6d7,595facbffe768340f8f6c082,"<Book: Firstborn of Venice : Vicenza in the early Renaissance state,  The Johns Hopkins university press, copyr., 1988, ISBN: 0801836131>","Marino Sañudo, Itinerario di Marin Sañudo per la terraferma veneziana nell’anno 1483, ed. Rawdon Brown (Padua, 1847), pp. 109—10;",0,1
26760,58e4ce00fe7683152b55e34f,595f9e39fe7683316b2dd4bc,"<Article: ""Il Castello di Lendinara sotto il Dominio Veneto"" in ""Ateneo veneto"", 137(None) 1953, internal_id=RAV0164473:1953_137:11>","M. Sañudo, Itinerario per la terra di Venezia nel 1483, Padova, 1847.",59e333078831617f5ee66ee4,59dc7571fe76834059d445dc,"<Book: La comunità ebraica di Venezia e il suo antico cimitero,  Il polifilo,, 2000>","PERSONAGGI ILLUSTRI Tra i personaggi, i cui resti mortali riposano nella terra di Venezia, ci sembra ora opportuno parlare diffusamente di alcuni che, per la vita e per le opere, si possono considerare emblematici di una società particolarmente varia e composita. Elia Levita Eliyyahu Levi (Levita),1 meglio noto come Elia Levita, o anche Elia Bahur, o Elia ha-Medaqdeq ;",0,1
30263,58e4ce00fe7683152b55e34f,595f9e39fe7683316b2dd4bc,"<Article: ""Il Castello di Lendinara sotto il Dominio Veneto"" in ""Ateneo veneto"", 137(None) 1953, internal_id=RAV0164473:1953_137:11>","M. Sañudo, Itinerario per la terra di Venezia nel 1483, Padova, 1847.",59e333088831617f5ee69a88,59859e46c12c60a14fdd9768,"<Book: Culto dei santi nella terraferma veneziana,  Studium cattolico veneziano,, 1967>","M. Sañudo, Itinerario per la terraferma veneziana nell'anno MCCCCLXXXIII, Padova 1847, p. 22,",0,1
47871,58e4ce00fe7683152b55e34f,595f9e39fe7683316b2dd4bc,"<Article: ""Il Castello di Lendinara sotto il Dominio Veneto"" in ""Ateneo veneto"", 137(None) 1953, internal_id=RAV0164473:1953_137:11>","M. Sañudo, Itinerario per la terra di Venezia nel 1483, Padova, 1847.",59e333088831617f5ee77950,59dc7535fe76834059d4438f,"<Book: Storia di Venezia,  Istituto della Enciclopedia italiana, , 1996>","Marín Sañudo, Itinerario per la Terraferma veneziana l’anno MCCCCLXXXXIII, a cura di Rawdon Brown, Padova 1847, p. 183.",0,1
50921,58e4ce00fe7683152b55e34f,595f9e39fe7683316b2dd4bc,"<Article: ""Il Castello di Lendinara sotto il Dominio Veneto"" in ""Ateneo veneto"", 137(None) 1953, internal_id=RAV0164473:1953_137:11>","M. Sañudo, Itinerario per la terra di Venezia nel 1483, Padova, 1847.",59e333088831617f5ee793d8,59621855fe768320012126a0,"<Book: Identité, mariage, mobilité sociale : citoyennes et citoyens à Venise au 16. siècle,  École française de Rome,, 2001, ISBN: 2728305765>","Sañudo, M., Itinerario per la terraferma veneziana nell’anno 1483, Padoue 1847, ed. R. Brown, reprint Milan 1981.",0,1
80214,58e4ce00fe7683152b55e34f,595f9e39fe7683316b2dd4bc,"<Article: ""Il Castello di Lendinara sotto il Dominio Veneto"" in ""Ateneo veneto"", 137(None) 1953, internal_id=RAV0164473:1953_137:11>","M. Sañudo, Itinerario per la terra di Venezia nel 1483, Padova, 1847.",59e333088831617f5ee904ff,5960e836fe76836ca20e83d2,"<Book: Storia di Venezia,  Istituto della Enciclopedia italiana, , 1996>","Marín Sañudo, Itinerario per la Terraferma veneziana,  Padova 1847, pp. 143-146;",0,1
82625,58e4ce00fe7683152b55e34f,595f9e39fe7683316b2dd4bc,"<Article: ""Il Castello di Lendinara sotto il Dominio Veneto"" in ""Ateneo veneto"", 137(None) 1953, internal_id=RAV0164473:1953_137:11>","M. Sañudo, Itinerario per la terra di Venezia nel 1483, Padova, 1847.",59e333088831617f5ee91c6f,59dc74befe768340301bea36,"<Book: Sopra le acque salse : espaces, pouvoir et societe a Venise a la fin du Moyen Age,  nella sede dell'Istituto Palazzo Borromini,, 1992>","Capodilista G., Itinerario di Terra Santa circa 1475, Pérouse?, B. N. Marciana, Incun. 1206.",0,1
96824,58e4ce00fe7683152b55e34f,595f9e39fe7683316b2dd4bc,"<Article: ""Il Castello di Lendinara sotto il Dominio Veneto"" in ""Ateneo veneto"", 137(None) 1953, internal_id=RAV0164473:1953_137:11>","M. Sañudo, Itinerario per la terra di Venezia nel 1483, Padova, 1847.",59e333098831617f5ee9ded6,59dc746afe76834007de8db6,"<Book: Tommaso Temanza e l'architettura civile : Venezia e il settecento: diffusione e funzionalizzazione dell'architettura,  Officina, [1989, 1989>","Bianchi, Progetto per il teatro La Fenice. Planimetria del piano terra, Venezia, 1790.",0,1
97210,58e4ce00fe7683152b55e34f,595f9e39fe7683316b2dd4bc,"<Article: ""Il Castello di Lendinara sotto il Dominio Veneto"" in ""Ateneo veneto"", 137(None) 1953, internal_id=RAV0164473:1953_137:11>","M. Sañudo, Itinerario per la terra di Venezia nel 1483, Padova, 1847.",59e333098831617f5ee9e11e,59dc746afe76834007de8db6,"<Book: Tommaso Temanza e l'architettura civile : Venezia e il settecento: diffusione e funzionalizzazione dell'architettura,  Officina, [1989, 1989>","Bianchi, Progetto per il teatro La Fenice. Planimetria del piano terra, Venezia, 1790.",0,1
3414,58e4ce00fe7683152b55e34f,595f9e39fe7683316b2dd4bc,"<Article: ""Il Castello di Lendinara sotto il Dominio Veneto"" in ""Ateneo veneto"", 137(None) 1953, internal_id=RAV0164473:1953_137:11>","M. Sañudo, Itinerario per la terra di Venezia nel 1483, Padova, 1847.",59e333098831617f5eea3c45,59dc7555fe76834059d444bd,"<Book: Il ghetto veneziano nel '700 attraverso i catastici,  Carucci, [1981, 1981, ISBN: 88-85027-47-4>","M. Sanuto, Itinerario per la terra ferma veneziana nell’anno 1483, Padova 1847.",0,1
13030,58e4ce00fe7683152b55e34f,595f9e39fe7683316b2dd4bc,"<Article: ""Il Castello di Lendinara sotto il Dominio Veneto"" in ""Ateneo veneto"", 137(None) 1953, internal_id=RAV0164473:1953_137:11>","M. Sañudo, Itinerario per la terra di Venezia nel 1483, Padova, 1847.",59e333098831617f5eeac943,59dc74befe768340301bea37,"<Book: Sopra le acque salse : espaces, pouvoir et societe a Venise a la fin du Moyen Age,  nella sede dell'Istituto Palazzo Borromini,, 1992>","Capodilista, Itinerario di Terra Santa, circa 1475, Pérouse?, B. N. Marciana, Incun. 1206; Il viaggio del Sanseverino..., op. cit.;",0,1
20036,58e4ce00fe7683152b55e34f,595f9e39fe7683316b2dd4bc,"<Article: ""Il Castello di Lendinara sotto il Dominio Veneto"" in ""Ateneo veneto"", 137(None) 1953, internal_id=RAV0164473:1953_137:11>","M. Sañudo, Itinerario per la terra di Venezia nel 1483, Padova, 1847.",59e333098831617f5eeb098d,59dc74a8fe768340301be955,"<Book: Storia di Venezia,  Istituto della Enciclopedia italiana, \1994, 1994>","Franco Gaeta, Origine e sviluppo della rappresentanza stabile pontificia in Venezia ( 1483-1333), «Annali dell’Istituto Italiano per l’Età Moderna e Contemporanea», 9-10, 1957-58, pp. 5-281",0,1
