,seed_ref_id,seed_doc_id,seed_doc,seed_surface,ref_id,doc_id,doc,surface,True,Hash
7595,58e4ce01fe7683152b58ced4,595fa048fe7683316b2de016,"<Article: ""The Accademia Venetiana, science and culture in Renaissance Venice"" in ""Studi veneziani"", 11(None) 1969, internal_id=LO10016101:1969_11:5>","Diverse Orationi volgarmente scritte, raccolte per Francesco Sansovino, Venice 1561, ff. 51-54v, especially f. 52 v.",58e4ce00fe7683152b562c1e,595f9f27fe7683316b2dd99b,"<Article: ""Il Sansovino e i Procuratori di San Marco"" in ""Ateneo veneto"", 24(None) 1986, internal_id=RAV0164473:1986_24:3>","SANSOVINO, Delle cose notabili che sono in Venetia, Venezia 1561, pp. 2r-22‘;cfr.",0,1
69922,58e4ce01fe7683152b58ced4,595fa048fe7683316b2de016,"<Article: ""The Accademia Venetiana, science and culture in Renaissance Venice"" in ""Studi veneziani"", 11(None) 1969, internal_id=LO10016101:1969_11:5>","Diverse Orationi volgarmente scritte, raccolte per Francesco Sansovino, Venice 1561, ff. 51-54v, especially f. 52 v.",58e4ce01fe7683152b58a878,595fa062fe7683316b2de4de,"<Article: ""Tra salvaguardia del «publico» ed aspirazioni personali: carriera del provveditore ai confini Francesco Caldogno"" in ""Studi veneziani"", 37(None) 1999, internal_id=LO10016101:1999_37:4>","De’ Mironi P. Francesco, Viridario di diverse orationi fatte da Vicentini in laude dessi et d'altre cose spettanti alla Città di Vicenza, BCBVÎ: ms. 3027 (= GONZ. 21.11.1), c. 307 (numeraz. in basso), s.d., ma ante 7 marzo 1604.",0,1
73775,58e4ce01fe7683152b58ced4,595fa048fe7683316b2de016,"<Article: ""The Accademia Venetiana, science and culture in Renaissance Venice"" in ""Studi veneziani"", 11(None) 1969, internal_id=LO10016101:1969_11:5>","Diverse Orationi volgarmente scritte, raccolte per Francesco Sansovino, Venice 1561, ff. 51-54v, especially f. 52 v.",58e4ce01fe7683152b58ced4,595fa048fe7683316b2de016,"<Article: ""The Accademia Venetiana, science and culture in Renaissance Venice"" in ""Studi veneziani"", 11(None) 1969, internal_id=LO10016101:1969_11:5>","Diverse Orationi volgarmente scritte, raccolte per Francesco Sansovino, Venice 1561, ff. 51-54v, especially f. 52 v.",0,1
81851,58e4ce01fe7683152b58ced4,595fa048fe7683316b2de016,"<Article: ""The Accademia Venetiana, science and culture in Renaissance Venice"" in ""Studi veneziani"", 11(None) 1969, internal_id=LO10016101:1969_11:5>","Diverse Orationi volgarmente scritte, raccolte per Francesco Sansovino, Venice 1561, ff. 51-54v, especially f. 52 v.",58e4ce01fe7683152b592143,595fa065fe7683316b2de5a7,"<Article: ""Troppe feste! Francesco Maria Preti nella Venezia dei lumi"" in ""Studi veneziani"", 43(None) 2002, internal_id=LO10016101:2002_43:8>","Sansovino, Delle orazioni recitate a principi di Venetia nella loro creatione dagli am- basciatori di di\crse città, Venezia, 1562, f. 13v;",0,1
3407,58e4ce01fe7683152b58ced4,595fa048fe7683316b2de016,"<Article: ""The Accademia Venetiana, science and culture in Renaissance Venice"" in ""Studi veneziani"", 11(None) 1969, internal_id=LO10016101:1969_11:5>","Diverse Orationi volgarmente scritte, raccolte per Francesco Sansovino, Venice 1561, ff. 51-54v, especially f. 52 v.",58e4ce01fe7683152b59f6d7,595fa05ffe7683316b2de42f,"<Article: ""Autoglorificazione patrizia e architettura: il caso della famiglia Da Lezze alla Misericordia (secc. XVI-XVII)"" in ""Studi veneziani"", 30(None) 1995, internal_id=LO10016101:1995_30:9>","Sansovino, Delle cose notabili che sono in Venetia. Libri due ..., II, in Venetia 1561, c. 74v.",0,1
9051,58e4ce01fe7683152b58ced4,595fa048fe7683316b2de016,"<Article: ""The Accademia Venetiana, science and culture in Renaissance Venice"" in ""Studi veneziani"", 11(None) 1969, internal_id=LO10016101:1969_11:5>","Diverse Orationi volgarmente scritte, raccolte per Francesco Sansovino, Venice 1561, ff. 51-54v, especially f. 52 v.",58e4ce01fe7683152b5a2d2e,595fa05bfe7683316b2de355,"<Article: ""Comportamenti abitativi del patriziato veneziano (1582-1740)"" in ""Studi veneziani"", 22(None) 1991, internal_id=LO10016101:1991_22:7>","Sansovino, Delle orationi recitate a principi di Venetia nella loro creatione dagli amba- sciadori di diverse città, Venezia 1562, f. 13v.",0,1
12180,58e4ce01fe7683152b58ced4,595fa048fe7683316b2de016,"<Article: ""The Accademia Venetiana, science and culture in Renaissance Venice"" in ""Studi veneziani"", 11(None) 1969, internal_id=LO10016101:1969_11:5>","Diverse Orationi volgarmente scritte, raccolte per Francesco Sansovino, Venice 1561, ff. 51-54v, especially f. 52 v.",58e4ce01fe7683152b5a5293,595fa066fe7683316b2de60e,"<Article: ""Un episodio della carriera veneziana di Lando: i Sermoni funebri"" in ""Studi veneziani"", 46(None) 2003, internal_id=LO10016101:2003_46:3>","F. Sansovino, Del governo de i regni et delle repubbliche cosi antiche come moderne, Venezia, F. Sanso- vino, 1561, c. *3v.",0,1
13640,58e4ce01fe7683152b58ced4,595fa048fe7683316b2de016,"<Article: ""The Accademia Venetiana, science and culture in Renaissance Venice"" in ""Studi veneziani"", 11(None) 1969, internal_id=LO10016101:1969_11:5>","Diverse Orationi volgarmente scritte, raccolte per Francesco Sansovino, Venice 1561, ff. 51-54v, especially f. 52 v.",58e4ce01fe7683152b5a6093,595fa06dfe7683316b2de7be,"<Article: ""La devozione interessata. Uomini, comunità, fazioni, milizie nell ’altopiano dei Sette Comuni tra Cinque e Seicento"" in ""Studi veneziani"", 56(None) 2008, internal_id=LO10016101:2008_56:1>","P. F. Barbarano De’ Mironi, Viridario di diverse orationi fatte da Vicentini in laude d’essi et d'altre cose spettanti alla Città di Vicenda, bcbvì: ms. 3027 (= Gönz. 21.11.1), (copia, see. xviii), cc. 307r-3o8r;",0,1
18226,58e4ce01fe7683152b58ced4,595fa048fe7683316b2de016,"<Article: ""The Accademia Venetiana, science and culture in Renaissance Venice"" in ""Studi veneziani"", 11(None) 1969, internal_id=LO10016101:1969_11:5>","Diverse Orationi volgarmente scritte, raccolte per Francesco Sansovino, Venice 1561, ff. 51-54v, especially f. 52 v.",58e4ce02fe7683152b5a8d15,595fa064fe7683316b2de539,"<Article: ""Daniele Barbaro and his Venetian Editions of Vitruvius of 1556 and 1567"" in ""Studi veneziani"", 40(None) 2000, internal_id=LO10016101:2000_40:4>","Sansovino, Delle cose notabili che sono in Venetia, libri due, Venice, 1562, fol. 28v:",0,1
26446,58e4ce01fe7683152b58ced4,595fa048fe7683316b2de016,"<Article: ""The Accademia Venetiana, science and culture in Renaissance Venice"" in ""Studi veneziani"", 11(None) 1969, internal_id=LO10016101:1969_11:5>","Diverse Orationi volgarmente scritte, raccolte per Francesco Sansovino, Venice 1561, ff. 51-54v, especially f. 52 v.",591463adfb15c81221c60345,595fa07efe7683316b2dea2e,"<Article: ""Ricerche intorno allo storico G. Maria Angiolello (degli Anzolelli) patrizio vicentino (1451-1525)"" in ""Archivio veneto-tridentino"", 5(None) 1924, internal_id=LO10016734:1924_5:1>","F. Sansovino, Dell’ Historia universale dell’origine et imperio dei Turchi etc., Venezia, 1560, parte II, p. 75 v.",0,1
32724,58e4ce01fe7683152b58ced4,595fa048fe7683316b2de016,"<Article: ""The Accademia Venetiana, science and culture in Renaissance Venice"" in ""Studi veneziani"", 11(None) 1969, internal_id=LO10016101:1969_11:5>","Diverse Orationi volgarmente scritte, raccolte per Francesco Sansovino, Venice 1561, ff. 51-54v, especially f. 52 v.",591463aefb15c81221c74976,0,,"Francesco Sansovino, Delle cose notabili che sono in Venetia, Venetia 1561, c. 21t.",0,1
33073,58e4ce01fe7683152b58ced4,595fa048fe7683316b2de016,"<Article: ""The Accademia Venetiana, science and culture in Renaissance Venice"" in ""Studi veneziani"", 11(None) 1969, internal_id=LO10016101:1969_11:5>","Diverse Orationi volgarmente scritte, raccolte per Francesco Sansovino, Venice 1561, ff. 51-54v, especially f. 52 v.",591463aefb15c81221c753a5,0,,"M. Aluigi Michele in Parte II. delle Orationi volgarmente scritte da molti huomiiii illustri de’ tempi nostri — raccolte di M. Francesco Sansovino - In Venetia - Al segno della Luna, p. 349.",0,1
96219,58e4ce01fe7683152b58ced4,595fa048fe7683316b2de016,"<Article: ""The Accademia Venetiana, science and culture in Renaissance Venice"" in ""Studi veneziani"", 11(None) 1969, internal_id=LO10016101:1969_11:5>","Diverse Orationi volgarmente scritte, raccolte per Francesco Sansovino, Venice 1561, ff. 51-54v, especially f. 52 v.",5919e9663dde944752f575f5,595f9d2ffe7683316b2dc622,"<Book: Navis : l'umanesimo sul mare, 1470-1740,  G. Einaudi, \1990, 1990, ISBN: 88-06-11837-4>","P. Basadonna, Oratione... nella morte del reverendissimo Patriarca Contarini, in Delle orationi volgarmente scritte, Venezia s.d. (1557), pp. 39-40.",0,1
97266,58e4ce01fe7683152b58ced4,595fa048fe7683316b2de016,"<Article: ""The Accademia Venetiana, science and culture in Renaissance Venice"" in ""Studi veneziani"", 11(None) 1969, internal_id=LO10016101:1969_11:5>","Diverse Orationi volgarmente scritte, raccolte per Francesco Sansovino, Venice 1561, ff. 51-54v, especially f. 52 v.",5919e9663dde944752f582f8,595f9d2ffe7683316b2dc624,"<Book: 2: Dal 1517 alla fine della Repubblica,  UTET, , 1992, ISBN: 88-02-04498-8>","e F. Sansovino, Venetia città nobilissima et singolare, Venezia 1561,",0,1
25295,58e4ce01fe7683152b58ced4,595fa048fe7683316b2de016,"<Article: ""The Accademia Venetiana, science and culture in Renaissance Venice"" in ""Studi veneziani"", 11(None) 1969, internal_id=LO10016101:1969_11:5>","Diverse Orationi volgarmente scritte, raccolte per Francesco Sansovino, Venice 1561, ff. 51-54v, especially f. 52 v.",5919e9673dde944752f6d870,595f9d2efe7683316b2dc615,"<Book: Pier Paolo Vergerio e la riforma a Venezia, 1498-1549,  Il veltro,, 1988, ISBN: 88-85015-30-1>","Sansovino, Francesco (a cura di). Delle lettere da diversi re et principi et cardinali et altri huomini dotti a mons. Pietro Bembo scritte, primo volume. Venezia, Francesco Sansovino & compagni 1560.",0,1
33203,58e4ce01fe7683152b58ced4,595fa048fe7683316b2de016,"<Article: ""The Accademia Venetiana, science and culture in Renaissance Venice"" in ""Studi veneziani"", 11(None) 1969, internal_id=LO10016101:1969_11:5>","Diverse Orationi volgarmente scritte, raccolte per Francesco Sansovino, Venice 1561, ff. 51-54v, especially f. 52 v.",5919e96c3dde944752f72947,595f9d2efe7683316b2dc618,"<Book: Il mestiere di scrivere : lavoro intellettuale e mercato librario a Venezia nel Cinquecento,  Bulzoni, \1988, 1988>","F. Sansovino, Le osservationi della lingua volgare, Venezia, Sansovino, 1562;",0,1
33235,58e4ce01fe7683152b58ced4,595fa048fe7683316b2de016,"<Article: ""The Accademia Venetiana, science and culture in Renaissance Venice"" in ""Studi veneziani"", 11(None) 1969, internal_id=LO10016101:1969_11:5>","Diverse Orationi volgarmente scritte, raccolte per Francesco Sansovino, Venice 1561, ff. 51-54v, especially f. 52 v.",5919e96c3dde944752f729e5,595f9d2efe7683316b2dc618,"<Book: Il mestiere di scrivere : lavoro intellettuale e mercato librario a Venezia nel Cinquecento,  Bulzoni, \1988, 1988>","Francesco Sansovino, che infatti non solo conobbe quel testo ma fu addirittura colui che ne attribuì la traduzione al Lando145, e lo inserì quindi nel suo Del governo dei regni et delle repubbliche uscito a Venezia ben più tardi, esattamente nel 1562 l46. L’opera è costituita da una raccolta di medaglioni storici dei quali il Sansovino viene via via indicando gli autori — e fra questi è pure citato l’umanista inglese — e si chiude infatti con una riedizione antologica dell’operetta del Moro, presentata come la descrizione, fra le altre, di una organizzazione politica e sociale reale e storicamente esistente. Anche",0,1
33365,58e4ce01fe7683152b58ced4,595fa048fe7683316b2de016,"<Article: ""The Accademia Venetiana, science and culture in Renaissance Venice"" in ""Studi veneziani"", 11(None) 1969, internal_id=LO10016101:1969_11:5>","Diverse Orationi volgarmente scritte, raccolte per Francesco Sansovino, Venice 1561, ff. 51-54v, especially f. 52 v.",5919e96c3dde944752f72ae4,595f9d2efe7683316b2dc618,"<Book: Il mestiere di scrivere : lavoro intellettuale e mercato librario a Venezia nel Cinquecento,  Bulzoni, \1988, 1988>","Sansovino, Del governo dei regni et delle repubbliche cosi antiche come moderne,  Venezia, Sansovino, 1561, p. 187v",0,1
33366,58e4ce01fe7683152b58ced4,595fa048fe7683316b2de016,"<Article: ""The Accademia Venetiana, science and culture in Renaissance Venice"" in ""Studi veneziani"", 11(None) 1969, internal_id=LO10016101:1969_11:5>","Diverse Orationi volgarmente scritte, raccolte per Francesco Sansovino, Venice 1561, ff. 51-54v, especially f. 52 v.",5919e96c3dde944752f72ae5,595f9d2efe7683316b2dc618,"<Book: Il mestiere di scrivere : lavoro intellettuale e mercato librario a Venezia nel Cinquecento,  Bulzoni, \1988, 1988>","Sansovino, L'avocato, Venezia, Rampazetto, 1559, pp. 211",0,1
33442,58e4ce01fe7683152b58ced4,595fa048fe7683316b2de016,"<Article: ""The Accademia Venetiana, science and culture in Renaissance Venice"" in ""Studi veneziani"", 11(None) 1969, internal_id=LO10016101:1969_11:5>","Diverse Orationi volgarmente scritte, raccolte per Francesco Sansovino, Venice 1561, ff. 51-54v, especially f. 52 v.",5919e96c3dde944752f72ba9,595f9d2efe7683316b2dc618,"<Book: Il mestiere di scrivere : lavoro intellettuale e mercato librario a Venezia nel Cinquecento,  Bulzoni, \1988, 1988>","1561 F. Sansovino, Centonovelle. F. Sansovino, Del governo dei regni.",0,1
33443,58e4ce01fe7683152b58ced4,595fa048fe7683316b2de016,"<Article: ""The Accademia Venetiana, science and culture in Renaissance Venice"" in ""Studi veneziani"", 11(None) 1969, internal_id=LO10016101:1969_11:5>","Diverse Orationi volgarmente scritte, raccolte per Francesco Sansovino, Venice 1561, ff. 51-54v, especially f. 52 v.",5919e96c3dde944752f72baa,595f9d2efe7683316b2dc618,"<Book: Il mestiere di scrivere : lavoro intellettuale e mercato librario a Venezia nel Cinquecento,  Bulzoni, \1988, 1988>","L. Bruni, La historia universale dei suoi tempi. P. Crescentio, Il libro dell’agricoltura, a cura del Sansovino. Delle orationi volgarmente scritte, a cura del Sansovino. G. B. Pigna, Oratio. G.B. Pigna, Il principe. 1562 F. Sansovino, Centonovelle. F. Sansovino, he osservationi della lingua volgare. N Coniate, Historia, a cura del Sansovino. Delle orationi recitate a' principi di Venezia, a cura del Sansovino. Della orationi volgarmente scritte, a cura del Sansovino. 1563 F. Sansovino, Centonovelle.",0,1
33444,58e4ce01fe7683152b58ced4,595fa048fe7683316b2de016,"<Article: ""The Accademia Venetiana, science and culture in Renaissance Venice"" in ""Studi veneziani"", 11(None) 1969, internal_id=LO10016101:1969_11:5>","Diverse Orationi volgarmente scritte, raccolte per Francesco Sansovino, Venice 1561, ff. 51-54v, especially f. 52 v.",5919e96c3dde944752f72bab,595f9d2efe7683316b2dc618,"<Book: Il mestiere di scrivere : lavoro intellettuale e mercato librario a Venezia nel Cinquecento,  Bulzoni, \1988, 1988>","1567 Delle lettere amorose, a cura del Sansovino. F. Sansovino, Dell’historia universale dell’origine et imperio de' Turchi. Ortografìa delle voci, a cura del Sansovino. F. Sansovino, Del secretario. G. A. De Herrera, Agricoltura, a cura del Sansovino. G.B. Possevino, Dialogo dell'honore. 1569 G. Boccaccio, Genealogia, a cura del Sansovino. F. Sansovino, L’arte oratoria Delle orationi volgarmente scritte, a cura del Sansovino. 1570 Plutarco, Le vite degli huomini illustri.",0,1
33448,58e4ce01fe7683152b58ced4,595fa048fe7683316b2de016,"<Article: ""The Accademia Venetiana, science and culture in Renaissance Venice"" in ""Studi veneziani"", 11(None) 1969, internal_id=LO10016101:1969_11:5>","Diverse Orationi volgarmente scritte, raccolte per Francesco Sansovino, Venice 1561, ff. 51-54v, especially f. 52 v.",5919e96c3dde944752f72baf,595f9d2efe7683316b2dc618,"<Book: Il mestiere di scrivere : lavoro intellettuale e mercato librario a Venezia nel Cinquecento,  Bulzoni, \1988, 1988>","F. Sansovino, L’arte oratoria. Delle orationi volgarmente scritte, a cura 1578",0,1
33486,58e4ce01fe7683152b58ced4,595fa048fe7683316b2de016,"<Article: ""The Accademia Venetiana, science and culture in Renaissance Venice"" in ""Studi veneziani"", 11(None) 1969, internal_id=LO10016101:1969_11:5>","Diverse Orationi volgarmente scritte, raccolte per Francesco Sansovino, Venice 1561, ff. 51-54v, especially f. 52 v.",5919e96c3dde944752f72c1a,595f9d2efe7683316b2dc618,"<Book: Il mestiere di scrivere : lavoro intellettuale e mercato librario a Venezia nel Cinquecento,  Bulzoni, \1988, 1988>","Sansovino, Del governo e dei regni et delle repubbliche così antiche come moderne,  Venezia, Sansovino, 1561,",0,1
34687,58e4ce01fe7683152b58ced4,595fa048fe7683316b2de016,"<Article: ""The Accademia Venetiana, science and culture in Renaissance Venice"" in ""Studi veneziani"", 11(None) 1969, internal_id=LO10016101:1969_11:5>","Diverse Orationi volgarmente scritte, raccolte per Francesco Sansovino, Venice 1561, ff. 51-54v, especially f. 52 v.",5919e96d3dde944752f73b95,595f9d29fe7683316b2dc5e4,"<Book: The architectural history of Venice,  B. T. Batsford,, 1980, ISBN: 0713411880>","SANSOVINO, Delle cose notabili che sono in Venetia, Venice, 1561, p.24.",0,1
34847,58e4ce01fe7683152b58ced4,595fa048fe7683316b2de016,"<Article: ""The Accademia Venetiana, science and culture in Renaissance Venice"" in ""Studi veneziani"", 11(None) 1969, internal_id=LO10016101:1969_11:5>","Diverse Orationi volgarmente scritte, raccolte per Francesco Sansovino, Venice 1561, ff. 51-54v, especially f. 52 v.",5919e96d3dde944752f73c76,595f9d29fe7683316b2dc5e4,"<Book: The architectural history of Venice,  B. T. Batsford,, 1980, ISBN: 0713411880>","SANSOVINO, F., Delle cose notabili che sono in Venetia, Venice, 1561.",0,1
40051,58e4ce01fe7683152b58ced4,595fa048fe7683316b2de016,"<Article: ""The Accademia Venetiana, science and culture in Renaissance Venice"" in ""Studi veneziani"", 11(None) 1969, internal_id=LO10016101:1969_11:5>","Diverse Orationi volgarmente scritte, raccolte per Francesco Sansovino, Venice 1561, ff. 51-54v, especially f. 52 v.",5919e96d3dde944752f77fc9,595f9d33fe7683316b2dc64f,"<Book: La macchina territoriale : la progettazione della difesa nel Cinquecento veneto,  Laterza,, 1983>","Basadonna, Oratione... nella morte del Reverendissimo Patriarca Contarmi, in Delle Orationi volgarmente scritte.., Venezia s. d. (XVI), pp. 39-4°.",0,1
48221,58e4ce01fe7683152b58ced4,595fa048fe7683316b2de016,"<Article: ""The Accademia Venetiana, science and culture in Renaissance Venice"" in ""Studi veneziani"", 11(None) 1969, internal_id=LO10016101:1969_11:5>","Diverse Orationi volgarmente scritte, raccolte per Francesco Sansovino, Venice 1561, ff. 51-54v, especially f. 52 v.",59de7a1f48e232540c5b9267,59dc7547fe76834059d44437,"<Book: Il serenissimo Doge,  Canova, , 1986, ISBN: 88-85066-47-X>","F. Sansovino, Delle orationi recitate a Principi di Venetia nella loro creatione degli Ambasciatori di diverse città, 1562.",0,1
71577,58e4ce01fe7683152b58ced4,595fa048fe7683316b2de016,"<Article: ""The Accademia Venetiana, science and culture in Renaissance Venice"" in ""Studi veneziani"", 11(None) 1969, internal_id=LO10016101:1969_11:5>","Diverse Orationi volgarmente scritte, raccolte per Francesco Sansovino, Venice 1561, ff. 51-54v, especially f. 52 v.",59de7a2048e232540c5cb6d9,59dc75c9fe76834059d44923,"<Book: Celebrazione e autocritica: la Serenissima e la ricerca dell'identità veneziana nel tardo Cinquecento,  Viella,, 2014, ISBN: 978-88-6728-075-9>","Paolo Panata, Degl’Istorici delle cose veneziane, I quali hanno scritto per Pubblico Decreto. T. Ili: che comprende gli otto primi libri della prima parte dell‘Istorie Veneziane volgarmente scritte da Paolo Paruta, cavaliere e procuratore. Aggiuntavi la Vita dell’Autore, la Cronologia esatta nel margine, e Indici copiosi (Venezia, 1718), p. 3.",0,1
72193,58e4ce01fe7683152b58ced4,595fa048fe7683316b2de016,"<Article: ""The Accademia Venetiana, science and culture in Renaissance Venice"" in ""Studi veneziani"", 11(None) 1969, internal_id=LO10016101:1969_11:5>","Diverse Orationi volgarmente scritte, raccolte per Francesco Sansovino, Venice 1561, ff. 51-54v, especially f. 52 v.",59de7a2048e232540c5cbbb7,59dc75c9fe76834059d44923,"<Book: Celebrazione e autocritica: la Serenissima e la ricerca dell'identità veneziana nel tardo Cinquecento,  Viella,, 2014, ISBN: 978-88-6728-075-9>","[Sansovino, Francesco], Delle cose notabili che sono in Venetia (Venezia, 1561).",0,1
79809,58e4ce01fe7683152b58ced4,595fa048fe7683316b2de016,"<Article: ""The Accademia Venetiana, science and culture in Renaissance Venice"" in ""Studi veneziani"", 11(None) 1969, internal_id=LO10016101:1969_11:5>","Diverse Orationi volgarmente scritte, raccolte per Francesco Sansovino, Venice 1561, ff. 51-54v, especially f. 52 v.",59de7a2048e232540c5d255c,59dc75c8fe76834059d4491b,"<Book: Architecture, Art and Identity in Venice and Its Territories, 1450-1750,  Ashgate,, 2013, ISBN: 9781472410825>","Sansovino, Delle cose notabili che sono in Venetia (Venice, 1556, edition consulted 1561), fol. 22r: Ora considerate la compositura di questa fabrica. Ma accioche voi habbiate di stupire, voi havete a sapere che ella ha da arrivare fino a quel canto, ove sono hora le Beccarie. Da questa banda del campanile ha da seguitar fino a San Geminiano, la cui chiesa s'è fatto hora dal publico per sollecitudine del suo honorato piovano, et dapoi ha da voltare fino alle hore cola intorno intorno",0,1
80471,58e4ce01fe7683152b58ced4,595fa048fe7683316b2de016,"<Article: ""The Accademia Venetiana, science and culture in Renaissance Venice"" in ""Studi veneziani"", 11(None) 1969, internal_id=LO10016101:1969_11:5>","Diverse Orationi volgarmente scritte, raccolte per Francesco Sansovino, Venice 1561, ff. 51-54v, especially f. 52 v.",59de7a2048e232540c5d2a97,59dc75c8fe76834059d4491b,"<Book: Architecture, Art and Identity in Venice and Its Territories, 1450-1750,  Ashgate,, 2013, ISBN: 9781472410825>","1567 edition). Barozzi, Francesco, Oposculum: in quo una Oratio et duo Quaestiones, altera de Certitudine et altera De Medietate Mathematicarum continentur (Padua, 1560).",0,1
84022,58e4ce01fe7683152b58ced4,595fa048fe7683316b2de016,"<Article: ""The Accademia Venetiana, science and culture in Renaissance Venice"" in ""Studi veneziani"", 11(None) 1969, internal_id=LO10016101:1969_11:5>","Diverse Orationi volgarmente scritte, raccolte per Francesco Sansovino, Venice 1561, ff. 51-54v, especially f. 52 v.",59de7a2048e232540c5d5610,5960e85efe76836ca20e83f9,"<Book: Convents and the body politic in late Renaissance Venice,  The University of Chicago press,, 1999, ISBN: 0226769356>","Francesco Sansovino, Delle Orationi recitate a principi di Venetia (Venice, 1562), p. 26v.",0,1
84416,58e4ce01fe7683152b58ced4,595fa048fe7683316b2de016,"<Article: ""The Accademia Venetiana, science and culture in Renaissance Venice"" in ""Studi veneziani"", 11(None) 1969, internal_id=LO10016101:1969_11:5>","Diverse Orationi volgarmente scritte, raccolte per Francesco Sansovino, Venice 1561, ff. 51-54v, especially f. 52 v.",59de7a2048e232540c5d5abf,5960e85efe76836ca20e83f9,"<Book: Convents and the body politic in late Renaissance Venice,  The University of Chicago press,, 1999, ISBN: 0226769356>","Sansovino, Francesco. Delle cose notabili che sono in Venezia. Venice, 1561.",0,1
91903,58e4ce01fe7683152b58ced4,595fa048fe7683316b2de016,"<Article: ""The Accademia Venetiana, science and culture in Renaissance Venice"" in ""Studi veneziani"", 11(None) 1969, internal_id=LO10016101:1969_11:5>","Diverse Orationi volgarmente scritte, raccolte per Francesco Sansovino, Venice 1561, ff. 51-54v, especially f. 52 v.",59de7a2048e232540c5dda94,596007f0fe768356b1f6c040,"<Book: Da Tiziano a El Greco: per la storia del Manierismo a Venezia, 1540-1590 : Palazzo Ducale, settembre-dicembre 1981,  Electa,, 1981>","1561 F.Sansovino, Delle cose notabili che sono in Venetia, Venezia.",0,1
7478,58e4ce01fe7683152b58ced4,595fa048fe7683316b2de016,"<Article: ""The Accademia Venetiana, science and culture in Renaissance Venice"" in ""Studi veneziani"", 11(None) 1969, internal_id=LO10016101:1969_11:5>","Diverse Orationi volgarmente scritte, raccolte per Francesco Sansovino, Venice 1561, ff. 51-54v, especially f. 52 v.",59de7a2148e232540c5e9dde,59dc75d8fe76834059d449ee,"<Book: Fare la città : salvaguardia e manutenzione urbana a Venezia in età moderna,  B. Mondadori, , 2006, ISBN: 88-424-9840-8>","Sansovino, Delle cose notabili che sono in Venezia, Venezia 1561, c. lv.",0,1
25370,58e4ce01fe7683152b58ced4,595fa048fe7683316b2de016,"<Article: ""The Accademia Venetiana, science and culture in Renaissance Venice"" in ""Studi veneziani"", 11(None) 1969, internal_id=LO10016101:1969_11:5>","Diverse Orationi volgarmente scritte, raccolte per Francesco Sansovino, Venice 1561, ff. 51-54v, especially f. 52 v.",59de7a3348e232540c5f682f,59dc751dfe76834059d44294,"<Book: I Dogi,  Electa, , 1982>","Sansovino, Delle orationi recitate a Principi di Vene-ria nella loro creatione dagli ambasciatori di diverse città,  Venezia 1562.",0,1
87891,58e4ce01fe7683152b58ced4,595fa048fe7683316b2de016,"<Article: ""The Accademia Venetiana, science and culture in Renaissance Venice"" in ""Studi veneziani"", 11(None) 1969, internal_id=LO10016101:1969_11:5>","Diverse Orationi volgarmente scritte, raccolte per Francesco Sansovino, Venice 1561, ff. 51-54v, especially f. 52 v.",59df6ec59be3c75dd98bcaab,595faf16fe7683456bf6c041,"<Book: Palazzi di Venezia :  admiranda urbis Venetae,  La stamperia di Venezia,, 1976>","Sansovino), Cose notabili di Venezia, Venezia, 1562.",0,1
88172,58e4ce01fe7683152b58ced4,595fa048fe7683316b2de016,"<Article: ""The Accademia Venetiana, science and culture in Renaissance Venice"" in ""Studi veneziani"", 11(None) 1969, internal_id=LO10016101:1969_11:5>","Diverse Orationi volgarmente scritte, raccolte per Francesco Sansovino, Venice 1561, ff. 51-54v, especially f. 52 v.",59df6ec59be3c75dd98bcfce,59dc756efe76834059d445c6,"<Book: Jacopo de Barbari, il racconto di una città : elaborazione computerizzata con 890 disegni intercalati nel testo,  Stamperia CETID,, 2000>","1562 F. Sansovino, Delle cose notabili che sono in Venetia, Venezia.",0,1
1433,58e4ce01fe7683152b58ced4,595fa048fe7683316b2de016,"<Article: ""The Accademia Venetiana, science and culture in Renaissance Venice"" in ""Studi veneziani"", 11(None) 1969, internal_id=LO10016101:1969_11:5>","Diverse Orationi volgarmente scritte, raccolte per Francesco Sansovino, Venice 1561, ff. 51-54v, especially f. 52 v.",59df6ec59be3c75dd98c61be,59dc755ffe76834059d44523,"<Book: Le savoir de Palladio : architecture, metaphysique et politique dans la Venise du Cinquecento,  Klincksieck, \1995, 1995, ISBN: 2252028823>","Francesco BAROZZI, Quœstio de certitudine mathematicarum, Padoue, 1560",0,1
1473,58e4ce01fe7683152b58ced4,595fa048fe7683316b2de016,"<Article: ""The Accademia Venetiana, science and culture in Renaissance Venice"" in ""Studi veneziani"", 11(None) 1969, internal_id=LO10016101:1969_11:5>","Diverse Orationi volgarmente scritte, raccolte per Francesco Sansovino, Venice 1561, ff. 51-54v, especially f. 52 v.",59df6ec59be3c75dd98c61eb,59dc755ffe76834059d44523,"<Book: Le savoir de Palladio : architecture, metaphysique et politique dans la Venise du Cinquecento,  Klincksieck, \1995, 1995, ISBN: 2252028823>","Francesco PATRIZZI, *Della historia diece dialoghi, Venise, 1560.",0,1
15096,58e4ce01fe7683152b58ced4,595fa048fe7683316b2de016,"<Article: ""The Accademia Venetiana, science and culture in Renaissance Venice"" in ""Studi veneziani"", 11(None) 1969, internal_id=LO10016101:1969_11:5>","Diverse Orationi volgarmente scritte, raccolte per Francesco Sansovino, Venice 1561, ff. 51-54v, especially f. 52 v.",59e067ba8ee1df0444337305,5985e9ecc12c60d894b559d3,"<Book: Il Palazzo ducale di Venezia,  Canova, \1990, 1990, ISBN: 88-85066-97-6>","Sansovino, Francesco: Dialogo di tutte le cose notabili che sono in Venetia cioè pittori e pitture, scultori e sculture, usanze antiche, fabriche e palazzi, huomini virtuosi, principi di Venezia, tutti i patriarchi, Venezia 1561 (a).",0,1
15097,58e4ce01fe7683152b58ced4,595fa048fe7683316b2de016,"<Article: ""The Accademia Venetiana, science and culture in Renaissance Venice"" in ""Studi veneziani"", 11(None) 1969, internal_id=LO10016101:1969_11:5>","Diverse Orationi volgarmente scritte, raccolte per Francesco Sansovino, Venice 1561, ff. 51-54v, especially f. 52 v.",59e067ba8ee1df0444337306,5985e9ecc12c60d894b559d3,"<Book: Il Palazzo ducale di Venezia,  Canova, \1990, 1990, ISBN: 88-85066-97-6>","Sansovino, Francesco: Delle cose notabili che sono in Venetia libri due, Venezia 1561",0,1
15969,58e4ce01fe7683152b58ced4,595fa048fe7683316b2de016,"<Article: ""The Accademia Venetiana, science and culture in Renaissance Venice"" in ""Studi veneziani"", 11(None) 1969, internal_id=LO10016101:1969_11:5>","Diverse Orationi volgarmente scritte, raccolte per Francesco Sansovino, Venice 1561, ff. 51-54v, especially f. 52 v.",59e067ba8ee1df0444337b77,595fad0afe768340ecf6c045,"<Book: Renovatio urbis : Venezia nell'età di Andrea Gritti (1523-1538),  Officina,, 1984>","F. Sansovino, Delle Orationi reátate a principi di Venetia nella loro creatione  [...], Venezia 1562, p. 1,",0,1
23767,58e4ce01fe7683152b58ced4,595fa048fe7683316b2de016,"<Article: ""The Accademia Venetiana, science and culture in Renaissance Venice"" in ""Studi veneziani"", 11(None) 1969, internal_id=LO10016101:1969_11:5>","Diverse Orationi volgarmente scritte, raccolte per Francesco Sansovino, Venice 1561, ff. 51-54v, especially f. 52 v.",59e067ba8ee1df044433e04b,59dc7544fe76834059d44423,"<Book: Le chiese di Venezia,  Alfieri, [1976, 1976, ISBN: 88-435-1065-7>","Sansovino, Delle cose notabili che sono in Venetia, Venezia 1561.",0,1
24617,58e4ce01fe7683152b58ced4,595fa048fe7683316b2de016,"<Article: ""The Accademia Venetiana, science and culture in Renaissance Venice"" in ""Studi veneziani"", 11(None) 1969, internal_id=LO10016101:1969_11:5>","Diverse Orationi volgarmente scritte, raccolte per Francesco Sansovino, Venice 1561, ff. 51-54v, especially f. 52 v.",59e067ba8ee1df044433ec4a,598881acc12c6064ec1e58d6,"<Book: Palazzi di Venezia : admiranda urbis Venetae,  La Stamperia di Venezia,, 1980>","Sansovino), Cose notabili di Venezia, Venezia, 1562.",0,1
30532,58e4ce01fe7683152b58ced4,595fa048fe7683316b2de016,"<Article: ""The Accademia Venetiana, science and culture in Renaissance Venice"" in ""Studi veneziani"", 11(None) 1969, internal_id=LO10016101:1969_11:5>","Diverse Orationi volgarmente scritte, raccolte per Francesco Sansovino, Venice 1561, ff. 51-54v, especially f. 52 v.",59e067bb8ee1df044434349a,59883adec12c602255e24505,"<Book: Grabmonumente der Dogen : Venezianische Sepulkralkunst im Cinquecento,  Thorbecke,, 1993, ISBN: 3799527117>","F. Sansovino, Delle Cose Notabili ..., Venedig 1561, fol. 17r.",0,1
50660,58e4ce01fe7683152b58ced4,595fa048fe7683316b2de016,"<Article: ""The Accademia Venetiana, science and culture in Renaissance Venice"" in ""Studi veneziani"", 11(None) 1969, internal_id=LO10016101:1969_11:5>","Diverse Orationi volgarmente scritte, raccolte per Francesco Sansovino, Venice 1561, ff. 51-54v, especially f. 52 v.",59e0adbbf98262071bfae2ad,5988466ac12c603098e24519,"<Book: Facciate sacre a scopo profano : Venezia e la politica dei monumenti dal Quattrocento al Settecento,  Istituto veneto di scienze, lettere ed arti,, 2002, ISBN: 88-88143-14-9>","Sansovino, Francesco, Delle cose notabili che sono in Venetia libri due, Venezia 1561.",0,1
58443,58e4ce01fe7683152b58ced4,595fa048fe7683316b2de016,"<Article: ""The Accademia Venetiana, science and culture in Renaissance Venice"" in ""Studi veneziani"", 11(None) 1969, internal_id=LO10016101:1969_11:5>","Diverse Orationi volgarmente scritte, raccolte per Francesco Sansovino, Venice 1561, ff. 51-54v, especially f. 52 v.",59e0adbbf98262071bfb2ad5,5988455bc12c602fc9e24507,"<Book: Memorie. Classe di scienze morali, lettere ed arti,  Istituto veneto di scienze, lettere ed arti,, 2006, ISBN: 88-88143-67-X>","FRANCESCO SANSOVINO, Delle orationi volgarmente scritte da diversi huomini illustri de tempi nostri,  Vinegia 1584, libro secondo, ff. 5r-12r,",0,1
59284,58e4ce01fe7683152b58ced4,595fa048fe7683316b2de016,"<Article: ""The Accademia Venetiana, science and culture in Renaissance Venice"" in ""Studi veneziani"", 11(None) 1969, internal_id=LO10016101:1969_11:5>","Diverse Orationi volgarmente scritte, raccolte per Francesco Sansovino, Venice 1561, ff. 51-54v, especially f. 52 v.",59e0adbbf98262071bfb31e0,5988455bc12c602fc9e24507,"<Book: Memorie. Classe di scienze morali, lettere ed arti,  Istituto veneto di scienze, lettere ed arti,, 2006, ISBN: 88-88143-67-X>","SANSOVINO, Francesco, Delle orationi volgarmente scritte da diversi huomini illustri de tempi nostri, Vinegia 1584.",0,1
60460,58e4ce01fe7683152b58ced4,595fa048fe7683316b2de016,"<Article: ""The Accademia Venetiana, science and culture in Renaissance Venice"" in ""Studi veneziani"", 11(None) 1969, internal_id=LO10016101:1969_11:5>","Diverse Orationi volgarmente scritte, raccolte per Francesco Sansovino, Venice 1561, ff. 51-54v, especially f. 52 v.",59e0adbbf98262071bfb42d3,59dc746afe76834007de8db1,"<Book: Venetian vernacular architecture : traditional housing in the Venetian lagoon,   Cambridge University Press,, 1989, ISBN: 0521345812>","Sansovino, F., Cose Notabili di Venezia (Venice 1562)",0,1
68815,58e4ce01fe7683152b58ced4,595fa048fe7683316b2de016,"<Article: ""The Accademia Venetiana, science and culture in Renaissance Venice"" in ""Studi veneziani"", 11(None) 1969, internal_id=LO10016101:1969_11:5>","Diverse Orationi volgarmente scritte, raccolte per Francesco Sansovino, Venice 1561, ff. 51-54v, especially f. 52 v.",59e0adbcf98262071bfba68e,596160a9fe7683083f65a0e2,"<Book: L'arsenale della Repubblica di Venezia,  Electa, , 1984, ISBN: 88-435-1041-X>","Basadonna, Oratione... nella morte dei reverendissimo Patriarca Contarmi, in Delie orationi volgarmente scritte, Venezia s.d. (1557), pp. 39-40.",0,1
78478,58e4ce01fe7683152b58ced4,595fa048fe7683316b2de016,"<Article: ""The Accademia Venetiana, science and culture in Renaissance Venice"" in ""Studi veneziani"", 11(None) 1969, internal_id=LO10016101:1969_11:5>","Diverse Orationi volgarmente scritte, raccolte per Francesco Sansovino, Venice 1561, ff. 51-54v, especially f. 52 v.",59e0adbcf98262071bfc0e36,59dc7509fe76834059d441d1,"<Book: Storia di Venezia,  Istituto della Enciclopedia italiana, , 1995>","Parut a, Istorie veneziane volgarmente scritte  [...], Venezia 1718",0,1
10766,58e4ce01fe7683152b58ced4,595fa048fe7683316b2de016,"<Article: ""The Accademia Venetiana, science and culture in Renaissance Venice"" in ""Studi veneziani"", 11(None) 1969, internal_id=LO10016101:1969_11:5>","Diverse Orationi volgarmente scritte, raccolte per Francesco Sansovino, Venice 1561, ff. 51-54v, especially f. 52 v.",59e0adcbf98262071bfd9f9a,5960a190fe7683675d0e8380,"<Book: Venetian narrative painting in the age of Carpaccio,  Yale university press,, 1988, ISBN: 0300040253>","Francesco Patrizi, Della historia diece dialoghi ne’ quali si ragiona di tutte le cose appartenenti all’historia, et allo scriverla, et all' osservarla, Venice, 1560.",0,1
25108,58e4ce01fe7683152b58ced4,595fa048fe7683316b2de016,"<Article: ""The Accademia Venetiana, science and culture in Renaissance Venice"" in ""Studi veneziani"", 11(None) 1969, internal_id=LO10016101:1969_11:5>","Diverse Orationi volgarmente scritte, raccolte per Francesco Sansovino, Venice 1561, ff. 51-54v, especially f. 52 v.",59e0adcbf98262071bfe4d60,59dc74e1fe768340301beb76,"<Book: Architettura e utopia nella Venezia del Cinquecento : Venezia, Palazzo Ducale, luglio-ottobre 1980,  Electa, , 1980>","1561 F. Sansovino, Cose notabili che sono in Venezia, Venezia.",0,1
40730,58e4ce01fe7683152b58ced4,595fa048fe7683316b2de016,"<Article: ""The Accademia Venetiana, science and culture in Renaissance Venice"" in ""Studi veneziani"", 11(None) 1969, internal_id=LO10016101:1969_11:5>","Diverse Orationi volgarmente scritte, raccolte per Francesco Sansovino, Venice 1561, ff. 51-54v, especially f. 52 v.",59e23a5388316162133fb659,59dc755dfe76834059d4450f,"<Book: Tullio Lombardo and ideal portrait sculpture in Renaissance Venice, 1490-1530,  Cambridge university press,, 1995, ISBN: 0521470757>","Sansovino, Francesco. Delle cose notabili che sono in Venetia, libri due, Venice, 1561",0,1
50258,58e4ce01fe7683152b58ced4,595fa048fe7683316b2de016,"<Article: ""The Accademia Venetiana, science and culture in Renaissance Venice"" in ""Studi veneziani"", 11(None) 1969, internal_id=LO10016101:1969_11:5>","Diverse Orationi volgarmente scritte, raccolte per Francesco Sansovino, Venice 1561, ff. 51-54v, especially f. 52 v.",59e23a538831616213401ed1,5960e4a3fe76836c720e8386,"<Book: Memorie. Classe di scienze morali, lettere ed arti,  Istituto veneto di scienze, lettere ed arti,, 1995, ISBN: 88-86166-21-4>","F. SANSOVINO, Delle cose notabili che sono in Venezia..., Venezia 1561, pp. 18v-19r(cfr.",0,1
60522,58e4ce01fe7683152b58ced4,595fa048fe7683316b2de016,"<Article: ""The Accademia Venetiana, science and culture in Renaissance Venice"" in ""Studi veneziani"", 11(None) 1969, internal_id=LO10016101:1969_11:5>","Diverse Orationi volgarmente scritte, raccolte per Francesco Sansovino, Venice 1561, ff. 51-54v, especially f. 52 v.",59e23a538831616213409dab,59dc7562fe76834059d44540,"<Book: Palazzo Papadopoli a Venezia,  Centro Grafico, stampa, 1993>","Francesco Sansovino, Dialogo di tutte le cose notabili che sono in Venetia, Venezia, 1561",0,1
73672,58e4ce01fe7683152b58ced4,595fa048fe7683316b2de016,"<Article: ""The Accademia Venetiana, science and culture in Renaissance Venice"" in ""Studi veneziani"", 11(None) 1969, internal_id=LO10016101:1969_11:5>","Diverse Orationi volgarmente scritte, raccolte per Francesco Sansovino, Venice 1561, ff. 51-54v, especially f. 52 v.",59e23a5488316162134136cb,59dc7550fe76834059d44486,"<Book: Venezianische Dogenportrats des 16. Jahrhunderts,  Thorbecke,, 1993, ISBN: 3799527109>","Sansovino, Francesco: Delle cose notabili che sono in Venetia, Venezia 1561.",0,1
75089,58e4ce01fe7683152b58ced4,595fa048fe7683316b2de016,"<Article: ""The Accademia Venetiana, science and culture in Renaissance Venice"" in ""Studi veneziani"", 11(None) 1969, internal_id=LO10016101:1969_11:5>","Diverse Orationi volgarmente scritte, raccolte per Francesco Sansovino, Venice 1561, ff. 51-54v, especially f. 52 v.",59e23a54883161621341453a,59dc74b7fe768340301be9ed,"<Book: La storia di Venezia nella vita privata : dalle origini alla caduta della Repubblica,  LINT,, 1973>","F. Sansovino nelle Lettere amorose di diversi huomini illustri, Venezia, 1563.",0,1
82025,58e4ce01fe7683152b58ced4,595fa048fe7683316b2de016,"<Article: ""The Accademia Venetiana, science and culture in Renaissance Venice"" in ""Studi veneziani"", 11(None) 1969, internal_id=LO10016101:1969_11:5>","Diverse Orationi volgarmente scritte, raccolte per Francesco Sansovino, Venice 1561, ff. 51-54v, especially f. 52 v.",59e23a54883161621341aa6c,59dc74c0fe768340301bea49,"<Book: Gian Francesco d'Asola e la tipografia aldina : la vita, le edizioni, la biblioteca dell'asolano,  Sagep, \1998, 1998, ISBN: 88-7058-679-0>","Lettere da diversi re e principi e cardinali e altri uomini dotti a Mons. Pietro Bembo scritte (ristampa ana statica dell’ed. Sansovino, 1560), a cura di Daria Perocco, {«Libri di lettere» del Cinquecento, 1), Sala Bolognese 1985, precisamente Ep. v, 66, f. 1241V,",0,1
15634,58e4ce01fe7683152b58ced4,595fa048fe7683316b2de016,"<Article: ""The Accademia Venetiana, science and culture in Renaissance Venice"" in ""Studi veneziani"", 11(None) 1969, internal_id=LO10016101:1969_11:5>","Diverse Orationi volgarmente scritte, raccolte per Francesco Sansovino, Venice 1561, ff. 51-54v, especially f. 52 v.",59e23a548831616213433469,59dc7528fe76834059d44307,"<Book: The architectural history of Venice,  Yale University Press, , 2002, ISBN: 0300090285>","Sansovino, Delle cose notabili che sono in Venetia, Venice, 1561, p. 24.",0,1
25107,58e4ce01fe7683152b58ced4,595fa048fe7683316b2de016,"<Article: ""The Accademia Venetiana, science and culture in Renaissance Venice"" in ""Studi veneziani"", 11(None) 1969, internal_id=LO10016101:1969_11:5>","Diverse Orationi volgarmente scritte, raccolte per Francesco Sansovino, Venice 1561, ff. 51-54v, especially f. 52 v.",59e23a54883161621343a5a8,59dc755efe76834059d4451c,"<Book: Strumenti musicali a Venezia nella storia e nell'arte dal 14. al 18. secolo,  Turris, \1995, 1995, ISBN: 88-7929-017-7>","Francesco Linarol, Lira da braccio, Venezia, 1563,",0,1
36534,58e4ce01fe7683152b58ced4,595fa048fe7683316b2de016,"<Article: ""The Accademia Venetiana, science and culture in Renaissance Venice"" in ""Studi veneziani"", 11(None) 1969, internal_id=LO10016101:1969_11:5>","Diverse Orationi volgarmente scritte, raccolte per Francesco Sansovino, Venice 1561, ff. 51-54v, especially f. 52 v.",59e23a5888316162134436f6,598842d1c12c602c11e24507,"<Book: The honest courtesan : Veronica Franco citizen and writer in sixteenth-century Venice,  University of Chicago, , 1992, ISBN: 0226728110>","Francesco Sansovino (Delle cose notabili della città di Venetia  [Venice: Comin da Trino da Monferrato, 1561])",0,1
37578,58e4ce01fe7683152b58ced4,595fa048fe7683316b2de016,"<Article: ""The Accademia Venetiana, science and culture in Renaissance Venice"" in ""Studi veneziani"", 11(None) 1969, internal_id=LO10016101:1969_11:5>","Diverse Orationi volgarmente scritte, raccolte per Francesco Sansovino, Venice 1561, ff. 51-54v, especially f. 52 v.",59e23a588831616213443d3f,598842d1c12c602c11e24507,"<Book: The honest courtesan : Veronica Franco citizen and writer in sixteenth-century Venice,  University of Chicago, , 1992, ISBN: 0226728110>","· Sansovino, Francesco. Ragionamento di NI. Francesco Sansovino nel quale brevemente s’insegna a giovani huomini la bella arte d'amore. Venice: 1545. -- Delle cose notabili della città di Venetia. Venice: Comin da Trino da Monferrato, 1561.",0,1
53816,58e4ce01fe7683152b58ced4,595fa048fe7683316b2de016,"<Article: ""The Accademia Venetiana, science and culture in Renaissance Venice"" in ""Studi veneziani"", 11(None) 1969, internal_id=LO10016101:1969_11:5>","Diverse Orationi volgarmente scritte, raccolte per Francesco Sansovino, Venice 1561, ff. 51-54v, especially f. 52 v.",59e23a58883161621344fe97,59dc7598fe76834059d44743,"<Book: Il collezionismo d'arte a Venezia,  Fondazione di Venezia,, 2007, ISBN: 978-88-317-9392-6>",1561-1631 Federico Marc'Antonio Francesco* ΓΠ Luigi “■ 71 . Zorzi 1579-1653 1582-1636 1585-1656 (0 Alvise) 1593-1630 1588-1641 Giorgio Federico* ! Marc'Antonio 1 Marc’Antonio 1613-1663 1623-1678 1622 1624-1654 Zorzi 1658-1722 Giovanni II* 1647-1722 *capofamìglia corsivo vescovo MAiuscoLETTo cardinale sottolineato doge 15·,0,1
59144,58e4ce01fe7683152b58ced4,595fa048fe7683316b2de016,"<Article: ""The Accademia Venetiana, science and culture in Renaissance Venice"" in ""Studi veneziani"", 11(None) 1969, internal_id=LO10016101:1969_11:5>","Diverse Orationi volgarmente scritte, raccolte per Francesco Sansovino, Venice 1561, ff. 51-54v, especially f. 52 v.",59e23a598831616213453ec4,59dc7554fe76834059d444b2,"<Book: Interpretazioni veneziane : studi di storia dell'arte in onore di Michelangelo Muraro,  Arsenale,, 1984>","Francesco Sansovino, Delie orationi recitate a principi di Venetia nella loro creatione da gli ambasciadori di diverse città..., Venice, 1562, p. 48,",0,1
65578,58e4ce01fe7683152b58ced4,595fa048fe7683316b2de016,"<Article: ""The Accademia Venetiana, science and culture in Renaissance Venice"" in ""Studi veneziani"", 11(None) 1969, internal_id=LO10016101:1969_11:5>","Diverse Orationi volgarmente scritte, raccolte per Francesco Sansovino, Venice 1561, ff. 51-54v, especially f. 52 v.",59e23a598831616213458cdc,595fd0acfe7683509bf6c088,"<Book: Venice and the defense of republican liberty : Renaissance values in the age of the Counter Reformation,  University of California Press,, 1968, ISBN: 0520052218>","Patrizi, Francesco, Della historia diece dialoghi ne’quali si ragiona di tutte le cose appartenenti all’historia, & allo scriverla, & all’osservarla. Venice, 1560.",0,1
71443,58e4ce01fe7683152b58ced4,595fa048fe7683316b2de016,"<Article: ""The Accademia Venetiana, science and culture in Renaissance Venice"" in ""Studi veneziani"", 11(None) 1969, internal_id=LO10016101:1969_11:5>","Diverse Orationi volgarmente scritte, raccolte per Francesco Sansovino, Venice 1561, ff. 51-54v, especially f. 52 v.",59e23a59883161621345ccdb,59dc74e2fe768340301beb8b,"<Book: Fanti e denari : sei secoli di giochi d'azzardo,  Arsenale, \1989, 1989, ISBN: 88-7743-045-1>","FRANCESCO CITOLINI La Tipocosmia di Alessandro Citolini da Serravalle In Venetia, appresso Vincenzo Valgrisi, 1561",0,1
25725,58e4ce01fe7683152b58ced4,595fa048fe7683316b2de016,"<Article: ""The Accademia Venetiana, science and culture in Renaissance Venice"" in ""Studi veneziani"", 11(None) 1969, internal_id=LO10016101:1969_11:5>","Diverse Orationi volgarmente scritte, raccolte per Francesco Sansovino, Venice 1561, ff. 51-54v, especially f. 52 v.",59e2c59d88316171ebb3bf82,59dc74cdfe768340301beacf,"<Book: Il disegno veneziano del Cinquecento,  Electa, \2001, 2001, ISBN: 88-435-7247-4>","Francesco Vecellio, Paris Bordon e Lorenzo Lotto. 1515-1535 108.Francesco Vecellio (Pieve di Cadore 1475 circa - Pieve di Cadore 1560",0,1
43821,58e4ce01fe7683152b58ced4,595fa048fe7683316b2de016,"<Article: ""The Accademia Venetiana, science and culture in Renaissance Venice"" in ""Studi veneziani"", 11(None) 1969, internal_id=LO10016101:1969_11:5>","Diverse Orationi volgarmente scritte, raccolte per Francesco Sansovino, Venice 1561, ff. 51-54v, especially f. 52 v.",59e2c59d88316171ebb49d95,595faf37fe7683456ff6c034,"<Book: Jacopo Sansovino : architecture and patronage in Renaissance Venice,  Yale university press,, 1975, ISBN: 0300018916>","Sansovino, Delle cose notabili che sono in Venetia (Venice 1561), c. 21t. 124.Sansovino-Martinioni, pp. 307-08;",0,1
43835,58e4ce01fe7683152b58ced4,595fa048fe7683316b2de016,"<Article: ""The Accademia Venetiana, science and culture in Renaissance Venice"" in ""Studi veneziani"", 11(None) 1969, internal_id=LO10016101:1969_11:5>","Diverse Orationi volgarmente scritte, raccolte per Francesco Sansovino, Venice 1561, ff. 51-54v, especially f. 52 v.",59e2c59d88316171ebb49ddb,595faf37fe7683456ff6c034,"<Book: Jacopo Sansovino : architecture and patronage in Renaissance Venice,  Yale university press,, 1975, ISBN: 0300018916>","Sansovino, Delle cose notabili che sono in Venetia (Venice 1561), c. 24.",0,1
43969,58e4ce01fe7683152b58ced4,595fa048fe7683316b2de016,"<Article: ""The Accademia Venetiana, science and culture in Renaissance Venice"" in ""Studi veneziani"", 11(None) 1969, internal_id=LO10016101:1969_11:5>","Diverse Orationi volgarmente scritte, raccolte per Francesco Sansovino, Venice 1561, ff. 51-54v, especially f. 52 v.",59e2c59d88316171ebb49f55,595faf37fe7683456ff6c034,"<Book: Jacopo Sansovino : architecture and patronage in Renaissance Venice,  Yale university press,, 1975, ISBN: 0300018916>","Sansovino, Delle cose notabili che sono in Venetia (Venice 1561), c. 29.",0,1
44035,58e4ce01fe7683152b58ced4,595fa048fe7683316b2de016,"<Article: ""The Accademia Venetiana, science and culture in Renaissance Venice"" in ""Studi veneziani"", 11(None) 1969, internal_id=LO10016101:1969_11:5>","Diverse Orationi volgarmente scritte, raccolte per Francesco Sansovino, Venice 1561, ff. 51-54v, especially f. 52 v.",59e2c59d88316171ebb4a092,595faf37fe7683456ff6c034,"<Book: Jacopo Sansovino : architecture and patronage in Renaissance Venice,  Yale university press,, 1975, ISBN: 0300018916>","F. Sansovino, Delle cose notabili che sono in Venetia (Venice 1561),",0,1
49464,58e4ce01fe7683152b58ced4,595fa048fe7683316b2de016,"<Article: ""The Accademia Venetiana, science and culture in Renaissance Venice"" in ""Studi veneziani"", 11(None) 1969, internal_id=LO10016101:1969_11:5>","Diverse Orationi volgarmente scritte, raccolte per Francesco Sansovino, Venice 1561, ff. 51-54v, especially f. 52 v.",59e2c59d88316171ebb4dabf,5988822ec12c6064de1e58db,"<Book: L'architettura veneziana del primo Rinascimento,  Marsilio, , 1983, ISBN: 88-317-4659-6>","Sansovino, Francesco, Delle cose notabili che sono in Venetia; libri due, Venezia, Comin da Trino, 1561",0,1
50036,58e4ce01fe7683152b58ced4,595fa048fe7683316b2de016,"<Article: ""The Accademia Venetiana, science and culture in Renaissance Venice"" in ""Studi veneziani"", 11(None) 1969, internal_id=LO10016101:1969_11:5>","Diverse Orationi volgarmente scritte, raccolte per Francesco Sansovino, Venice 1561, ff. 51-54v, especially f. 52 v.",59e2c59d88316171ebb4dd31,5988822ec12c6064de1e58db,"<Book: L'architettura veneziana del primo Rinascimento,  Marsilio, , 1983, ISBN: 88-317-4659-6>","Books, 1969 Sansovino, Francesco, Delle cose notabili che sono in Venetia ; libri due, Venezia, Comin da Trino, 1561",0,1
52302,58e4ce01fe7683152b58ced4,595fa048fe7683316b2de016,"<Article: ""The Accademia Venetiana, science and culture in Renaissance Venice"" in ""Studi veneziani"", 11(None) 1969, internal_id=LO10016101:1969_11:5>","Diverse Orationi volgarmente scritte, raccolte per Francesco Sansovino, Venice 1561, ff. 51-54v, especially f. 52 v.",59e2c59d88316171ebb4fb73,59dc752afe76834059d4431a,"<Book: Chiese di Venezia,  Arsenale,, 2010, ISBN: 978-88-7743-354-1>","Sebastiano, educato al cristianesimo, si trasferì da Milano a Roma dove intraprese la carriera militare nell'esercito di Diocleziano che lo apprezzava per intelligenza e lealtà, non sospettando della sua fede religiosa. Grazie alla sua posizione poteva aiutare i cristiani prigionieri nelle carceri, dove riuscì a convincere i fratelli Marco e Marcelliano a non abiurare in cambio della salvezza. A ciò seguirono molte conversioni e perciò l'imperatore infuriato ordinò protagonisti assoluti dell'articolata rappresentazione: alla Madonna col Bambino in gloria e i santi Caterina, Elisabetta, Sebastiano, Pietro e Francesco ( 1560 - 1562 ), seduta su vaporose nubi, guarda san Sebastiano legato alla colonna. A santificare la famiglia committente compaiono i santi eponimi Pietro, le cui chiavi sono significativamente poggiate sulla pietra angolare, Giovanni, Francesco, Caterina ed Elisabetta. «La decorazione del presbiterio è anche ricapitolazione e culmine della pittura dello stesso Veronese, della sua capacità di sintesi visiva, di coordinazione tematica, spaziale, scenografica, che raccorda ed amplifica la dimensione architettonica, plastica e figurativa in quel che si potrebbe definire a giusto titolo un ""bel composto"", forse mai più, a Venezia, come nella chiesa di San Sebastiano» (Gentili, Di Monte 2005 ). che fosse legato a una colonna e sottoposto al lancio delle frecce. Creduto morto, il suo corpo fu abbandonato e soccorso dalla nobile vedova Irene che lo curò. Miracolosamente guarito Sebastiano si presentò nuovamente al cospetto di Diocleziano per rimproverarlo delle persecuzioni inflitte ai cristiani e questa volta fu condannato alla flagellazione e il suo corpo gettato nella Cloaca Massima. Avvisata in sogno dal martire, la matrona Lucina recuperò 184 San Sebastiano",0,1
60370,58e4ce01fe7683152b58ced4,595fa048fe7683316b2de016,"<Article: ""The Accademia Venetiana, science and culture in Renaissance Venice"" in ""Studi veneziani"", 11(None) 1969, internal_id=LO10016101:1969_11:5>","Diverse Orationi volgarmente scritte, raccolte per Francesco Sansovino, Venice 1561, ff. 51-54v, especially f. 52 v.",59e2c59d88316171ebb55399,5988a73cc12c607d121e58d1,"<Book: Ambiente veneziano, ambiente veneto : saggi su politica, società, cultura nella Repubblica di Venezia in età moderna,  Marsilio, \1997, 1997, ISBN: 88-317-6709-7>","F. Sansovino aveva compreso pressoché integralmente quella traduzione di Utopia - da lui riveduta, egli avverte - nella raccolta di celebri testi su «stati antichi e moderni effettivamente esistiti» (eccezion fatta per «la república di Utopia», «tutta finta, ma bella in effetto») intitolata Del governo dei regni et delle republiche così antiche come moderne, Venetia 1561",0,1
81802,58e4ce01fe7683152b58ced4,595fa048fe7683316b2de016,"<Article: ""The Accademia Venetiana, science and culture in Renaissance Venice"" in ""Studi veneziani"", 11(None) 1969, internal_id=LO10016101:1969_11:5>","Diverse Orationi volgarmente scritte, raccolte per Francesco Sansovino, Venice 1561, ff. 51-54v, especially f. 52 v.",59e2c59e88316171ebb66457,595ffa17fe768355c4f6c02e,"<Book: L'architettura veneziana del primo Rinascimento,  Marsilio,, 1995, ISBN: 88-317-6212-5>","MAURO CODUSSI 24. PALAZZO VENDRAMIN-CALERGI Il palazzo successivo di Codussi, il Vendramin-Calergi, in origi- 203 ne Loredan, è sullo stesso lato del Canal Grande, ma più vicino alPestremità opposta, poco più a est della chiesa di San Marcuola. Fu salutato come il più sontuoso palazzo privato mai costruito a Venezia, e da allora è sempre stato elogiato. Le prime testimonianze scritte, di Francesco Sansovino, nel 1561 e 1581, ne sottolineano già la qualità: È per tanto da sapere che i principalissimi di tutti i Palazzi del Canal grande, sono quattro [questo, uno di Sanmicheli e due di suo padre] parlo per architettura, per artificio di pietre vive, per magistero, per grandezza di corpo & di spesa [...] Il Loredano adunque di gran corpo, & di grand’altezza, & anteriore",0,1
85205,58e4ce01fe7683152b58ced4,595fa048fe7683316b2de016,"<Article: ""The Accademia Venetiana, science and culture in Renaissance Venice"" in ""Studi veneziani"", 11(None) 1969, internal_id=LO10016101:1969_11:5>","Diverse Orationi volgarmente scritte, raccolte per Francesco Sansovino, Venice 1561, ff. 51-54v, especially f. 52 v.",59e2c59e88316171ebb69053,59600163fe76835612f6c03e,"<Book: Storia e politica nei dipinti di Palazzo Ducale : aspetti dell'autocelebrazione della Repubblica di Venezia nel Cinquecento,  Arsenale, , 1987, ISBN: 88-7743-024-9>","GUICCIARDINI, FRANCESCO: La historia d’Italia di M. Francesco Guicciardini... riveduta et corretta per Francesco Sansovino, Venezia 1562.",0,1
85334,58e4ce01fe7683152b58ced4,595fa048fe7683316b2de016,"<Article: ""The Accademia Venetiana, science and culture in Renaissance Venice"" in ""Studi veneziani"", 11(None) 1969, internal_id=LO10016101:1969_11:5>","Diverse Orationi volgarmente scritte, raccolte per Francesco Sansovino, Venice 1561, ff. 51-54v, especially f. 52 v.",59e2c59e88316171ebb690e0,59600163fe76835612f6c03e,"<Book: Storia e politica nei dipinti di Palazzo Ducale : aspetti dell'autocelebrazione della Repubblica di Venezia nel Cinquecento,  Arsenale, , 1987, ISBN: 88-7743-024-9>","MALIPIERO, DOMENICO: “Annali Veneti dall’anno 1457 al 1500 ed. T. Gar e A. Sagredo”, Archivio Storico Italiano, tomo VII, P. I (1843-44). MALMIGNATTI, BARTOLOMEO: “Oratione di M. Bartolomeo Malmi-gnatti Ambasciador di Lendenara al Principe Veniero”, in: SANSOVINO, Delle orationi recitate a Principi di Venetia, I, Venezia 1562, pp. 51-56. MALSBURG,",0,1
85355,58e4ce01fe7683152b58ced4,595fa048fe7683316b2de016,"<Article: ""The Accademia Venetiana, science and culture in Renaissance Venice"" in ""Studi veneziani"", 11(None) 1969, internal_id=LO10016101:1969_11:5>","Diverse Orationi volgarmente scritte, raccolte per Francesco Sansovino, Venice 1561, ff. 51-54v, especially f. 52 v.",59e2c59e88316171ebb690f5,59600163fe76835612f6c03e,"<Book: Storia e politica nei dipinti di Palazzo Ducale : aspetti dell'autocelebrazione della Repubblica di Venezia nel Cinquecento,  Arsenale, , 1987, ISBN: 88-7743-024-9>","MASENETTI: “Oratione del Masenetti padovano al principe Veniero”, in: SANSOVINO Delle Orationi (1562), pp. 45 ss.",0,1
85580,58e4ce01fe7683152b58ced4,595fa048fe7683316b2de016,"<Article: ""The Accademia Venetiana, science and culture in Renaissance Venice"" in ""Studi veneziani"", 11(None) 1969, internal_id=LO10016101:1969_11:5>","Diverse Orationi volgarmente scritte, raccolte per Francesco Sansovino, Venice 1561, ff. 51-54v, especially f. 52 v.",59e2c59e88316171ebb691ec,59600163fe76835612f6c03e,"<Book: Storia e politica nei dipinti di Palazzo Ducale : aspetti dell'autocelebrazione della Repubblica di Venezia nel Cinquecento,  Arsenale, , 1987, ISBN: 88-7743-024-9>","GUISCONI (1556). SANSOVINO, FRANCESCO: Dialogo di tutte le cose notabili che sono in Venetic, cioè pittori e pitture, scultori e sculture, usanze antiche, fabriche e palazzi, huomi-ni virtuosi, principi di Venezia, tutti i patriarchi, Venezia 1561",0,1
85581,58e4ce01fe7683152b58ced4,595fa048fe7683316b2de016,"<Article: ""The Accademia Venetiana, science and culture in Renaissance Venice"" in ""Studi veneziani"", 11(None) 1969, internal_id=LO10016101:1969_11:5>","Diverse Orationi volgarmente scritte, raccolte per Francesco Sansovino, Venice 1561, ff. 51-54v, especially f. 52 v.",59e2c59e88316171ebb691ed,59600163fe76835612f6c03e,"<Book: Storia e politica nei dipinti di Palazzo Ducale : aspetti dell'autocelebrazione della Repubblica di Venezia nel Cinquecento,  Arsenale, , 1987, ISBN: 88-7743-024-9>","(a). SANSOVINO, FRANCESCO: Delle Cose notabili che sono in Venetia libri due,  Venezia 1561",0,1
85582,58e4ce01fe7683152b58ced4,595fa048fe7683316b2de016,"<Article: ""The Accademia Venetiana, science and culture in Renaissance Venice"" in ""Studi veneziani"", 11(None) 1969, internal_id=LO10016101:1969_11:5>","Diverse Orationi volgarmente scritte, raccolte per Francesco Sansovino, Venice 1561, ff. 51-54v, especially f. 52 v.",59e2c59e88316171ebb691ee,59600163fe76835612f6c03e,"<Book: Storia e politica nei dipinti di Palazzo Ducale : aspetti dell'autocelebrazione della Repubblica di Venezia nel Cinquecento,  Arsenale, , 1987, ISBN: 88-7743-024-9>","SANSOVINO, FRANCESCO: Delle orationi recitate a principi di Venetia nella loro creatione dagli ambasciadori di diverse città... libro primo, Venezia 1562.",0,1
85710,58e4ce01fe7683152b58ced4,595fa048fe7683316b2de016,"<Article: ""The Accademia Venetiana, science and culture in Renaissance Venice"" in ""Studi veneziani"", 11(None) 1969, internal_id=LO10016101:1969_11:5>","Diverse Orationi volgarmente scritte, raccolte per Francesco Sansovino, Venice 1561, ff. 51-54v, especially f. 52 v.",59e2c59e88316171ebb69277,59600163fe76835612f6c03e,"<Book: Storia e politica nei dipinti di Palazzo Ducale : aspetti dell'autocelebrazione della Repubblica di Venezia nel Cinquecento,  Arsenale, , 1987, ISBN: 88-7743-024-9>","TOMITANO, BERNARDINO: “Oratione di M. Bernardin Tomitano mandato per nome dello studio padovano al principe Trevisano”, in: SANSOVINO (1562, pp. 13 sgg.).",0,1
89809,58e4ce01fe7683152b58ced4,595fa048fe7683316b2de016,"<Article: ""The Accademia Venetiana, science and culture in Renaissance Venice"" in ""Studi veneziani"", 11(None) 1969, internal_id=LO10016101:1969_11:5>","Diverse Orationi volgarmente scritte, raccolte per Francesco Sansovino, Venice 1561, ff. 51-54v, especially f. 52 v.",59e2c59e88316171ebb6c9c1,595fac69fe768340faf6c04d,"<Book: Venezia e la difesa della liberta repubblicana : i valori del Rinascimento nell'eta della Controriforma,  Il mulino, [1977, 1977>","Patrizi, Francesco, Della historia diece dialoghi ne' quali si ragiona di tutte le cose appartenenti all’historia, & allo scriverla, & all’osservar - la, Venezia, 1560.",0,1
97385,58e4ce01fe7683152b58ced4,595fa048fe7683316b2de016,"<Article: ""The Accademia Venetiana, science and culture in Renaissance Venice"" in ""Studi veneziani"", 11(None) 1969, internal_id=LO10016101:1969_11:5>","Diverse Orationi volgarmente scritte, raccolte per Francesco Sansovino, Venice 1561, ff. 51-54v, especially f. 52 v.",59e2c59e88316171ebb73c31,59dc75a6fe76834059d447cc,"<Book: Becoming Venetian : immigrants and the arts in early modern Venice,  Yale University Press,, 2010, ISBN: 9780300148817>","Francesco Sansovino, Le osservationi delta lingua volgare, Venice, 1562.",0,1
97828,58e4ce01fe7683152b58ced4,595fa048fe7683316b2de016,"<Article: ""The Accademia Venetiana, science and culture in Renaissance Venice"" in ""Studi veneziani"", 11(None) 1969, internal_id=LO10016101:1969_11:5>","Diverse Orationi volgarmente scritte, raccolte per Francesco Sansovino, Venice 1561, ff. 51-54v, especially f. 52 v.",59e2c59e88316171ebb741e2,59dc75a6fe76834059d447cc,"<Book: Becoming Venetian : immigrants and the arts in early modern Venice,  Yale University Press,, 2010, ISBN: 9780300148817>","Sansovino, Francesco. Delle cose notabili che sono in Venetia. Venice, 1561.",0,1
1158,58e4ce01fe7683152b58ced4,595fa048fe7683316b2de016,"<Article: ""The Accademia Venetiana, science and culture in Renaissance Venice"" in ""Studi veneziani"", 11(None) 1969, internal_id=LO10016101:1969_11:5>","Diverse Orationi volgarmente scritte, raccolte per Francesco Sansovino, Venice 1561, ff. 51-54v, especially f. 52 v.",59e2c59e88316171ebb76859,595ffc1cfe768355bcf6c055,"<Book: Venedig: die Kunst der Renaissance : Architektur, Skulptur, Malerei, 1460-1590,  C.H. Beck, , 1986, ISBN: 3406311083>","Sansovino, Francesco: Dialogo di tutte le cose notabili che sono in Venetia etc., Venezia 1561",0,1
22707,58e4ce01fe7683152b58ced4,595fa048fe7683316b2de016,"<Article: ""The Accademia Venetiana, science and culture in Renaissance Venice"" in ""Studi veneziani"", 11(None) 1969, internal_id=LO10016101:1969_11:5>","Diverse Orationi volgarmente scritte, raccolte per Francesco Sansovino, Venice 1561, ff. 51-54v, especially f. 52 v.",59e2c5a888316171ebb878b6,5960c5aafe7683697d0e839a,"<Book: The horses of San Marco and the quadriga of the lord,  Princeton University Press, , 1993, ISBN: 069103270X>","F. Sansovino, Delle cose notabili che sono in Venetia, librili (Venice, 1561),",0,1
23152,58e4ce01fe7683152b58ced4,595fa048fe7683316b2de016,"<Article: ""The Accademia Venetiana, science and culture in Renaissance Venice"" in ""Studi veneziani"", 11(None) 1969, internal_id=LO10016101:1969_11:5>","Diverse Orationi volgarmente scritte, raccolte per Francesco Sansovino, Venice 1561, ff. 51-54v, especially f. 52 v.",59e2c5a888316171ebb87bf9,5960c5aafe7683697d0e839a,"<Book: The horses of San Marco and the quadriga of the lord,  Princeton University Press, , 1993, ISBN: 069103270X>","Sansovino, Francesco. Delle cose notabili che sono in Venetia, libri 11 . Venice, 1561.",0,1
35056,58e4ce01fe7683152b58ced4,595fa048fe7683316b2de016,"<Article: ""The Accademia Venetiana, science and culture in Renaissance Venice"" in ""Studi veneziani"", 11(None) 1969, internal_id=LO10016101:1969_11:5>","Diverse Orationi volgarmente scritte, raccolte per Francesco Sansovino, Venice 1561, ff. 51-54v, especially f. 52 v.",59e2c5a988316171ebb91e52,5964a539fe76833e7dc8a7bb,"<Book: Peintres et commanditaires à Venise, 1540-1628,  École française de Rome,, 1992, ISBN: 2728302312 (NR. STD formalmente errato)>","[Sansovino, Francesco] : Delle cose notabili che sono in Venetia, libri due, Venise, Comin da Trino, 1561.",0,1
42774,58e4ce01fe7683152b58ced4,595fa048fe7683316b2de016,"<Article: ""The Accademia Venetiana, science and culture in Renaissance Venice"" in ""Studi veneziani"", 11(None) 1969, internal_id=LO10016101:1969_11:5>","Diverse Orationi volgarmente scritte, raccolte per Francesco Sansovino, Venice 1561, ff. 51-54v, especially f. 52 v.",59e2c5a988316171ebb97e1f,595fad09fe768340f0f6c057,"<Book: De origine, situ et magistratibus urbis Venetae, ovvero La città di Venetia (1493-1530),  Cisalpino-La goliardica, stampa, 1980, ISBN: 88-205-0251-8>","Ducum in latino curiale, alla metà del Duecento con la lingua cortese del Les Estoires de Venise di Martino da Canal, fino alla Cronaca ormai in volgare di Enrico Dandolo, del 1360, e rimbalza pur con valenze diverse, da Pier Paolo Vergerlo senior (De república Veneta), a Marco Antonio Sabellico (De Venetae urbis situ, De magistratibus), Marin Sañudo (De origine, situ et magistratibus urbis Venetae), Domenico Morosini (De bene instituta Re publica), Gasparo Contarmi (Della repubblica et magistrati di Venetia), al fiorentino Donato Giannotti (Libro de la república de Vinitiani)  fino a trovare quasi codificazione nelle due opere di Francesco Sansovino: Delle cose notabili che sono in Venetia, Venetia, Comin da Trino, 1561 e Venetia città nobilissima et singolare, descritta in XIII libri, in Venetia, appresso Jacomo Sansovino, MDLXXXI.",0,1
44619,58e4ce01fe7683152b58ced4,595fa048fe7683316b2de016,"<Article: ""The Accademia Venetiana, science and culture in Renaissance Venice"" in ""Studi veneziani"", 11(None) 1969, internal_id=LO10016101:1969_11:5>","Diverse Orationi volgarmente scritte, raccolte per Francesco Sansovino, Venice 1561, ff. 51-54v, especially f. 52 v.",59e2c5a988316171ebb9a0ee,59dc7536fe76834059d4439f,"<Book: Visions of Venice in Shakespeare,  Ashgate,, 2011, ISBN: 9781409405474>","Sansovino, Francesco. Delle cose notabili che sono in Venetia libri due. etc. Venice: Comin da Trino, 1561.",0,1
45530,58e4ce01fe7683152b58ced4,595fa048fe7683316b2de016,"<Article: ""The Accademia Venetiana, science and culture in Renaissance Venice"" in ""Studi veneziani"", 11(None) 1969, internal_id=LO10016101:1969_11:5>","Diverse Orationi volgarmente scritte, raccolte per Francesco Sansovino, Venice 1561, ff. 51-54v, especially f. 52 v.",59e2c5a988316171ebb9a9b6,59600205fe76835616f6c084,"<Book: Nel regno dei poveri : arte e storia dei grandi ospedali veneziani in eta moderna,  Arsenale ed.,, 1989, ISBN: 88-7743-059-1>","chirurgo .non si occupava solo di ferite, fratture e operazioni chirurgiche, ma di tutte le lesioni esterne, comprese ulcere, piaghe e gonfiori; il suo ruolo era dunque importante. A partire almeno dal 1546, e forse prima, sino al 1556 il chirurgo era Francesco Litigato (o Litegato) di Lendinara. Fu seguito da Gabriel Patena, che prestò servizio per breve tempo nel 1557 e da Francesco da Castello, che rassegnò le dimissioni nel 155935· Tutti costoro appartenevano al Collegio dei Chirurghi36; in quanto tali, facevano parte dell’élite dei chirurghi della città, ben distinti dalla più umile arte dei barbieri; godevano di privilegi speciali, e in particolare del diritto di prescrivere medicine per uso interno nel trattamento di casi chirurgici. Francesco da Castello, membro di una famiglia di medici ben nota a Venezia, prestò servizio come chirurgo anche presso un altro ospedale, quello dei Santi Pietro e Paolo37. Francesco Litigato (o Litegato) aveva una laurea in chirurgia, ed era tra i membri più eminenti della sua professione. Egli ottenne la cattedra di chirurgia a Padova nel 1535, e fu anche assistente di Gabriele Falloppio nell’insegnamento dell’anatomia, nel 1562. Probabilmente il suo incarico presso l’ospedale dei Derelitti gli diede la possibilità di portare avanti e sviluppare il proprio interesse per questa materia. I corpi dei poveri privi di parenti, che morivano all’ospedale, venivano spesso usati per anatomia, e nel 1562 i provveditori alla Sanità",0,1
48251,58e4ce01fe7683152b58ced4,595fa048fe7683316b2de016,"<Article: ""The Accademia Venetiana, science and culture in Renaissance Venice"" in ""Studi veneziani"", 11(None) 1969, internal_id=LO10016101:1969_11:5>","Diverse Orationi volgarmente scritte, raccolte per Francesco Sansovino, Venice 1561, ff. 51-54v, especially f. 52 v.",59e2c5a988316171ebb9cfef,59dc75a0fe76834059d44792,"<Book: Le schede dei manoscritti medievali e umanistici del fondo E. A. Cicogna,  Centro di studi medievali e rinascimentali E. A. Cicogna, stampa, 2008, ISBN: 978-88-96543-01-6>","Sansovino, Delle orationi volgarmente scritte da diuersi huomini illustri de tempi nostri, libro primo [-secondo] Raccolte già dalla felice memoria del signor Francesa Sansouino,&hora in questa nostra vltima impressione arricchite di molte altre non piu stampate. Con due tauole, vna delle orationi, & materie che trattano, l’altra delle cose notabili, Venezia, presso Altobello Salicato, per Io. Antonium & fratres de Sabio, 1584, pp. 6-7.",0,1
48870,58e4ce01fe7683152b58ced4,595fa048fe7683316b2de016,"<Article: ""The Accademia Venetiana, science and culture in Renaissance Venice"" in ""Studi veneziani"", 11(None) 1969, internal_id=LO10016101:1969_11:5>","Diverse Orationi volgarmente scritte, raccolte per Francesco Sansovino, Venice 1561, ff. 51-54v, especially f. 52 v.",59e2c5a988316171ebb9d9ac,59dc75a0fe76834059d44792,"<Book: Le schede dei manoscritti medievali e umanistici del fondo E. A. Cicogna,  Centro di studi medievali e rinascimentali E. A. Cicogna, stampa, 2008, ISBN: 978-88-96543-01-6>","Francesco Sansovino, Delle orationi volgarmente scritte da diversi huomini illustri de tempi nostri, libro primo [-secondo] raccolte già dalla felice memoria del signor Francesco Sansouino, & hora in questa nostra vltima impressione arricchite di molte altre non più stampate. Con due tavole, vna delle orationi, & materie che trattano, l’altra delle cose notabili, Venezia, presso Altobello Salicato, alla libreria della Fortezza, 1584.",0,1
49985,58e4ce01fe7683152b58ced4,595fa048fe7683316b2de016,"<Article: ""The Accademia Venetiana, science and culture in Renaissance Venice"" in ""Studi veneziani"", 11(None) 1969, internal_id=LO10016101:1969_11:5>","Diverse Orationi volgarmente scritte, raccolte per Francesco Sansovino, Venice 1561, ff. 51-54v, especially f. 52 v.",59e2c5a988316171ebb9e987,59dc74adfe768340301be989,"<Book: Palladio e Venezia,  Sansoni, [1982, 1982>","Sansovino, Delle cose notabili che sono a Venetia, Venezia 1561, c. lv.",0,1
57679,58e4ce01fe7683152b58ced4,595fa048fe7683316b2de016,"<Article: ""The Accademia Venetiana, science and culture in Renaissance Venice"" in ""Studi veneziani"", 11(None) 1969, internal_id=LO10016101:1969_11:5>","Diverse Orationi volgarmente scritte, raccolte per Francesco Sansovino, Venice 1561, ff. 51-54v, especially f. 52 v.",59e2c5a988316171ebba4ac2,595facf2fe768340ecf6c02b,"<Book: Il rituale civico a Venezia nel Rinascimento,  Il veltro,, 1984, ISBN: 88-85015-22-0>","F. Sansovino, Delle orationi recitate a principi di Veneti nella loro creatione da gli ambasciadori di diverse città..., Venezia 1562, c. 6 r.",0,1
96164,58e4ce01fe7683152b58ced4,595fa048fe7683316b2de016,"<Article: ""The Accademia Venetiana, science and culture in Renaissance Venice"" in ""Studi veneziani"", 11(None) 1969, internal_id=LO10016101:1969_11:5>","Diverse Orationi volgarmente scritte, raccolte per Francesco Sansovino, Venice 1561, ff. 51-54v, especially f. 52 v.",59e2c5aa88316171ebbc0f32,59615449fe768304ed65a0ee,"<Book: Arte antica e cultura antiquaria nelle collezioni venete al tempo della Serenissima,  L'Erma di Bretschneider,, 1990, ISBN: 88-7062-701-2>","F. Sansovino, Delle cose notabili che sono in Venetia, Venetia 1561.",0,1
12844,58e4ce01fe7683152b58ced4,595fa048fe7683316b2de016,"<Article: ""The Accademia Venetiana, science and culture in Renaissance Venice"" in ""Studi veneziani"", 11(None) 1969, internal_id=LO10016101:1969_11:5>","Diverse Orationi volgarmente scritte, raccolte per Francesco Sansovino, Venice 1561, ff. 51-54v, especially f. 52 v.",59e2c5aa88316171ebbcb797,59dc74a7fe768340301be944,"<Book: 3: Dal primo Quattrocento al Concilio di Trento. -,  N. Pozza, °1980, 1980>","Sansovino, Cento novelle scelte da’ più nobili scrittori della lingua volgare, Venezia 1561.",0,1
14790,58e4ce01fe7683152b58ced4,595fa048fe7683316b2de016,"<Article: ""The Accademia Venetiana, science and culture in Renaissance Venice"" in ""Studi veneziani"", 11(None) 1969, internal_id=LO10016101:1969_11:5>","Diverse Orationi volgarmente scritte, raccolte per Francesco Sansovino, Venice 1561, ff. 51-54v, especially f. 52 v.",59e2c5aa88316171ebbccb57,59600160fe76835612f6c038,"<Book: Christ in the Council Hall : studies in the religious iconography of the Venetian Republic,  L'erma di Bretschneider,, 1974>","Sansovino, Francesco. Delle Orationi recitate a principi di Venetia nella loro creatione da gli ambasciadori di diverse città, Libro primo... raccolte per Francesco Sansovino, Venice 1562",0,1
27383,58e4ce01fe7683152b58ced4,595fa048fe7683316b2de016,"<Article: ""The Accademia Venetiana, science and culture in Renaissance Venice"" in ""Studi veneziani"", 11(None) 1969, internal_id=LO10016101:1969_11:5>","Diverse Orationi volgarmente scritte, raccolte per Francesco Sansovino, Venice 1561, ff. 51-54v, especially f. 52 v.",59e332f58831617f5edd69a1,5988461dc12c6030b8e24525,"<Book: Dell'arabico : a Venezia tra Rinascimento e Oriente,  Marsilio,, 1994, ISBN: 88-317-5970-1>","F. Sansovino, Delle cose notabili che sono in Venetia libri due, Venezia 1562, p. 70;",0,1
37647,58e4ce01fe7683152b58ced4,595fa048fe7683316b2de016,"<Article: ""The Accademia Venetiana, science and culture in Renaissance Venice"" in ""Studi veneziani"", 11(None) 1969, internal_id=LO10016101:1969_11:5>","Diverse Orationi volgarmente scritte, raccolte per Francesco Sansovino, Venice 1561, ff. 51-54v, especially f. 52 v.",59e332f68831617f5edde3e4,59621ddafe76832067212695,"<Book: Repertorio di storiografia veneziana : testi e studi,  Il poligrafo, \1998, 1998, ISBN: 88-7115-096-1>","Sansovino Francesco, Delle cose notabili che sono in Venetia. Libri due, Venezia 1562",0,1
37769,58e4ce01fe7683152b58ced4,595fa048fe7683316b2de016,"<Article: ""The Accademia Venetiana, science and culture in Renaissance Venice"" in ""Studi veneziani"", 11(None) 1969, internal_id=LO10016101:1969_11:5>","Diverse Orationi volgarmente scritte, raccolte per Francesco Sansovino, Venice 1561, ff. 51-54v, especially f. 52 v.",59e332f68831617f5edde47e,59621ddafe76832067212695,"<Book: Repertorio di storiografia veneziana : testi e studi,  Il poligrafo, \1998, 1998, ISBN: 88-7115-096-1>","Sansovino Francesco, Del governo et amministratione di diversi regni et republiche così antiche come moderne,  Venezia 1561",0,1
37865,58e4ce01fe7683152b58ced4,595fa048fe7683316b2de016,"<Article: ""The Accademia Venetiana, science and culture in Renaissance Venice"" in ""Studi veneziani"", 11(None) 1969, internal_id=LO10016101:1969_11:5>","Diverse Orationi volgarmente scritte, raccolte per Francesco Sansovino, Venice 1561, ff. 51-54v, especially f. 52 v.",59e332f68831617f5edde4e4,59621ddafe76832067212695,"<Book: Repertorio di storiografia veneziana : testi e studi,  Il poligrafo, \1998, 1998, ISBN: 88-7115-096-1>","Sansovino Francesco, Dell’arte oratoria libri due nei quali si contiene l’ordine delle cose che si ricercano all’oratore,  Venezia 1561",0,1
37866,58e4ce01fe7683152b58ced4,595fa048fe7683316b2de016,"<Article: ""The Accademia Venetiana, science and culture in Renaissance Venice"" in ""Studi veneziani"", 11(None) 1969, internal_id=LO10016101:1969_11:5>","Diverse Orationi volgarmente scritte, raccolte per Francesco Sansovino, Venice 1561, ff. 51-54v, especially f. 52 v.",59e332f68831617f5edde4e5,59621ddafe76832067212695,"<Book: Repertorio di storiografia veneziana : testi e studi,  Il poligrafo, \1998, 1998, ISBN: 88-7115-096-1>","Sansovino Francesco, Delle orationi volgarmente scritte da diversi huomini illustri de’ tempi nostri, 1, Libro primo nel",0,1
66427,58e4ce01fe7683152b58ced4,595fa048fe7683316b2de016,"<Article: ""The Accademia Venetiana, science and culture in Renaissance Venice"" in ""Studi veneziani"", 11(None) 1969, internal_id=LO10016101:1969_11:5>","Diverse Orationi volgarmente scritte, raccolte per Francesco Sansovino, Venice 1561, ff. 51-54v, especially f. 52 v.",59e332f78831617f5edf15c8,5960c16ffe768369330e83b9,"<Book: Venezia e Ungheria nel Rinascimento,  L. S. Olschki,, 1973>","Francesco Patrizzi (1529-1597), Della historia dieci dialoghi,  Venezia, 1560.",0,1
82797,58e4ce01fe7683152b58ced4,595fa048fe7683316b2de016,"<Article: ""The Accademia Venetiana, science and culture in Renaissance Venice"" in ""Studi veneziani"", 11(None) 1969, internal_id=LO10016101:1969_11:5>","Diverse Orationi volgarmente scritte, raccolte per Francesco Sansovino, Venice 1561, ff. 51-54v, especially f. 52 v.",59e332f78831617f5edfd045,59dc7536fe76834059d44396,"<Book: Il libro illustrato veneziano del Settecento,   Forni,, 2010>","A. Baratti, C. Dell’Acqua, G. Daniotto, Alessandri, G. Zu-liani. La maggior parte delle vignette su invenzione di P. A. Novelli. Parata Paolo - Istorie Viniziane volgarmente scritte aggiuntavi la vita dell’Autore, la cronologia già esatta del medesimo e indici copiosi. In Venezia MDCCXVIII",0,1
89676,58e4ce01fe7683152b58ced4,595fa048fe7683316b2de016,"<Article: ""The Accademia Venetiana, science and culture in Renaissance Venice"" in ""Studi veneziani"", 11(None) 1969, internal_id=LO10016101:1969_11:5>","Diverse Orationi volgarmente scritte, raccolte per Francesco Sansovino, Venice 1561, ff. 51-54v, especially f. 52 v.",59e332f78831617f5ee02fae,59dc75d4fe76834059d449b1,"<Book: L'arte. \1!,  Istituto della Enciclopedia italiana, , 1994>","Francesco Sansovino, Delle cose notabili che sono in Venetia, Venezia 1561.",0,1
90007,58e4ce01fe7683152b58ced4,595fa048fe7683316b2de016,"<Article: ""The Accademia Venetiana, science and culture in Renaissance Venice"" in ""Studi veneziani"", 11(None) 1969, internal_id=LO10016101:1969_11:5>","Diverse Orationi volgarmente scritte, raccolte per Francesco Sansovino, Venice 1561, ff. 51-54v, especially f. 52 v.",59e332f78831617f5ee031bd,59dc75d4fe76834059d449b1,"<Book: L'arte. \1!,  Istituto della Enciclopedia italiana, , 1994>","Sansovino Bibliografia Francesco Sansovino, Delle cose notabili che sono in Venetia, Venetia 1561.",0,1
93738,58e4ce01fe7683152b58ced4,595fa048fe7683316b2de016,"<Article: ""The Accademia Venetiana, science and culture in Renaissance Venice"" in ""Studi veneziani"", 11(None) 1969, internal_id=LO10016101:1969_11:5>","Diverse Orationi volgarmente scritte, raccolte per Francesco Sansovino, Venice 1561, ff. 51-54v, especially f. 52 v.",59e332f78831617f5ee057f9,59dc754dfe76834059d44470,"<Book: Tiziano e Venezia : convegno internazionale di studi, Venezia 1976,  Neri Pozza,, 1980>","Francesco Sansovino, Delle cose notabili che sono in Venetia, Venice, 1561, p. 26v.",0,1
2475,58e4ce01fe7683152b58ced4,595fa048fe7683316b2de016,"<Article: ""The Accademia Venetiana, science and culture in Renaissance Venice"" in ""Studi veneziani"", 11(None) 1969, internal_id=LO10016101:1969_11:5>","Diverse Orationi volgarmente scritte, raccolte per Francesco Sansovino, Venice 1561, ff. 51-54v, especially f. 52 v.",59e332f88831617f5ee0b981,5988ae08c12c60801e1e58de,"<Book: Battista Franco ""pittore viniziano"" nella cultura artistica e nella vita religiosa del Cinquecento,  Edizioni della Normale,, 2007, ISBN: 88-7642-230-0 (ERR)>","Sansovino, Delle cose notabili che sono in Venetia, in Venetia, Comin da Trino di Monferrato 1561, p. 18r,",0,1
13232,58e4ce01fe7683152b58ced4,595fa048fe7683316b2de016,"<Article: ""The Accademia Venetiana, science and culture in Renaissance Venice"" in ""Studi veneziani"", 11(None) 1969, internal_id=LO10016101:1969_11:5>","Diverse Orationi volgarmente scritte, raccolte per Francesco Sansovino, Venice 1561, ff. 51-54v, especially f. 52 v.",59e332f88831617f5ee14875,59dc75c8fe76834059d4491c,"<Book: Studia orientis : Venezia e l'Oriente: un'eredità culturale,  Editrice Veneta,, 2013, ISBN: 978-88-8449-634-8>","Francesco Sansovino, Historia Universale dell’Origine, et Imperio de’Turchi, Raccolta, & in diversi luoghi di nuovo ampliata..., in Vinegia, presso Altobello Salicato MDLXXXII (è la penultima delle molte edizioni aggiornate della celebre opera, pubblicata la prima volta nel 1560), pp. lllv e 335r-339v.",0,1
20548,58e4ce01fe7683152b58ced4,595fa048fe7683316b2de016,"<Article: ""The Accademia Venetiana, science and culture in Renaissance Venice"" in ""Studi veneziani"", 11(None) 1969, internal_id=LO10016101:1969_11:5>","Diverse Orationi volgarmente scritte, raccolte per Francesco Sansovino, Venice 1561, ff. 51-54v, especially f. 52 v.",59e332f88831617f5ee19d52,59dc7518fe76834059d44266,"<Book: Rinascimento europeo e Rinascimento veneziano,  Sansoni, \1967, 1967>","F. Sansovino, Delle cose notabili che sono in Venetia, Venezia, 1561, p. 74.",0,1
22256,58e4ce01fe7683152b58ced4,595fa048fe7683316b2de016,"<Article: ""The Accademia Venetiana, science and culture in Renaissance Venice"" in ""Studi veneziani"", 11(None) 1969, internal_id=LO10016101:1969_11:5>","Diverse Orationi volgarmente scritte, raccolte per Francesco Sansovino, Venice 1561, ff. 51-54v, especially f. 52 v.",59e332f98831617f5ee1ad7a,59dc74bafe768340301bea02,"<Book: Cultura e società nel Rinascimento tra riforme e manierismi,  L. S. Olschki,, 1984, ISBN: 88-222-3233-X>","F. Sansovino, Delle cose notabili che sono in Venetia, Venezia 1561, pp. 20r-2lr;",0,1
51621,58e4ce01fe7683152b58ced4,595fa048fe7683316b2de016,"<Article: ""The Accademia Venetiana, science and culture in Renaissance Venice"" in ""Studi veneziani"", 11(None) 1969, internal_id=LO10016101:1969_11:5>","Diverse Orationi volgarmente scritte, raccolte per Francesco Sansovino, Venice 1561, ff. 51-54v, especially f. 52 v.",59e332fa8831617f5ee303e1,59dc75aafe76834059d447f6,"<Book: 4.1,  N. Pozza, °1983, 1984>","Sansovino nei Sette libri di satire, Venezia 1560,",0,1
83592,58e4ce01fe7683152b58ced4,595fa048fe7683316b2de016,"<Article: ""The Accademia Venetiana, science and culture in Renaissance Venice"" in ""Studi veneziani"", 11(None) 1969, internal_id=LO10016101:1969_11:5>","Diverse Orationi volgarmente scritte, raccolte per Francesco Sansovino, Venice 1561, ff. 51-54v, especially f. 52 v.",59e333078831617f5ee44ed1,59dc75d8fe76834059d449f2,"<Book: Quarta crociata : Venezia, Bisanzio, impero latino,  Istituto veneto di scienze, lettere ed arti,, 2006>","Niceta, curata da Hieronymus Wolf, accompagnata da una traduzione latina che rendeva più agevole la consultazione del diffìcile storico bizantino116. Negli anni successivi Niceta conobbe ben tre diversi volgarizzamenti, tutti stampati a Venezia, dovuti a Giuseppe Dondi dall’Orologio (Valgrisi 1560), a Fausto da Longiano (F. Sansovino 1562), a Lodovico Dolce con la revisione di Agostino Ferentilli (Giolito de’ Ferrari 1569)117.",0,1
99803,58e4ce01fe7683152b58ced4,595fa048fe7683316b2de016,"<Article: ""The Accademia Venetiana, science and culture in Renaissance Venice"" in ""Studi veneziani"", 11(None) 1969, internal_id=LO10016101:1969_11:5>","Diverse Orationi volgarmente scritte, raccolte per Francesco Sansovino, Venice 1561, ff. 51-54v, especially f. 52 v.",59e333078831617f5ee51aef,59622b60fe768321552126b0,"<Book: Language and statecraft in early modern Venice,  Cambridge university press,, 2008, ISBN: 9780521178365>","Sansovino, L’arte oratoria and Le osservationi della lingua volgare (Venice, 1562).",0,1
33917,58e4ce01fe7683152b58ced4,595fa048fe7683316b2de016,"<Article: ""The Accademia Venetiana, science and culture in Renaissance Venice"" in ""Studi veneziani"", 11(None) 1969, internal_id=LO10016101:1969_11:5>","Diverse Orationi volgarmente scritte, raccolte per Francesco Sansovino, Venice 1561, ff. 51-54v, especially f. 52 v.",59e333088831617f5ee6c775,59dc74c2fe768340301bea5d,"<Book: L'invention du mythe aristocratique : l'image de soi du patriciat vénitien au temps de la Sérénissime,  Istituto veneto di scienze lettere ed arti,, 2006, ISBN: 88-88143-63-7>","Sansovino, Delle orationi recitate, 1562, f. 27,",0,1
48753,58e4ce01fe7683152b58ced4,595fa048fe7683316b2de016,"<Article: ""The Accademia Venetiana, science and culture in Renaissance Venice"" in ""Studi veneziani"", 11(None) 1969, internal_id=LO10016101:1969_11:5>","Diverse Orationi volgarmente scritte, raccolte per Francesco Sansovino, Venice 1561, ff. 51-54v, especially f. 52 v.",59e333088831617f5ee780c5,59dc7535fe76834059d4438f,"<Book: Storia di Venezia,  Istituto della Enciclopedia italiana, , 1996>","Francesco Sansovino, Delle Orationi recitate a principi di Venetia nella loro creatione dagli ambasciadori di diverse città libro primo , Venetia 1562,",0,1
49106,58e4ce01fe7683152b58ced4,595fa048fe7683316b2de016,"<Article: ""The Accademia Venetiana, science and culture in Renaissance Venice"" in ""Studi veneziani"", 11(None) 1969, internal_id=LO10016101:1969_11:5>","Diverse Orationi volgarmente scritte, raccolte per Francesco Sansovino, Venice 1561, ff. 51-54v, especially f. 52 v.",59e333088831617f5ee783e5,59dc7535fe76834059d4438f,"<Book: Storia di Venezia,  Istituto della Enciclopedia italiana, , 1996>","Francesco Sansovino, Delle orationi recitate a Principi di Venetia nella loro creatione da gli Ambasciadori di diverse città libro primo, Venetia 1562.",0,1
49173,58e4ce01fe7683152b58ced4,595fa048fe7683316b2de016,"<Article: ""The Accademia Venetiana, science and culture in Renaissance Venice"" in ""Studi veneziani"", 11(None) 1969, internal_id=LO10016101:1969_11:5>","Diverse Orationi volgarmente scritte, raccolte per Francesco Sansovino, Venice 1561, ff. 51-54v, especially f. 52 v.",59e333088831617f5ee78459,59dc7535fe76834059d4438f,"<Book: Storia di Venezia,  Istituto della Enciclopedia italiana, , 1996>","Francesco Sansovino, Delle orationi recitate a Principi di Venetia nella loro creatione da gli Ambasciadori di diverse città libro primo, Venetia 1562, pp. 45-55: Oratione del Masenetti Padovano al Principe Veniero.",0,1
72187,58e4ce01fe7683152b58ced4,595fa048fe7683316b2de016,"<Article: ""The Accademia Venetiana, science and culture in Renaissance Venice"" in ""Studi veneziani"", 11(None) 1969, internal_id=LO10016101:1969_11:5>","Diverse Orationi volgarmente scritte, raccolte per Francesco Sansovino, Venice 1561, ff. 51-54v, especially f. 52 v.",59e333088831617f5ee89c55,5988460ec12c60305fe24521,"<Book: Venezia e il Rinascimento : religione, scienza, architettura,  G. Einaudi, [1985, 1985, ISBN: 88-06-58891-5>","Sansovino, Delle cose notabili che sono a Venezia, Venezia 1561, c. iv.",0,1
93206,58e4ce01fe7683152b58ced4,595fa048fe7683316b2de016,"<Article: ""The Accademia Venetiana, science and culture in Renaissance Venice"" in ""Studi veneziani"", 11(None) 1969, internal_id=LO10016101:1969_11:5>","Diverse Orationi volgarmente scritte, raccolte per Francesco Sansovino, Venice 1561, ff. 51-54v, especially f. 52 v.",59e333098831617f5ee9b729,59dc759dfe76834059d44773,"<Book: Il collezionismo d'arte a Venezia,  Fondazione di Venezia,, 2008, ISBN: 88-317-9714 ((errato))>","Gabriele Vendramin (Venezia 1484-1552) Gabriele Vendramin nacque da Lunardo di Luca e da Isabella Loredan di Gabriele. Fu provveditore alle biave (1543), censore (1549), consigliere, provveditore alle fortezze e dal 1551 provveditore alle beccherie. Le lodi delle virtù di Vendramin e della sua collezione custodita nel palazzo di Santa Fosca, definito «già ridotto de i virtuosi della Città» da Francesco Sansovino (1581), costituiscono quasi una costante ravvisabile nelle rassegne delle migliori raccolte d’arte veneziane stilate da autori quali Anton Francesco Doni (1552), lo stesso Sansovino (1581), Enea Vico (1555), Hubert Goltzius (1563).",0,1
8874,58e4ce01fe7683152b58ced4,595fa048fe7683316b2de016,"<Article: ""The Accademia Venetiana, science and culture in Renaissance Venice"" in ""Studi veneziani"", 11(None) 1969, internal_id=LO10016101:1969_11:5>","Diverse Orationi volgarmente scritte, raccolte per Francesco Sansovino, Venice 1561, ff. 51-54v, especially f. 52 v.",59e333098831617f5eea7b86,59dc75c8fe76834059d44919,"<Book: Dentro le case : abitare a Venezia nel Cinquecento,  Gambier&Keller,, 2013, ISBN: 978-88-96224-32-8>","Sansovino E, Delle cose notabili che sono in Venetia, in Venetia 1561",0,1
20528,58e4ce01fe7683152b58ced4,595fa048fe7683316b2de016,"<Article: ""The Accademia Venetiana, science and culture in Renaissance Venice"" in ""Studi veneziani"", 11(None) 1969, internal_id=LO10016101:1969_11:5>","Diverse Orationi volgarmente scritte, raccolte per Francesco Sansovino, Venice 1561, ff. 51-54v, especially f. 52 v.",59e333098831617f5eeb0d9e,59dc74a8fe768340301be955,"<Book: Storia di Venezia,  Istituto della Enciclopedia italiana, \1994, 1994>","Francesco Sansovino, Delle orationi recitate a Principi di Venetia nella loro creatione dagli ambasciatori di diverse città [...] libro primo, Venetia 1562, c. ir.",0,1
