,seed_ref_id,seed_doc_id,seed_doc,seed_surface,ref_id,doc_id,doc,surface,True,Hash
7045,58e4ce00fe7683152b56268f,595f9ffefe7683316b2dde02,"<Article: ""«Andiamo sotto l’imperatore». Beni comunali, confini e rivendicazioni comunitarie. Un caso dalla montagna veneta (sec. XVII)"" in ""Ateneo veneto"", 8(1) 2009, internal_id=RAV0164473:2009_8_1:6>","E VENDRAMINI, La Pieve e le Regole, pp. 337-345.",58e4ce00fe7683152b56268f,595f9ffefe7683316b2dde02,"<Article: ""«Andiamo sotto l’imperatore». Beni comunali, confini e rivendicazioni comunitarie. Un caso dalla montagna veneta (sec. XVII)"" in ""Ateneo veneto"", 8(1) 2009, internal_id=RAV0164473:2009_8_1:6>","E VENDRAMINI, La Pieve e le Regole, pp. 337-345.",0,1
7051,58e4ce00fe7683152b56268f,595f9ffefe7683316b2dde02,"<Article: ""«Andiamo sotto l’imperatore». Beni comunali, confini e rivendicazioni comunitarie. Un caso dalla montagna veneta (sec. XVII)"" in ""Ateneo veneto"", 8(1) 2009, internal_id=RAV0164473:2009_8_1:6>","E VENDRAMINI, La Pieve e le Regole, pp. 337-345.",58e4ce00fe7683152b56269c,595f9ffefe7683316b2dde02,"<Article: ""«Andiamo sotto l’imperatore». Beni comunali, confini e rivendicazioni comunitarie. Un caso dalla montagna veneta (sec. XVII)"" in ""Ateneo veneto"", 8(1) 2009, internal_id=RAV0164473:2009_8_1:6>","F. Vendramini, La Pieve e b Regole, p. 33.",0,1
1562,58e4ce00fe7683152b56268f,595f9ffefe7683316b2dde02,"<Article: ""«Andiamo sotto l’imperatore». Beni comunali, confini e rivendicazioni comunitarie. Un caso dalla montagna veneta (sec. XVII)"" in ""Ateneo veneto"", 8(1) 2009, internal_id=RAV0164473:2009_8_1:6>","E VENDRAMINI, La Pieve e le Regole, pp. 337-345.",59de7a2048e232540c5e4be1,59884559c12c602fd9e24509,"<Book: Confini litigiosi : i governi del territorio nella terraferma veneta del Seicento,  Cierre,, 2012, ISBN: 978-88-8314-642-8>","Regola, F. Vendramini, La Pieve e le Regole. Longarone e Lavazzo una storia secolare, Cierre, Caselle di Sommacampagna (Vr) 2009, p. 107, nota 101.",0,1
1752,58e4ce00fe7683152b56268f,595f9ffefe7683316b2dde02,"<Article: ""«Andiamo sotto l’imperatore». Beni comunali, confini e rivendicazioni comunitarie. Un caso dalla montagna veneta (sec. XVII)"" in ""Ateneo veneto"", 8(1) 2009, internal_id=RAV0164473:2009_8_1:6>","E VENDRAMINI, La Pieve e le Regole, pp. 337-345.",59de7a2048e232540c5e4ebf,59884559c12c602fd9e24509,"<Book: Confini litigiosi : i governi del territorio nella terraferma veneta del Seicento,  Cierre,, 2012, ISBN: 978-88-8314-642-8>","Vendramini, La Pieve e le Regole, cit., pp. 337-345.",0,1
1797,58e4ce00fe7683152b56268f,595f9ffefe7683316b2dde02,"<Article: ""«Andiamo sotto l’imperatore». Beni comunali, confini e rivendicazioni comunitarie. Un caso dalla montagna veneta (sec. XVII)"" in ""Ateneo veneto"", 8(1) 2009, internal_id=RAV0164473:2009_8_1:6>","E VENDRAMINI, La Pieve e le Regole, pp. 337-345.",59de7a2048e232540c5e4f89,59884559c12c602fd9e24509,"<Book: Confini litigiosi : i governi del territorio nella terraferma veneta del Seicento,  Cierre,, 2012, ISBN: 978-88-8314-642-8>","spostamento del centro nevralgico nella Pieve di Lavazzo dalla villa di Castello a quella di Longarone tra '500 e '600, v. Vendramini, La Pieve e le Regole, cit.",0,1
1799,58e4ce00fe7683152b56268f,595f9ffefe7683316b2dde02,"<Article: ""«Andiamo sotto l’imperatore». Beni comunali, confini e rivendicazioni comunitarie. Un caso dalla montagna veneta (sec. XVII)"" in ""Ateneo veneto"", 8(1) 2009, internal_id=RAV0164473:2009_8_1:6>","E VENDRAMINI, La Pieve e le Regole, pp. 337-345.",59de7a2048e232540c5e4f8c,59884559c12c602fd9e24509,"<Book: Confini litigiosi : i governi del territorio nella terraferma veneta del Seicento,  Cierre,, 2012, ISBN: 978-88-8314-642-8>","Vendramini, La Pieve e le Regole, cit.",0,1
1804,58e4ce00fe7683152b56268f,595f9ffefe7683316b2dde02,"<Article: ""«Andiamo sotto l’imperatore». Beni comunali, confini e rivendicazioni comunitarie. Un caso dalla montagna veneta (sec. XVII)"" in ""Ateneo veneto"", 8(1) 2009, internal_id=RAV0164473:2009_8_1:6>","E VENDRAMINI, La Pieve e le Regole, pp. 337-345.",59de7a2048e232540c5e4fa7,59884559c12c602fd9e24509,"<Book: Confini litigiosi : i governi del territorio nella terraferma veneta del Seicento,  Cierre,, 2012, ISBN: 978-88-8314-642-8>","Vendramini, La Pieve e le Regole, cit.",0,1
1883,58e4ce00fe7683152b56268f,595f9ffefe7683316b2dde02,"<Article: ""«Andiamo sotto l’imperatore». Beni comunali, confini e rivendicazioni comunitarie. Un caso dalla montagna veneta (sec. XVII)"" in ""Ateneo veneto"", 8(1) 2009, internal_id=RAV0164473:2009_8_1:6>","E VENDRAMINI, La Pieve e le Regole, pp. 337-345.",59de7a2048e232540c5e50ea,59884559c12c602fd9e24509,"<Book: Confini litigiosi : i governi del territorio nella terraferma veneta del Seicento,  Cierre,, 2012, ISBN: 978-88-8314-642-8>","Vendramini, La Pieve e le Regole, cit., p. 353-357.",0,1
1885,58e4ce00fe7683152b56268f,595f9ffefe7683316b2dde02,"<Article: ""«Andiamo sotto l’imperatore». Beni comunali, confini e rivendicazioni comunitarie. Un caso dalla montagna veneta (sec. XVII)"" in ""Ateneo veneto"", 8(1) 2009, internal_id=RAV0164473:2009_8_1:6>","E VENDRAMINI, La Pieve e le Regole, pp. 337-345.",59de7a2048e232540c5e50f9,59884559c12c602fd9e24509,"<Book: Confini litigiosi : i governi del territorio nella terraferma veneta del Seicento,  Cierre,, 2012, ISBN: 978-88-8314-642-8>","Vendramini, La Pieve e le Regole, cit., p. 155.",0,1
1949,58e4ce00fe7683152b56268f,595f9ffefe7683316b2dde02,"<Article: ""«Andiamo sotto l’imperatore». Beni comunali, confini e rivendicazioni comunitarie. Un caso dalla montagna veneta (sec. XVII)"" in ""Ateneo veneto"", 8(1) 2009, internal_id=RAV0164473:2009_8_1:6>","E VENDRAMINI, La Pieve e le Regole, pp. 337-345.",59de7a2048e232540c5e5279,59884559c12c602fd9e24509,"<Book: Confini litigiosi : i governi del territorio nella terraferma veneta del Seicento,  Cierre,, 2012, ISBN: 978-88-8314-642-8>","Vendramini, La Pieve e le Regole, cit., p. 116.",0,1
1974,58e4ce00fe7683152b56268f,595f9ffefe7683316b2dde02,"<Article: ""«Andiamo sotto l’imperatore». Beni comunali, confini e rivendicazioni comunitarie. Un caso dalla montagna veneta (sec. XVII)"" in ""Ateneo veneto"", 8(1) 2009, internal_id=RAV0164473:2009_8_1:6>","E VENDRAMINI, La Pieve e le Regole, pp. 337-345.",59de7a2048e232540c5e52e4,59884559c12c602fd9e24509,"<Book: Confini litigiosi : i governi del territorio nella terraferma veneta del Seicento,  Cierre,, 2012, ISBN: 978-88-8314-642-8>","Vendramini, La Pieve e le Regole, cit., p. 185;",0,1
1976,58e4ce00fe7683152b56268f,595f9ffefe7683316b2dde02,"<Article: ""«Andiamo sotto l’imperatore». Beni comunali, confini e rivendicazioni comunitarie. Un caso dalla montagna veneta (sec. XVII)"" in ""Ateneo veneto"", 8(1) 2009, internal_id=RAV0164473:2009_8_1:6>","E VENDRAMINI, La Pieve e le Regole, pp. 337-345.",59de7a2048e232540c5e52e9,59884559c12c602fd9e24509,"<Book: Confini litigiosi : i governi del territorio nella terraferma veneta del Seicento,  Cierre,, 2012, ISBN: 978-88-8314-642-8>","Vendramini, La Pieve e le Regole, cit., p 352.",0,1
1982,58e4ce00fe7683152b56268f,595f9ffefe7683316b2dde02,"<Article: ""«Andiamo sotto l’imperatore». Beni comunali, confini e rivendicazioni comunitarie. Un caso dalla montagna veneta (sec. XVII)"" in ""Ateneo veneto"", 8(1) 2009, internal_id=RAV0164473:2009_8_1:6>","E VENDRAMINI, La Pieve e le Regole, pp. 337-345.",59de7a2048e232540c5e5303,59884559c12c602fd9e24509,"<Book: Confini litigiosi : i governi del territorio nella terraferma veneta del Seicento,  Cierre,, 2012, ISBN: 978-88-8314-642-8>","Vendramini, La Pieve e le Regole, cit.,",0,1
1988,58e4ce00fe7683152b56268f,595f9ffefe7683316b2dde02,"<Article: ""«Andiamo sotto l’imperatore». Beni comunali, confini e rivendicazioni comunitarie. Un caso dalla montagna veneta (sec. XVII)"" in ""Ateneo veneto"", 8(1) 2009, internal_id=RAV0164473:2009_8_1:6>","E VENDRAMINI, La Pieve e le Regole, pp. 337-345.",59de7a2048e232540c5e5317,59884559c12c602fd9e24509,"<Book: Confini litigiosi : i governi del territorio nella terraferma veneta del Seicento,  Cierre,, 2012, ISBN: 978-88-8314-642-8>","Vendramini, La Pieve e le Regole, cit.",0,1
1992,58e4ce00fe7683152b56268f,595f9ffefe7683316b2dde02,"<Article: ""«Andiamo sotto l’imperatore». Beni comunali, confini e rivendicazioni comunitarie. Un caso dalla montagna veneta (sec. XVII)"" in ""Ateneo veneto"", 8(1) 2009, internal_id=RAV0164473:2009_8_1:6>","E VENDRAMINI, La Pieve e le Regole, pp. 337-345.",59de7a2048e232540c5e5323,59884559c12c602fd9e24509,"<Book: Confini litigiosi : i governi del territorio nella terraferma veneta del Seicento,  Cierre,, 2012, ISBN: 978-88-8314-642-8>","Vendramini, La Pieve e le Regole, pp. 224-233.",0,1
2052,58e4ce00fe7683152b56268f,595f9ffefe7683316b2dde02,"<Article: ""«Andiamo sotto l’imperatore». Beni comunali, confini e rivendicazioni comunitarie. Un caso dalla montagna veneta (sec. XVII)"" in ""Ateneo veneto"", 8(1) 2009, internal_id=RAV0164473:2009_8_1:6>","E VENDRAMINI, La Pieve e le Regole, pp. 337-345.",59de7a2048e232540c5e5433,59884559c12c602fd9e24509,"<Book: Confini litigiosi : i governi del territorio nella terraferma veneta del Seicento,  Cierre,, 2012, ISBN: 978-88-8314-642-8>","Domenico Aronica, La tragica avventura. Un siciliano dall'Altopiano dì Asiago a Gusen II (a cura di Gianni A. Cisotto) [78. Eugenio Turri, Il Monte Baldo] 79.Marco Fincardi, Il rito della derisione. La satira notturna delle battarelle in Veneto, Trentino, Friuli Venezia Giulia 80.Nelli-Elena Vanzan Marchini, Venezia civiltà anfibia 81.Ferruccio Vendramini, La Pieve e le Regole. Longarone e Lavazzo, una storia secolare 82.Cavalo.",0,1
32182,58e4ce00fe7683152b56268f,595f9ffefe7683316b2dde02,"<Article: ""«Andiamo sotto l’imperatore». Beni comunali, confini e rivendicazioni comunitarie. Un caso dalla montagna veneta (sec. XVII)"" in ""Ateneo veneto"", 8(1) 2009, internal_id=RAV0164473:2009_8_1:6>","E VENDRAMINI, La Pieve e le Regole, pp. 337-345.",59de7a3348e232540c5fcddc,59dc74defe768340301beb59,"<Book: La congiura imperfetta di Baiamonte Tiepolo,  Cierre,, 2011, ISBN: 978-88-8314-600-8>","Domenico Atonica, La tragica avventura. Un siciliano dall'Altopiano di Asiago a Gusen II (a cura di Gianni A. Cisotto) [78. Eugenio Turri, Il Monte Baldo ] 79.Marco Fincardi, Il rito della derisione. La satira notturna delle battarelle in Veneto, Trentino, Friuli Venezia Giulia 80.Nelli-Elena Vanzan Marchini, Venezia civiltà anfibia 81.Ferruccio Vendramini, La Pieve e le Regole. Longarone e Lavazzo, una storia secolare 82. Cavalo. Un paese e la sua memoria (a cura di Giovanni Viviani) 83. Il letterato e la città. Cultura e istituzioni nell'esperienza di Scipione Maffei (a cura di Gian Paolo Marchi, Corrado Viola)",0,1
