,seed_ref_id,seed_doc_id,seed_doc,seed_surface,ref_id,doc_id,doc,surface,True,Hash
11,58e4ce00fe7683152b55e33f,595f9e2afe7683316b2dd476,"<Article: ""Una postilla tiepolesca"" in ""Ateneo veneto"", 135(2) 1951, internal_id=RAV0164473:1951_135_2:4>","Morassi, Novità e precisazioni sul Tiepolo in « Le Arti », 1942, p. 91.",58e4ce00fe7683152b55e33f,595f9e2afe7683316b2dd476,"<Article: ""Una postilla tiepolesca"" in ""Ateneo veneto"", 135(2) 1951, internal_id=RAV0164473:1951_135_2:4>","Morassi, Novità e precisazioni sul Tiepolo in « Le Arti », 1942, p. 91.",0,1
18817,58e4ce00fe7683152b55e33f,595f9e2afe7683316b2dd476,"<Article: ""Una postilla tiepolesca"" in ""Ateneo veneto"", 135(2) 1951, internal_id=RAV0164473:1951_135_2:4>","Morassi, Novità e precisazioni sul Tiepolo in « Le Arti », 1942, p. 91.",58e4ce00fe7683152b569073,595f9ea0fe7683316b2dd6d2,"<Article: ""Un inedito affresco veneziano di Giambattista Tiepolo"" in ""Ateneo veneto"", 8(None) 1970, internal_id=RAV0164473:1970_8:7>","A. Morassi, Novità e precisazioni sul Tiepolo, «Le arti», dic. 1941-genn. 1942, pp. 87-97;",0,1
18829,58e4ce00fe7683152b55e33f,595f9e2afe7683316b2dd476,"<Article: ""Una postilla tiepolesca"" in ""Ateneo veneto"", 135(2) 1951, internal_id=RAV0164473:1951_135_2:4>","Morassi, Novità e precisazioni sul Tiepolo in « Le Arti », 1942, p. 91.",58e4ce00fe7683152b569087,595f9ea0fe7683316b2dd6d2,"<Article: ""Un inedito affresco veneziano di Giambattista Tiepolo"" in ""Ateneo veneto"", 8(None) 1970, internal_id=RAV0164473:1970_8:7>","Morassi, Novità e precisazioni..., «Le arti», cit.",0,1
31972,58e4ce00fe7683152b55e33f,595f9e2afe7683316b2dd476,"<Article: ""Una postilla tiepolesca"" in ""Ateneo veneto"", 135(2) 1951, internal_id=RAV0164473:1951_135_2:4>","Morassi, Novità e precisazioni sul Tiepolo in « Le Arti », 1942, p. 91.",5919e96c3dde944752f71f94,595f9d3cfe7683316b2dc6bd,"<Book: Splendori del Settecento veneziano,  Electa, \1995, 1995, ISBN: 88-435-5141-8>","A. Morassi, Novità e precisazioni sul Tiepolo, “Le Arti” IV, Dicembre 1941 - Gennaio 1942, pp. 87-97;",0,1
67226,58e4ce00fe7683152b55e33f,595f9e2afe7683316b2dd476,"<Article: ""Una postilla tiepolesca"" in ""Ateneo veneto"", 135(2) 1951, internal_id=RAV0164473:1951_135_2:4>","Morassi, Novità e precisazioni sul Tiepolo in « Le Arti », 1942, p. 91.",59de7a2048e232540c5c8a43,59dc7576fe76834059d4461e,"<Book: Figure di collezionisti a Venezia tra Cinque e Seicento,  Forum,, 2002, ISBN: 88-8420-091-1>","P. Rossi, Per il catalogo di Jacopo e Domenico Tintoretto: novità e precisazioni, in «Arte Veneta», 55 (1999), pp. 30-47.",0,1
4263,58e4ce00fe7683152b55e33f,595f9e2afe7683316b2dd476,"<Article: ""Una postilla tiepolesca"" in ""Ateneo veneto"", 135(2) 1951, internal_id=RAV0164473:1951_135_2:4>","Morassi, Novità e precisazioni sul Tiepolo in « Le Arti », 1942, p. 91.",59de7a2048e232540c5e75f2,59dc74bffe768340301bea3d,"<Book: Acquafortisti veneziani del Settecento,  Le Monnier,  [1952?, 1952>","1941 - A. Morassi, Giambattista e Domenico Tiepolo alla Villa Valmarana, in « Le Arti », aprile 1941.",0,1
4272,58e4ce00fe7683152b55e33f,595f9e2afe7683316b2dd476,"<Article: ""Una postilla tiepolesca"" in ""Ateneo veneto"", 135(2) 1951, internal_id=RAV0164473:1951_135_2:4>","Morassi, Novità e precisazioni sul Tiepolo in « Le Arti », 1942, p. 91.",59de7a2048e232540c5e75fd,59dc74bffe768340301bea3d,"<Book: Acquafortisti veneziani del Settecento,  Le Monnier,  [1952?, 1952>","A. Morassi, Tiepolo. Bergamo, 1943.",0,1
4835,58e4ce00fe7683152b55e33f,595f9e2afe7683316b2dd476,"<Article: ""Una postilla tiepolesca"" in ""Ateneo veneto"", 135(2) 1951, internal_id=RAV0164473:1951_135_2:4>","Morassi, Novità e precisazioni sul Tiepolo in « Le Arti », 1942, p. 91.",59de7a2048e232540c5e81e9,5960ca56fe76836a510e8378,"<Book: Arte a Venezia dal Medioevo al Settecento : testimonianze e recuperi,  Alfieri,, 1971>","MORASSI ANTONIO, Giorgione, Milano, 1942.",0,1
81464,58e4ce00fe7683152b55e33f,595f9e2afe7683316b2dd476,"<Article: ""Una postilla tiepolesca"" in ""Ateneo veneto"", 135(2) 1951, internal_id=RAV0164473:1951_135_2:4>","Morassi, Novità e precisazioni sul Tiepolo in « Le Arti », 1942, p. 91.",59df53d09be3c75c2e68e8fc,598834fdc12c601c5ae24507,"<Book: Giudecca : storia e testimonianze,  [s.n.],, 1986>","1905Dall’Elenco Edifici e Frammenti Storici ed Art.: «la chiesa di S. Cosmo, see. XVI, con bel portale. Ingresso al chiostro, nel centro del cortile, vera da pozzo, sec. XVI princ. (da un lato del pozzo il leone di S. Marco, andante, dall’altro bassorilievo, Madonna con Bambino fra due Sante e due devoti inginocchiati). 1910Un bozzetto in tela 17 X 69 «parziale» del Serpente di Bronzo del Tiepolo, già pubblicato dal Sack, e accolto dal Morassi (1943), era nella collezione Drey di Monaco, ma attualmente se ne è perduta ogni traccia (vedi fig. G. Tiepolo,  Bozzetto per il Serpente di bronzo) (G. FIOCCO, Aggiunte di Francesco Maria Tassis alla guida di Venezia di Anton Maria Zanetti, in «Rivista mensile della città di Venezia». A. VI, N. 4, Aprile 1927, pag. 167 e 170).",0,1
61054,58e4ce00fe7683152b55e33f,595f9e2afe7683316b2dd476,"<Article: ""Una postilla tiepolesca"" in ""Ateneo veneto"", 135(2) 1951, internal_id=RAV0164473:1951_135_2:4>","Morassi, Novità e precisazioni sul Tiepolo in « Le Arti », 1942, p. 91.",59e0adbbf98262071bfb4cb3,59dc7508fe76834059d441c1,"<Book: Leonardo & Venezia,  Bompiani,, 1992>","a Giorgione e ad innescare la diatriba fra i due artisti. Ma già nel 1885, il Nicoletti, descrivendo la chiesa di San Rocco, ammetteva: “questo quadro si è incerti a chi attribuirlo, chi lo vuole del Tiziano, chi vi si oppone”. Ancora a Giorgione pensano Cook (1900), Lionello Venturi (1913), Justi (1926), Richter (1937), Coletti (1955), Zampetti (1955, 1968), Berenson (1957), Baldass-Heinz (1964), Hornig (1976), Lattanzi (1981), Pignatti (1969, 1989). Mentre lo assegnano all’attività giovanile di Tiziano oltre al Cavalcaselle, Hourticq (1930), Suida (1935), Morassi (1942), Tietze (1950), Valcano-ver (1960, 1978, 1980), Wethey (1969), Calvesi (1970), Rosand (1978, 1983).",0,1
48541,58e4ce00fe7683152b55e33f,595f9e2afe7683316b2dd476,"<Article: ""Una postilla tiepolesca"" in ""Ateneo veneto"", 135(2) 1951, internal_id=RAV0164473:1951_135_2:4>","Morassi, Novità e precisazioni sul Tiepolo in « Le Arti », 1942, p. 91.",59e23a58883161621344b833,5960089afe768356a3f6c049,"<Book: Catalogo della pinacoteca della Fondazione scientifica Querini Stampalia,  Neri Pozza,, 1979>","Morassi A., Giorgione, Milano, 1942.",0,1
48542,58e4ce00fe7683152b55e33f,595f9e2afe7683316b2dd476,"<Article: ""Una postilla tiepolesca"" in ""Ateneo veneto"", 135(2) 1951, internal_id=RAV0164473:1951_135_2:4>","Morassi, Novità e precisazioni sul Tiepolo in « Le Arti », 1942, p. 91.",59e23a58883161621344b834,5960089afe768356a3f6c049,"<Book: Catalogo della pinacoteca della Fondazione scientifica Querini Stampalia,  Neri Pozza,, 1979>","Morassi A., Tiepolo, Bergamo, 1943.",0,1
84149,58e4ce00fe7683152b55e33f,595f9e2afe7683316b2dd476,"<Article: ""Una postilla tiepolesca"" in ""Ateneo veneto"", 135(2) 1951, internal_id=RAV0164473:1951_135_2:4>","Morassi, Novità e precisazioni sul Tiepolo in « Le Arti », 1942, p. 91.",59e23a598831616213466cd0,595faf84fe7683456bf6c054,"<Book: Renaissance Venice,  Faber and Faber,, 1973, ISBN: 0571089755>","Morassi, Giorgione (Milan, 1942) 103.",0,1
59165,58e4ce00fe7683152b55e33f,595f9e2afe7683316b2dd476,"<Article: ""Una postilla tiepolesca"" in ""Ateneo veneto"", 135(2) 1951, internal_id=RAV0164473:1951_135_2:4>","Morassi, Novità e precisazioni sul Tiepolo in « Le Arti », 1942, p. 91.",59e332fa8831617f5ee3561d,598899eac12c6075891e58d4,"<Book: La pittura a Venezia nel diciottesimo secolo,  Edizioni di Comunità,, 1983, ISBN: 88-245-0170-2>","Morassi A., Tiepolo, Bergamo-Milano-Roma 1943.",0,1
92152,58e4ce00fe7683152b55e33f,595f9e2afe7683316b2dd476,"<Article: ""Una postilla tiepolesca"" in ""Ateneo veneto"", 135(2) 1951, internal_id=RAV0164473:1951_135_2:4>","Morassi, Novità e precisazioni sul Tiepolo in « Le Arti », 1942, p. 91.",59e333078831617f5ee4bbcf,5961e952fe76831a452126a3,"<Book: Le scuole di Venezia,  Electa, , 1981>","A. Morassi, Giorgione, Milano, 1942.",0,1
92153,58e4ce00fe7683152b55e33f,595f9e2afe7683316b2dd476,"<Article: ""Una postilla tiepolesca"" in ""Ateneo veneto"", 135(2) 1951, internal_id=RAV0164473:1951_135_2:4>","Morassi, Novità e precisazioni sul Tiepolo in « Le Arti », 1942, p. 91.",59e333078831617f5ee4bbd0,5961e952fe76831a452126a3,"<Book: Le scuole di Venezia,  Electa, , 1981>","A. Morassi, Tiepolo, Bergamo, 1943.",0,1
42077,58e4ce00fe7683152b55e33f,595f9e2afe7683316b2dd476,"<Article: ""Una postilla tiepolesca"" in ""Ateneo veneto"", 135(2) 1951, internal_id=RAV0164473:1951_135_2:4>","Morassi, Novità e precisazioni sul Tiepolo in « Le Arti », 1942, p. 91.",59e333088831617f5ee72db7,59dc74bffe768340301bea48,"<Book: Venezia e l'Europa : Atti del 18. congresso internazionale di storia dell'arte,  Casa editrice Arte Veneta, stampa, 1956>","Morassi, G. B. e D. Tiepolo alla Villa Valmarana, in «Le Arti», 1941.",0,1
68266,58e4ce00fe7683152b55e33f,595f9e2afe7683316b2dd476,"<Article: ""Una postilla tiepolesca"" in ""Ateneo veneto"", 135(2) 1951, internal_id=RAV0164473:1951_135_2:4>","Morassi, Novità e precisazioni sul Tiepolo in « Le Arti », 1942, p. 91.",59e333088831617f5ee874d3,59884619c12c6030b2e24527,"<Book: Da Longhena a Selva : un'idea di Venezia a dieci anni dalla scomparsa di Elena Bassi,  Archetipo Libri,, 2011, ISBN: 978-88-6633-028-8>","I. Mariani, Per il catalogo di Giacomo Contiero e Antonio Gai: novità e precisazioni, in «Arte Veneta», 64, 2007, pp. 207-215.",0,1
