,seed_ref_id,seed_doc_id,seed_doc,seed_surface,ref_id,doc_id,doc,surface,True,Hash
4025,58e4ce00fe7683152b560601,595f9f0afe7683316b2dd8fe,"<Article: ""Corredo di bibliografia petrarchesca: edizioni, opere e fonti specialmente considerate e citate in abbreviazione"" in ""Ateneo veneto"", 21(1) 1983, internal_id=RAV0164473:1983_21_1:8>","F.X. KRAUS, F. Petrarca e la sua corrispondenza epistolare, trad. D. VALBUSA; in Firenze, 1901",58e4ce00fe7683152b560601,595f9f0afe7683316b2dd8fe,"<Article: ""Corredo di bibliografia petrarchesca: edizioni, opere e fonti specialmente considerate e citate in abbreviazione"" in ""Ateneo veneto"", 21(1) 1983, internal_id=RAV0164473:1983_21_1:8>","F.X. KRAUS, F. Petrarca e la sua corrispondenza epistolare, trad. D. VALBUSA; in Firenze, 1901",0,1
46604,58e4ce00fe7683152b560601,595f9f0afe7683316b2dd8fe,"<Article: ""Corredo di bibliografia petrarchesca: edizioni, opere e fonti specialmente considerate e citate in abbreviazione"" in ""Ateneo veneto"", 21(1) 1983, internal_id=RAV0164473:1983_21_1:8>","F.X. KRAUS, F. Petrarca e la sua corrispondenza epistolare, trad. D. VALBUSA; in Firenze, 1901",58e4ce00fe7683152b57a01b,595f9d47fe7683316b2dc80b,"<Article: ""Giureconsulti friulani tra giurisdizionalismo veneziano e tradizione feudale"" in ""Archivio veneto"", 107(None) 1976, internal_id=LO10015953:1976_107:2>","A. Stefanutti Nella corrispondenza epistolare con l’ambasciatore a Roma Simo- ne Contarmi, dal 23 gennaio 1615 all'll novembre 1616,",0,1
26754,58e4ce00fe7683152b560601,595f9f0afe7683316b2dd8fe,"<Article: ""Corredo di bibliografia petrarchesca: edizioni, opere e fonti specialmente considerate e citate in abbreviazione"" in ""Ateneo veneto"", 21(1) 1983, internal_id=RAV0164473:1983_21_1:8>","F.X. KRAUS, F. Petrarca e la sua corrispondenza epistolare, trad. D. VALBUSA; in Firenze, 1901",591463adfb15c81221c607c0,0,,"naggio, Anna Mander Cecchetti ebbe relazione d’amicizia e di corrispondenza epistolare con quasi tutti i più nobili nostri scrittori.",0,1
32467,58e4ce00fe7683152b560601,595f9f0afe7683316b2dd8fe,"<Article: ""Corredo di bibliografia petrarchesca: edizioni, opere e fonti specialmente considerate e citate in abbreviazione"" in ""Ateneo veneto"", 21(1) 1983, internal_id=RAV0164473:1983_21_1:8>","F.X. KRAUS, F. Petrarca e la sua corrispondenza epistolare, trad. D. VALBUSA; in Firenze, 1901",591463aefb15c81221c73df7,0,,"Daniele Manin, stretto a Lui, già da tempo, di particolare amicizia, e allora dal ministro Lorenzo Pareto inviato a rappresentare il Governo Sardo presso il Provvisorio nostro. Partecipò quindi con Venezia e col Governo che rappresentava alle gioie e ai dolori di quell’ epoca memoranda. Il Rebizzo tenne corrispondenza epistolare con Carlo Botta,",0,1
41484,58e4ce00fe7683152b560601,595f9f0afe7683316b2dd8fe,"<Article: ""Corredo di bibliografia petrarchesca: edizioni, opere e fonti specialmente considerate e citate in abbreviazione"" in ""Ateneo veneto"", 21(1) 1983, internal_id=RAV0164473:1983_21_1:8>","F.X. KRAUS, F. Petrarca e la sua corrispondenza epistolare, trad. D. VALBUSA; in Firenze, 1901",591463affb15c81221c8e4a3,0,,"Il nob. signor Antonio Nordio di Cbioggia, ora dimorante in Padova, pos- siede tre quadri della Rosalba, ciascuno di metri 0,50 di altezza per 0,45 di larghezza. Uno è un pastello rappresentante una Maddalena, forse quella stessa encomiata dall’ Algarotti, e due in tela ad olio, de’ quali uno rap- presenta tuia B. V. leggente, 1’ altro un seralino piangente la morte di N. S. Ifratelli Belleino detti Biasetti hanno, un pastello con cornice dorata di me- tri 0.39 per 0,46, busto di S. Vincenzo Ferreri dalla metà del petto in su, testa al naturale di grande espressione. Il santo tiene gli occhi rivolti al cielo e sembra voglia parlare ispirato. Sopra la testa ha la lingua di fuoco, a sinistra la tromba simbolica. Colpisce per verità e vivezza. Altro pastello simile al precedènte nelle dimensioni e nella cornice è' rimasto in casa dello zio de’ sacerdoti suddetti signor Bellomo. E una santa Teresa con abito da cappuccina di lana bianco, bavero bianco, velo nero. Sviene in. estasi, appoggiando la testa sopra una nuvola, mentre a destra in alto due teste di cherubini la .stanno ammirando. Questo quadro soltanto avrebbe bastato a far di Rosalba una grande pittrice, e primeggia fra gli altri da me veduti per freschezza di tinte, franchezza del fare e delicatezza delle carnagioni. Presso il signor abate Camulfo parroco di Sant’Andrea trovasi una Madon- nina a pastello di forma ellittica, coll’ asse maggiore ili met. 0,16. Venne manomessa ed è in parte scancellata. Lo stesso rev. parroco possedeva un altro quadro. simile a quelli dei Bellemo nelle dimensioni e nella cornice, proveniente esso pure come gli altri due da certo canonico Olivotti amico della famiglia Gandolfo, dalla quale i quadri suddetti passarono per eredità alla famiglia Bellemo, ed al parroco, a quanto sembra, per dono. Questo rappresenta una Sacra Famiglia, pastello in pergamena, e venne acquistato dal comm. Carlo Vianelli. La nobile famiglia Vianelli di Chioggia possedeva fra molte altre prezio- sissime cose una cassetta contenente, oltre al manoscritto del Diario della Car- / riera, molti altri scritti di sua mano, e della sua corrispondenza epistolare. IIconte Tomitano di Oderzo li chiese a prestito alla madre dei viventi cav. Carlo e Giuseppe, la quale dopo molta resistenza, finalmente per l’inter- posizione dell’ ab.",0,1
64039,58e4ce00fe7683152b560601,595f9f0afe7683316b2dd8fe,"<Article: ""Corredo di bibliografia petrarchesca: edizioni, opere e fonti specialmente considerate e citate in abbreviazione"" in ""Ateneo veneto"", 21(1) 1983, internal_id=RAV0164473:1983_21_1:8>","F.X. KRAUS, F. Petrarca e la sua corrispondenza epistolare, trad. D. VALBUSA; in Firenze, 1901",591463b2fb15c81221ce8f65,595fa1d8fe7683316b2e00cc,"<Article: ""L’ Abbazia Benedettina di Sesto in Silvis nella patria del Friuli "" in ""Nuovo archivio veneto"", 14(None) 1907, internal_id=LO10016952:1907_14:1>","E. Degani. — La corrispondenza epistolare di L. A. Muratori con M. Giuseppe Bini. — In Archivio Veneto — 1897, XIII-I.",0,1
64252,58e4ce00fe7683152b560601,595f9f0afe7683316b2dd8fe,"<Article: ""Corredo di bibliografia petrarchesca: edizioni, opere e fonti specialmente considerate e citate in abbreviazione"" in ""Ateneo veneto"", 21(1) 1983, internal_id=RAV0164473:1983_21_1:8>","F.X. KRAUS, F. Petrarca e la sua corrispondenza epistolare, trad. D. VALBUSA; in Firenze, 1901",591463b2fb15c81221ce94e5,595fa1dafe7683316b2e00e0,"<Article: ""L’ Abbazia Benedettina di Sesto in Silvis nella patria del Friuli"" in ""Nuovo archivio veneto"", 14(None) 1907, internal_id=LO10016952:1907_14:9>",Degani - La corrispondenza epistolare di M. Bini con Lodovico Muratori etc. loe. cit.).,0,1
79902,58e4ce00fe7683152b560601,595f9f0afe7683316b2dd8fe,"<Article: ""Corredo di bibliografia petrarchesca: edizioni, opere e fonti specialmente considerate e citate in abbreviazione"" in ""Ateneo veneto"", 21(1) 1983, internal_id=RAV0164473:1983_21_1:8>","F.X. KRAUS, F. Petrarca e la sua corrispondenza epistolare, trad. D. VALBUSA; in Firenze, 1901",591463b2fb15c81221cfb98e,0,,"Bini nella sua corrispondenza epistolare col Muratori. E da molte lettere del Conte Carlo Archimi e dell’Argellati, direttore dell’ impresa, indirizzate al nostro negli anni 1722-1723,",0,1
88217,58e4ce00fe7683152b560601,595f9f0afe7683316b2dd8fe,"<Article: ""Corredo di bibliografia petrarchesca: edizioni, opere e fonti specialmente considerate e citate in abbreviazione"" in ""Ateneo veneto"", 21(1) 1983, internal_id=RAV0164473:1983_21_1:8>","F.X. KRAUS, F. Petrarca e la sua corrispondenza epistolare, trad. D. VALBUSA; in Firenze, 1901",5919e9663dde944752f51368,595f9d2afe7683316b2dc5ec,"<Book: Storia delle città italiane,  Laterza,, 1986, ISBN: 88-420-2751-0>",Consiglio Generale e tennero una discreta corrispondenza epistolare con Andrea Costa e con Errico Malatesta.,0,1
18678,58e4ce00fe7683152b560601,595f9f0afe7683316b2dd8fe,"<Article: ""Corredo di bibliografia petrarchesca: edizioni, opere e fonti specialmente considerate e citate in abbreviazione"" in ""Ateneo veneto"", 21(1) 1983, internal_id=RAV0164473:1983_21_1:8>","F.X. KRAUS, F. Petrarca e la sua corrispondenza epistolare, trad. D. VALBUSA; in Firenze, 1901",5919e9663dde944752f67e62,595f9d39fe7683316b2dc691,"<Book: Chiesa di Santo Stefano : arte e devozione,  Marsilio, [1996, 1996, ISBN: 88-317-6364-4>","SACRESTIA MAGGIORE La vasta aula costituisce, assieme alla Sacrestia minore, al piccolo chiostro e ambienti adiacenti, una specie di corpo aggiunto a sud della chiesa. Il settore, che confina a est con il rio del Santissimo e a ovest è nascosto alla vista dal campo da edifici posteriori, risale all’iniziativa personale di frate Gabriele Dalla Volta, generale degli Agostiniani Eremitani di Santo Stefano dal 1519, che ne fu il committente e l’architetto dal 1521 al 1528 circa. Conclusa quest’opera e prima di doversi occupare della ricostruzione del primo grande chiostro a nord della chiesa (incendiato il 4 gennaio 1529 ), il Dalla Volta aprì nel ii 1526 una porta monumentale al centro dell’abside allo scopo di collegare meglio il coro della chiesa con il convento. Di quest’ultimo promuoveva l’ingrandimento con lavori nel secondo chiostro, continuati dal suo successore Giacomo Fiorelli nella seconda metà del Seicento. Risale forse al 1527-28 il piccolo chiostro adiacente alla Sacrestia maggiore che si caratterizza per l’elegante modulo ionico anticipatore della soluzione architettonica adottata nel 1532 da frate Gabriele nel primo grande chiostro del convento. Non sono molte le notizie che ci sono state tramandate su Gabriele Dalla Volta. Lo storico Giuseppe Tassini (1888), ricordandone l’origine bergamasca, sembra suggerire un legame artistico con Gugliemo de’ Grigi -architetto operoso a Venezia in quegli anni per il convento agostiniano dei Canonici Regolari del Santissimo Salvatore, detto San Salvador -in alternativa alla cerchia dei Lombardo proposta da Pietro Paoletti (1893). Lo stesso Tassini annota che frate Gabriele ebbe la stima dell’imperatore Carlo V e di papa Leone X, e la confidenza del cardinale Pietro Bembo con il quale ultimo intrattenne dal 1526 al 1535 una corrispondenza epistolare. Il Bembo (1564) nelle sue lettere è prodigo di elogi per la ricostruzione del convento diretta dal Dalla Volta, ma critica la sproporzione - come a lui pareva -della nuova Sacrestia che invece proprio per il suo sviluppo verticale e la posizione elevata delle quattro grandi finestre ottiene una migliore illuminazione rispetto ai consimili ambienti conventuali veneziani. Altre riserve alla figura del generale agostiniano come architetto sono mosse da Pietro Selvatico (1847) che ne critica l’empirismo costruttivo e non trova ragioni sufficienti a giustificarne la fama goduta presso i contemporanei. Al contrario Apollonio (1911) elogia l’armonia rinascimentale dell’aula, seguito in questo dalla maggior parte della letteratura.",0,1
37888,58e4ce00fe7683152b560601,595f9f0afe7683316b2dd8fe,"<Article: ""Corredo di bibliografia petrarchesca: edizioni, opere e fonti specialmente considerate e citate in abbreviazione"" in ""Ateneo veneto"", 21(1) 1983, internal_id=RAV0164473:1983_21_1:8>","F.X. KRAUS, F. Petrarca e la sua corrispondenza epistolare, trad. D. VALBUSA; in Firenze, 1901",59de7a3348e232540c6010e8,59883f01c12c602712e24505,"<Book: Ritratto di Isabella : studi e documenti su Isabella Teotochi Albrizzi,  Le lettere, \1992, 1992, ISBN: 88-7166-080-3>","NOVIZIATO LETTERARIO 141 pre a controllare la produzione di Isabella; e se egli giudica positivamente la fluidità espressiva raggiunta dall’amica nell’idioma da lei correntemente usato nella corrispondenza epistolare («Certo voi siete giunta a scrivere» - le dice già nel 1796 - «il francese con molta eleganza [...]»141)j le modalità correttive da lui adottate nei confronti della lingua italiana risultano perlomeno curiose nella loro tardività, poiché le vistose incertezze della dama vengono evidenziate solo dopo circa un ventennio di carteggi assidui e talvolta giornalieri: [...] Angelino, e non Angellino, come voi lo chiamate. Possibile che non vogliate avvezzarvi ad avere un po’ più cura della vostra ortografia? Scrivete paciencia in luogo di pazienza; il che fa perdere la pazienza. Nulla",0,1
38658,58e4ce00fe7683152b560601,595f9f0afe7683316b2dd8fe,"<Article: ""Corredo di bibliografia petrarchesca: edizioni, opere e fonti specialmente considerate e citate in abbreviazione"" in ""Ateneo veneto"", 21(1) 1983, internal_id=RAV0164473:1983_21_1:8>","F.X. KRAUS, F. Petrarca e la sua corrispondenza epistolare, trad. D. VALBUSA; in Firenze, 1901",59df53cf9be3c75c2e66f4dd,59dc756afe76834059d44594,"<Book: Venezia e l'esperienza democratica del 1797 : atti del corso di storia veneta, , 1998>","M. ZANETTO, 1797: Venezia dopo la serenissima..., pp. 66 e segg. 14 Corrispondenza epistolare, letteraria e politica, Venezia, 1797, foglio III. - 124 -",0,1
3533,58e4ce00fe7683152b560601,595f9f0afe7683316b2dd8fe,"<Article: ""Corredo di bibliografia petrarchesca: edizioni, opere e fonti specialmente considerate e citate in abbreviazione"" in ""Ateneo veneto"", 21(1) 1983, internal_id=RAV0164473:1983_21_1:8>","F.X. KRAUS, F. Petrarca e la sua corrispondenza epistolare, trad. D. VALBUSA; in Firenze, 1901",59df6ec59be3c75dd98c77ff,59dc75bcfe76834059d448ab,"<Book: Biblioteche effimere : biblioteche circolanti a Venezia (19.-20. secolo),  Regione del Veneto,, 2012, ISBN: 978-88-97735-06-9>","BIBLIOTECHE EFFIMERE nazionale Marciana,3 la Soprintendenza bibliografica per il Veneto Occidentale aveva sede prima a Venezia, poi a Verona (dal io aprile 1935), a Gorizia (dal 1945) e poi nuovamente Verona. Le due circoscrizioni operarono in stretto contatto tra loro, ma rimasero pur tuttavia due sedi distinte, sia allora che oggi; la documentazione prodotta in quel periodo rimane tuttora separata, ma consultabile e accessibile al pubblico. I dati contenuti nelle tabelle che seguiranno derivano dalla consultazione diretta del materiale prodotto da entrambe le sedi, ma anche dall’uso dei pochi strumenti di corredo esistenti.·' Attraverso l’inventario è stato possibile eseguire un lavoro di ricostruzione virtuale dell’archivio d’epoca realizzato attraverso il ricongiungimento e il riordino delle segnature originali. Il materiale archivisti-co si presenta suddiviso in buste (o faldoni) contenenti ognuno più cartelle di documenti originali di varia natura: gran parte del fondo è costituito da singoli fogli sciolti rappresentanti una fitta corrispondenza epistolare tra le varie sedi della Soprintendenza veneta e/o con il ministero della Pubblica Istruzione. Sono talvolta presenti dei registri e documentazione originaria attestante ricevute fiscali o preventivi utili al corretto funzionamento delle suddette sedi della Soprintendenza bibliografica della Regione Veneto. Ogni cartella è caratterizzata dalla presenza delle segnature originali formate da una sigla alfanumerica, oltre che da una dicitura attestante il contenuto presente al suo interno, assegnata durante la fase del riordino. La presenza della segnatura originale ha fatto nascere l’ipotesi che si potesse risalire ad un eventuale titolario utilizzato come guida dalle Soprintendenze bibliografiche di tutta Italia. Questa ipotesi rimarrà in parte irrisolta a causa della scarsità di studi e pubblicazioni esistenti sulle altre Soprintendenze italiane.5 Primo passo verso la ricostituzione virtuale dell’archivio è stato scorrere velocemente e schematicamente i dati relativi ai contenuti sommari (così come appaiono nell’inventario) delle singole buste del fondo, raggruppate per titolo 0 sezione.6 Ad ogni contenuto e relativa busta nella tabella è stata fatta corrispondere la sua segnatura originale, in modo da poter successivamente procedere 3.Ci sono dei documenti che attesterebbero la sede della Soprintendenza presso Piscina San Zulian a San Marco.",0,1
75144,58e4ce00fe7683152b560601,595f9f0afe7683316b2dd8fe,"<Article: ""Corredo di bibliografia petrarchesca: edizioni, opere e fonti specialmente considerate e citate in abbreviazione"" in ""Ateneo veneto"", 21(1) 1983, internal_id=RAV0164473:1983_21_1:8>","F.X. KRAUS, F. Petrarca e la sua corrispondenza epistolare, trad. D. VALBUSA; in Firenze, 1901",59e0adbcf98262071bfbe925,59dc750afe76834059d441e1,"<Book: Aretino e la stampa : strategie di autopromozione a Venezia nel Cinquecento,  Salerno, [2003, 2003, ISBN: 88-8402-405-6>","Schede chi, letterato piacentino trasferitosi a Venezia intorno al i542-’43 e che tra l’altro era in corrispondenza epistolare con Aretino sin dal 1540. Il suo ruolo nell’officina giolitina era quello di correttore e curatore di testi in volgare, ma svolgerà anche un’intensa attività di volgarizzatore di classici latini e greci. L’inizio del suo rapporto con Giolito data al 1544, anno in cui aveva dato alle stampe una raccolta di sue  Rime in stile petrarchesco. Nello stesso anno usciva sempre a Venezia - al segno del",0,1
99475,58e4ce00fe7683152b560601,595f9f0afe7683316b2dd8fe,"<Article: ""Corredo di bibliografia petrarchesca: edizioni, opere e fonti specialmente considerate e citate in abbreviazione"" in ""Ateneo veneto"", 21(1) 1983, internal_id=RAV0164473:1983_21_1:8>","F.X. KRAUS, F. Petrarca e la sua corrispondenza epistolare, trad. D. VALBUSA; in Firenze, 1901",59e0adcbf98262071bfcff5d,59dc7555fe76834059d444b7,"<Book: 1650 Giardino di Cha Gualdo,  Olschki, [1972?, >","Signore Ottavio Frigimelica Cavaliere, di ogni virtù adorno, e Legislatore », un bassorilievo in gesso117; in Venezia, acquista per 10 ducati un « dente di Gigante »118 - a Padova un certo Bernardo gli aveva regalato un serpente impagliato119 - e, per 20 lire, « una bussola de ostie fatta in Siena tutta d’un pezzo [...] che vale assai più » e s’assicura, dall’« herede di un valente antiquario [...] stava a San Luca [...], una saliera di smalto nero » 12°. Oppure, intrattiene corrispondenza epistolare con i più diversi personaggi, e si garantisce, per tal via, altre cose: « un marmo antico et alcune medaglie », da Marostica121 ; smalti su rame, grazie a certo Orazio Fioretti122; pietre fossili, col concorso di un « gentilluomo chiamato il Signor Francesco Bertucci servita», da Brescia123; statuette in cera di un Amorino saettante e di un putto, recate da Trento da un Padre Quaglia124; croci e oggetti di devozione «di Costantinopoli» per gli uffici di un «Frate Agostino Boschetti»125: addirittura, «foglie col capuccio » che « sogliono portare li Religiosi » Cappuccini, recapitate da Vienna da un « Padre Francesco da Roveredo »12e.",0,1
5675,58e4ce00fe7683152b560601,595f9f0afe7683316b2dd8fe,"<Article: ""Corredo di bibliografia petrarchesca: edizioni, opere e fonti specialmente considerate e citate in abbreviazione"" in ""Ateneo veneto"", 21(1) 1983, internal_id=RAV0164473:1983_21_1:8>","F.X. KRAUS, F. Petrarca e la sua corrispondenza epistolare, trad. D. VALBUSA; in Firenze, 1901",59e0adcbf98262071bfd6121,59dc74c3fe768340301bea65,"<Book: I Dandolo,  Dall'Oglio,, 1981>",ANDREA DANDOLO «CORTESAN» L’amicizia fra il doge di Venezia e il Petrarca era stata preceduta da una corrispondenza epistolare tra il 1351 e 1354.,0,1
9686,58e4ce00fe7683152b560601,595f9f0afe7683316b2dd8fe,"<Article: ""Corredo di bibliografia petrarchesca: edizioni, opere e fonti specialmente considerate e citate in abbreviazione"" in ""Ateneo veneto"", 21(1) 1983, internal_id=RAV0164473:1983_21_1:8>","F.X. KRAUS, F. Petrarca e la sua corrispondenza epistolare, trad. D. VALBUSA; in Firenze, 1901",59e23a54883161621342e926,595fd69ffe76835254f6c031,"<Book: Giurisdizionalismo, illuminismo e massoneria nel tramonto della Repubblica veneta,  Deputazione,, 1984>","Francesco Gummer, già affiliato alla loggia di Vienna, per molti anni in relazione d’affari con il Pilati, e in corrispondenza epistolare con Simone",0,1
13629,58e4ce00fe7683152b560601,595f9f0afe7683316b2dd8fe,"<Article: ""Corredo di bibliografia petrarchesca: edizioni, opere e fonti specialmente considerate e citate in abbreviazione"" in ""Ateneo veneto"", 21(1) 1983, internal_id=RAV0164473:1983_21_1:8>","F.X. KRAUS, F. Petrarca e la sua corrispondenza epistolare, trad. D. VALBUSA; in Firenze, 1901",59e23a59883161621347abad,59dc7507fe76834059d441b6,"<Book: Storia della cultura veneta,  N. Pozza, [1976, 1976>","VICENZA, TREVISO E VENEZIA gli Strategemata di Frontino, il De consolatione philosophiae di Boezio, 1 ’ Institutio ad Traianum dello pseudo-Plutarco77. 7. Verso la metà del secolo la nuova cultura umanistica ricevette un impulso decisivo dall’opera concorde del doge Andrea Dandolo (1343-1354), del gran cancelliere Benintendi Ravignani (1352-1365) e, in modo particolare, del Petrarca, amico personale di entrambi, che dal 1362 al 1368 fissò la sua dimora sulla laguna. La formazione letteraria del Dandolo - che il Petrarca ricorda esplicitamente nella F am. Vili 5 a Luca Cristiani del 19 maggio 1349 e nelle F am. XI 8 e XVIII 16, rivolte al doge stesso, del marzo 1351 e del maggio 1354’8 - non sarà da ricercare nelle opere storiche, che rimangono ancora legate a schemi tradizionali, ma nella sua corrispondenza epistolare con il Petrarca, dove il doge si preoccupa di adeguare il proprio stile a quello del più grande intellettuale del suo tempo, facendosi in tal modo iniziatore di un profondo rinnovamento culturale all’interno della cancelleria, dove ben presto si abbandonarono le vecchie formule epistolari delle  artes dictaminis, per seguire i nuovi modelli umanistici del Petrarca79. L’azione di Andrea Dandolo venne continuata e perfezionata da Benintendi Ravignani, cancelliere della Repubblica dal 1352 e buon amico del Petrarca. Nel maggio del 1355, a meno di un anno dalla morte del doge, egli aveva modo di incontrare il poeta a Milano e di trascriversi alcune sue lettere; e nel settembre del 1356 otteneva dallo stesso Petrarca una copia dei primi otto libri dell’epistolario, che in seguito egli arricchì con le due lettere del Dandolo e qualche lettera sua e di altri suoi amici. Dalla raccolta del Benintendi e in parte anche da quella di un altro funzionario della cancelleria veneziana, Paolo de Bernardo, che riuscirà a procurarsi quasi un centinaio di lettere del Petrarca, venne in seguito estratto un « libro di cancelleria », che « dando i posti d’onore alle lettere del poeta, presentò ai dettatori del governo veneziano, e anche ai maestri che dovevano educare i discepoli a quell’ufficio, una serie vasta e varia di modelli»80. « Römisches Jahrbuch für Kunstgeschichte », XIV, 1973» ΡΡ· Ι_Ι 37 ·",0,1
70959,58e4ce00fe7683152b560601,595f9f0afe7683316b2dd8fe,"<Article: ""Corredo di bibliografia petrarchesca: edizioni, opere e fonti specialmente considerate e citate in abbreviazione"" in ""Ateneo veneto"", 21(1) 1983, internal_id=RAV0164473:1983_21_1:8>","F.X. KRAUS, F. Petrarca e la sua corrispondenza epistolare, trad. D. VALBUSA; in Firenze, 1901",59e2c59e88316171ebb5cf3e,59dc74acfe768340301be97f,"<Book: Il Veneto governo democratico in tipografia : opuscoli del periodo della municipalita provvisoria di Venezia (1797) conservati presso la Biblioteca della Deputazione di storia patria per le Venezie,  Comune di Venezia, Assessorato alla pubblica istruzione, Sistema bibliotecario,, 1990>","Contarini, Domenico 107) Corrispondenza epistolare letteraria e politica, foglio I, II e III, [Venezia], dalla tipografia del cittadino Marcellino Piotto, 1797, pp. XIV, XV, XV, cm.",0,1
70973,58e4ce00fe7683152b560601,595f9f0afe7683316b2dd8fe,"<Article: ""Corredo di bibliografia petrarchesca: edizioni, opere e fonti specialmente considerate e citate in abbreviazione"" in ""Ateneo veneto"", 21(1) 1983, internal_id=RAV0164473:1983_21_1:8>","F.X. KRAUS, F. Petrarca e la sua corrispondenza epistolare, trad. D. VALBUSA; in Firenze, 1901",59e2c59e88316171ebb5cf91,59dc74acfe768340301be97f,"<Book: Il Veneto governo democratico in tipografia : opuscoli del periodo della municipalita provvisoria di Venezia (1797) conservati presso la Biblioteca della Deputazione di storia patria per le Venezie,  Comune di Venezia, Assessorato alla pubblica istruzione, Sistema bibliotecario,, 1990>","N.N. Mise. 200.21 146) Discorso al popolo degli autori della corrispondenza epistolare letteraria e politica. Gl’amici della pace, della libertà, e dell’eguaglianza, [Venezia], dalla tipografìa del cittadino Marcellino Piotto, 1797, pp. XIII, cm. 19.",0,1
2039,58e4ce00fe7683152b560601,595f9f0afe7683316b2dd8fe,"<Article: ""Corredo di bibliografia petrarchesca: edizioni, opere e fonti specialmente considerate e citate in abbreviazione"" in ""Ateneo veneto"", 21(1) 1983, internal_id=RAV0164473:1983_21_1:8>","F.X. KRAUS, F. Petrarca e la sua corrispondenza epistolare, trad. D. VALBUSA; in Firenze, 1901",59e332f88831617f5ee0b64f,59dc75d8fe76834059d449f1,"<Book: Quarta crociata : Venezia, Bisanzio, impero latino,  Istituto veneto di scienze, lettere ed arti,, 2006>","Giovanni Camateros, e sulla sua corrispondenza epistolare con Innocenzo III,",0,1
44180,58e4ce00fe7683152b560601,595f9f0afe7683316b2dd8fe,"<Article: ""Corredo di bibliografia petrarchesca: edizioni, opere e fonti specialmente considerate e citate in abbreviazione"" in ""Ateneo veneto"", 21(1) 1983, internal_id=RAV0164473:1983_21_1:8>","F.X. KRAUS, F. Petrarca e la sua corrispondenza epistolare, trad. D. VALBUSA; in Firenze, 1901",59e332f98831617f5ee2b056,595fd3affe7683509bf6c163,"<Book: Umanesimo europeo e Umanesimo veneziano,  Sansoni, , 1963>","FRANCESCO PETRARCA E IL PRIMO UMANESIMO A VENEZIA Le raccolte venerane di lettere del Petrarca. Alcune lettere del Benintendi come altre del de Bernardo ci danno uno scorcio vivo dei modi con cui si diffondeva la corrispondenza epistolare. Con una lettera il Benintendi chiedeva al Petrarca il « litteratum colloquium » e desiderava ricevere una risposta, ricordando anche la promessa di una copia dell’epistolario; era un amico mercante, cittadino milanese e veneziano, Marco da Rho, che doveva soddisfare le spese. Quando il Benintendi è a Milano, dov’era il poeta, trascrive le due Familiari a Cicerone, chiede quella a Seneca e tutto quello che capiterà a mano: non passa a visitarlo, ma quasi lo contempla nelle opere sue. Sette anni",0,1
44189,58e4ce00fe7683152b560601,595f9f0afe7683316b2dd8fe,"<Article: ""Corredo di bibliografia petrarchesca: edizioni, opere e fonti specialmente considerate e citate in abbreviazione"" in ""Ateneo veneto"", 21(1) 1983, internal_id=RAV0164473:1983_21_1:8>","F.X. KRAUS, F. Petrarca e la sua corrispondenza epistolare, trad. D. VALBUSA; in Firenze, 1901",59e332f98831617f5ee2b070,595fd3affe7683509bf6c163,"<Book: Umanesimo europeo e Umanesimo veneziano,  Sansoni, , 1963>","Composteli!, Desiderato Lucio, Lorenzo de Monacis. Evidentemente la cancelleria prosegue nella sua funzione di organismo tecnico al servizio dello Stato: un organismo impersonale e chiuso, perciò meno adatto a promuovere una più geniale evasione nel campo della cultura. A metà del Quattrocento verrà stipendiato un regolare insegnamento di umanità annesso alla cancelleria a S. Marco, e un decennio dopo verrà aggiunta una seconda cattedra, coperta da umanisti di valore: ma ormai la cultura umanistica con propria forza vigoreggiava fra i patrizi e intorno al patriziato. Il tema dell’amicizia e il carattere della corrispondenza epistolare. Di fronte alla corrispondenza degli umanisti noi dobbiamo superare la difficoltà di accettare la loro consapevole poetica della forma ornata, della veste stilistica, e di dimenticare una lettura rivolta a cercare soprattutto il fatto umano e il particolare storico concreto.",0,1
51719,58e4ce00fe7683152b560601,595f9f0afe7683316b2dd8fe,"<Article: ""Corredo di bibliografia petrarchesca: edizioni, opere e fonti specialmente considerate e citate in abbreviazione"" in ""Ateneo veneto"", 21(1) 1983, internal_id=RAV0164473:1983_21_1:8>","F.X. KRAUS, F. Petrarca e la sua corrispondenza epistolare, trad. D. VALBUSA; in Firenze, 1901",59e332fa8831617f5ee304c6,59dc75aafe76834059d447f6,"<Book: 4.1,  N. Pozza, °1983, 1984>","saggio della corrispondenza epistolare fra Ciro di Pers e il Dottori in N. Busetto, Carlo de' Dottori letterato padovano del secolo decimosettimo, Città di Castello 1902, pp. 289-304 (e cfr. specie la p. 291).",0,1
89670,58e4ce00fe7683152b560601,595f9f0afe7683316b2dd8fe,"<Article: ""Corredo di bibliografia petrarchesca: edizioni, opere e fonti specialmente considerate e citate in abbreviazione"" in ""Ateneo veneto"", 21(1) 1983, internal_id=RAV0164473:1983_21_1:8>","F.X. KRAUS, F. Petrarca e la sua corrispondenza epistolare, trad. D. VALBUSA; in Firenze, 1901",59e333078831617f5ee498d7,59dc74b7fe768340301be9e8,"<Book: Venezia e Napoli nel Quattrocento : rapporti fra i due Stati ed altri saggi,  Liguori,, 1992, ISBN: 88-207-2109-0>","Lorenzo Valla, Giannozzo Manetti, Bartolomeo Facio, Antonio Beccadelli, Lorenzo Buonincontri; e fu in corrispondenza epistolare con Leonardo Bruni e con Poggio Bracciolini,",0,1
93644,58e4ce00fe7683152b560601,595f9f0afe7683316b2dd8fe,"<Article: ""Corredo di bibliografia petrarchesca: edizioni, opere e fonti specialmente considerate e citate in abbreviazione"" in ""Ateneo veneto"", 21(1) 1983, internal_id=RAV0164473:1983_21_1:8>","F.X. KRAUS, F. Petrarca e la sua corrispondenza epistolare, trad. D. VALBUSA; in Firenze, 1901",59e333078831617f5ee4cec9,59dc751ffe76834059d442aa,"<Book: Venezia medievale nella modernità : storici e critici della cultura europea fra Otto e Novecento,  Viella,, 2014, ISBN: 978-88-6728-021-6>","Orientalismo ed etnografia in età coloniale da di membro dell’Académie française,54 e in corrispondenza epistolare con Ch. A. Sainte-Beuve, come pure con P.-J. Proudhon",0,1
17769,58e4ce00fe7683152b560601,595f9f0afe7683316b2dd8fe,"<Article: ""Corredo di bibliografia petrarchesca: edizioni, opere e fonti specialmente considerate e citate in abbreviazione"" in ""Ateneo veneto"", 21(1) 1983, internal_id=RAV0164473:1983_21_1:8>","F.X. KRAUS, F. Petrarca e la sua corrispondenza epistolare, trad. D. VALBUSA; in Firenze, 1901",59e333078831617f5ee5ef04,598845f8c12c60305fe24505,"<Book: Venezia che spera : l'unione all'Italia (1859-1866),  Marsilio,, 2011, ISBN: 978-88-317-0953-8>","F. Aporti, R. Lambruschini e fonda a Pinerolo nel 1859 il ricovero di mendicità. È possibile, afferma Buogo, che Bernardi, sacerdote liberal moderato, fosse favorevole a una conciliazione della chiesa con lo stato, a un concordato che eliminasse o almeno affievolisse l’impatto tra giurisdizione civili ed ecclesiastiche. È forse nella speranza di indurre i padri conciliari ad una revisione del dogma delfinfallibi-lità del papa che il vescovo Rinaldi nel 1870 lo vuole con sé a Roma al Concilio vaticano. In quel consesso Bernardi annota minuziosamente nel suo diario, conservato nella biblioteca del Musco Correr di Venezia, i contatti con i padri conciliari, con personalità dell’ambiente curiale e dello stato. Nel 1877 lascia Pinerolo per Venezia dove promuove la fondazione di un ricovero per bambini rachitici e viene nominato presidente della Congregazione di carità. Nel 1895 si ritira a Follina dove muore due anni dopo il 9 ottobre 1897. Nel suo testamento dispone che «i libri, gli arredi, ì quadri, le medaglie, le monete, gli autografi di ogni maniera, gli scritti ed oggetti di pregio storico ed artìstico che mi appartengono, cosi in Venezia come in Follina non sìeno né venduti, né divisi, né dispersi ma si conservino assieme con la corrispondenza epistolare» pervengano in eredità al nipote Jacopo Bernardi, ingegnere, a condizione che «non li lasci in stato di abbandono ma li conservi gelosamente negli scaffali chiusi a chiave e non ne permetterà l’esame se non a persone pienamente conosciute per delicatezza, prudenza e somma onestà di vita».",0,1
61457,58e4ce00fe7683152b560601,595f9f0afe7683316b2dd8fe,"<Article: ""Corredo di bibliografia petrarchesca: edizioni, opere e fonti specialmente considerate e citate in abbreviazione"" in ""Ateneo veneto"", 21(1) 1983, internal_id=RAV0164473:1983_21_1:8>","F.X. KRAUS, F. Petrarca e la sua corrispondenza epistolare, trad. D. VALBUSA; in Firenze, 1901",59e333088831617f5ee816d5,59dc75defe76834059d44a21,"<Book: Il libro illustrato veneziano del Seicento : con un repertorio dei principali incisori e peintre-graveurs,  Il prato,, 2010, ISBN: 978-88-6336-045-5>","TT'h.ppo s/ntecTusMr pccc/l¿& Ìci Con lo scioglimento dell’Accademia e la morte del Loredano, di Giacomo Piccini e di Francesco Ruschi, anche gli illustratori e \ peintre-graveurs che avevano gravitato attorno al circolo libertino, al pari dei letterati Incogniti rimasti in vita, si vedono costretti a cercare nuovi sbocchi professionali. Giovanni Georgi, attivo fin oltre il settimo decennio del secolo, continua a essere impegnato nell’editoria specialistica padovana, specie archeologica e medica, vanto dell’ateneo: nel 1662 Matteo Bolzetta Cadorin ripubblica un caposaldo del genere, il De lucernis antiquorum reconditis di Fortunio Liceti, un professore di origine ligure noto per la sua corrispondenza epistolare con Galilei; il poderoso e raffinato volume, già uscito a Udine",0,1
76410,58e4ce00fe7683152b560601,595f9f0afe7683316b2dd8fe,"<Article: ""Corredo di bibliografia petrarchesca: edizioni, opere e fonti specialmente considerate e citate in abbreviazione"" in ""Ateneo veneto"", 21(1) 1983, internal_id=RAV0164473:1983_21_1:8>","F.X. KRAUS, F. Petrarca e la sua corrispondenza epistolare, trad. D. VALBUSA; in Firenze, 1901",59e333088831617f5ee8cecf,59dc7520fe76834059d442ba,"<Book: Giornalismo ed opinione pubblica nella rivoluzione di Venezia : fine sec. 17.-1849,  Societa cooperativa tipografica,, 1938>","Antonio Cappello, ambasciatore veneto a Parigi, scriveva al Senato « di non nascondere al popolo la rivoluzione francese... ed essere utile e necessaria la diffusione dei libri che pubblicassero la verità intorno allo stato attuale della Francia, convenendo sopportare il male per avere la bella, santa, nuova costituzione e la libertà ». Evidentemente questo appello era rivolto in forma legale e nell’orbita della sovranità della Repubblica Veneta. Ma rimaneva come parole al vento, perchè tutto quanto proveniente dalla Francia, dalla Svizzera, dall’Olanda, fosse sospetto, si vietava che venisse introdotto e fatto circolare nello Stato. Si estese così il contrabbando di libri, giornali, perfino dipinti provenienti dall’occidente. Le conventicole, divenute più frequenti, nei circoli, nelle case private, nelle farmacie, caffè, botteghe di barbieri erano rigorosamente spiate ; si allontanarono dall’Università di Padova laici e sacerdoti che per blandire i principi del giansenismo furono considerati a di genio torbido e inquieto » ; si vigilarono dappresso ebrei e stranieri ; si curò la censura dei giornali e della corrispondenza epistolare, si vietò ai nobili di uscire dal dominio senza speciale permesso,",0,1
93142,58e4ce00fe7683152b560601,595f9f0afe7683316b2dd8fe,"<Article: ""Corredo di bibliografia petrarchesca: edizioni, opere e fonti specialmente considerate e citate in abbreviazione"" in ""Ateneo veneto"", 21(1) 1983, internal_id=RAV0164473:1983_21_1:8>","F.X. KRAUS, F. Petrarca e la sua corrispondenza epistolare, trad. D. VALBUSA; in Firenze, 1901",59e333098831617f5ee9b4b7,59dc759dfe76834059d44773,"<Book: Il collezionismo d'arte a Venezia,  Fondazione di Venezia,, 2008, ISBN: 88-317-9714 ((errato))>","Hubert Goltzius nel  Julius Caesar (Bruges 1563) ed elogiato da Francesco Sansovino (1581), suscitò all’epoca l’ammirazione dei principali esperti del settore, ad esempio Stefano Magno, e di artisti come l’architetto Pirro Ligorio; con entrambi Sebastiano intrattenne una corrispondenza epistolare dedicata proprio ad argomenti numismatici (Melchiorri 1825;",0,1
14701,58e4ce00fe7683152b560601,595f9f0afe7683316b2dd8fe,"<Article: ""Corredo di bibliografia petrarchesca: edizioni, opere e fonti specialmente considerate e citate in abbreviazione"" in ""Ateneo veneto"", 21(1) 1983, internal_id=RAV0164473:1983_21_1:8>","F.X. KRAUS, F. Petrarca e la sua corrispondenza epistolare, trad. D. VALBUSA; in Firenze, 1901",59e333098831617f5eead46d,59dc7577fe76834059d44629,"<Book: Ludovico Gritti : un principe-mercante del Rinascimento tra Venezia, i turchi e la corona d'Ungheria,  Edizioni della Laguna, °2002, 2002, ISBN: 88-8345-102-3>","J. BESSENYEI: Verancsics emlékkonyv [Memorie di Verancsics]. Antal Verancsics era nato a Sebenico in Dalmazia il 29 maggio 1504 da una famiglia d’origine bosniaca (Wranychyth era il suo nome originario, poi italianizzato in Veranchyth, da cui l’ungherese Verancsics), assurta a nobiltà durante il regno di Luigi I il Grande. Fu educato a Traù dallo zio materno Giovanni Statilio; quindi si trasferì a studiare a Padova imitando l’esempio di molti altri umanisti magiari coevi. Fece una brillante carriera ecclesiastica e politica: canonico di Scardona a meno di vent’anni, nel 1530 divenne vescovo di Transilvania, preposto di Buda e segretario del re Giovanni, alla cui corte era entrato grazie alla sua parentela con Giovanni Statilio. Compì importanti missioni diplomatiche in Italia, in Polonia, in Francia e forse anche in Inghilterra. Rimase fedelmente al servizio di Giovanni Zàpolya e poi a quello della di lui consorte Isabella fino al 1549, anno in cui, a causa dei suoi difficili rapporti con l’allora consigliere di Transilvania György Martinuzzi Utyeszenics, passò dalla parte di Ferdinando d’Asburgo. Fu prezioso consigliere di Ferdinando negli affari di politica estera e addirittura luogotenente del figlio Massimiliano in Ungheria dal 1572 fino alla morte. Nel 1553 divenne vescovo di Pécs; nel 1557 vescovo di Eger; nel 1569 arcivescovo di Esztergom e primate d’Ungheria. La sua intensa attività diplomatica (compì anche due missioni presso la Porta) ostacolò la sua ben più importante attività di storico. Morì a Eperjes, nell’attuale Slovacchia, il 15 giugno del 1573. Antal Verancsics ci ha lasciato una cospicua raccolta di manoscritti di autori anonimi coevi e di codici, alcuni dei quali da lui scoperti perfino in Turchia. Fu anche in corrispondenza epistolare con Paolo Giovio,",0,1
25468,58e4ce00fe7683152b560601,595f9f0afe7683316b2dd8fe,"<Article: ""Corredo di bibliografia petrarchesca: edizioni, opere e fonti specialmente considerate e citate in abbreviazione"" in ""Ateneo veneto"", 21(1) 1983, internal_id=RAV0164473:1983_21_1:8>","F.X. KRAUS, F. Petrarca e la sua corrispondenza epistolare, trad. D. VALBUSA; in Firenze, 1901",59e333098831617f5eeb469b,59622abdfe768321522126d7,"<Book: Cultura religione e politica nell'età di Angelo Maria Querini : atti del Convegno di studi promosso dal Comune di Brescia in collaborazione con la Fondazione Giorgio Cini di Venezia,  Morcelliana, , 1982>","Carlo Marcora Il cardinal Querini e la Biblioteca Ambrosiana Le relazioni dell’Ambrosiana con il cardinal Querini sono documentate da novantacinque lettere autografe del cardinale che si conservano nella corrispondenza del Prefetto Giuseppe Antonio Sassi (segnatura Z 213 sup) e di Baldassare Oltrocchi (segnatura X340 inf), e precisamente quarantasei lettere al primo, quarantanove per il secondo. Non si tratta di lettere d’ufficio, perché se il Querini fu Cardinale Bibliotecario di S. Romana Chiesa, tuttavia l’Ambrosiana, quando ebbe qualche questione trattò direttamente con la S. Sede e mai per tramite del cardinal Bibliotecario. Giuseppe Antonio Sassi, il primo dei due corrispondenti ambrosiani, arrivò all’Istituto Federiciano nel 1703 come dottore e nel 1711 ne divenne prefetto e vi rimase imperterrito per quarant’anni, poiché morì il 21 aprile 1751 ’. Era un momento felice per l’Ambrosiana, vi era passato appena Ludovico Muratori: l’illustre giovanissimo studioso vi era rimasto appena cinque anni, ma abbastanza per stringere con questo centro di studi un rapporto vivo, cordiale, fattivo. Infatti il Sassi, suo successore nel dottorato, sarà un validissimo collaboratore nella pubblicazione dei Rerum Italicarum Scriptores2. La corrispondenza epistolare del Sassi contiene 129 lettere del Muratori. È il Sassi un erudito validissimo, che oltre a dare collaborazione al Muratori e a Filippo Argelati, il compilatore della Bibliotheca Scriptorum Mediolanensium 3 ha pure un lungo elenco di pubblicazioni proprie, che toccano in modo precipuo la storia della Diocesi di Milano e S. Carlo. Il complesso della corrispondenza del Sassi con il cardinal Querini, almeno per le lettere conservate all’Ambrosiana, non è completo: inizia infatti con il gennaio 1743 ma il porporato parla che già da due mesi egli ha spedito tre sue lettere latine, naturalmente stampate e però sappiamo che ogni volta che il Querini inviava le sue opere all’Ambrosiana, vi inviava anche un suo autografo; dunque la corrispondenza è iniziata prima del 27 gennaio 17434.",0,1
