,seed_ref_id,seed_doc_id,seed_doc,seed_surface,ref_id,doc_id,doc,surface,True,Hash
623,58e4ce00fe7683152b55e8d0,595f9f99fe7683316b2ddbf1,"<Article: ""La Polonia di Giacomo Casanova"" in ""Ateneo veneto"", 37(None) 1999, internal_id=RAV0164473:1999_37:2>","G. CASANOVA, Istoria delle turbolenze della Polonia , Marsilio, Padova 1974, p. 55.",58e4ce00fe7683152b55e8d0,595f9f99fe7683316b2ddbf1,"<Article: ""La Polonia di Giacomo Casanova"" in ""Ateneo veneto"", 37(None) 1999, internal_id=RAV0164473:1999_37:2>","G. CASANOVA, Istoria delle turbolenze della Polonia , Marsilio, Padova 1974, p. 55.",0,1
17909,58e4ce00fe7683152b55e8d0,595f9f99fe7683316b2ddbf1,"<Article: ""La Polonia di Giacomo Casanova"" in ""Ateneo veneto"", 37(None) 1999, internal_id=RAV0164473:1999_37:2>","G. CASANOVA, Istoria delle turbolenze della Polonia , Marsilio, Padova 1974, p. 55.",58e4ce00fe7683152b5687ed,595f9f4cfe7683316b2dda54,"<Article: ""Una lettura del Bellotto varsaviense: la Via Miodowa"" in ""Ateneo veneto"", 27(None) 1989, internal_id=RAV0164473:1989_27:12>","Casanova, Istoria delle turbolenze della Polonia (a cura di G. Bozzolaio), Padova 1974,",0,1
16656,58e4ce00fe7683152b55e8d0,595f9f99fe7683316b2ddbf1,"<Article: ""La Polonia di Giacomo Casanova"" in ""Ateneo veneto"", 37(None) 1999, internal_id=RAV0164473:1999_37:2>","G. CASANOVA, Istoria delle turbolenze della Polonia , Marsilio, Padova 1974, p. 55.",5919e9663dde944752f669be,595f9d31fe7683316b2dc63a,"<Book: L' editoria illustrata veneziana del Settecento : gli autori friulani,  Del Bianco,, 1984>","tomi Della Istoria ecclesiastica dellOrsi (1769-1771), con una decorosa antiporta incisa da Filippo Rizzi. Egli si trasferì quindi a Gorizia (18), alla ricerca di um mercato più redditizio. Qui operava sin dal 1754, in virtuale regime di monopolio, il tipografo veneziano Giuseppe Tommasini, a cui successe il figlio Giacomo, che pubblicò un buon numero di volumi, ma con rare indulgenze verso l’illustrazione; è utile ricordare, più per l’interesse del testo che per la qualità del corredo iconografico, VEsame ad un giovane ebreo instruito nella sua religione (1783) di Simone Calimani, rabbino di Venezia. Un più benevolo giudizio estetico si può dare invece sull’antiporta, incisa da Giuseppe Lante, del libro Ragguaglio istorico della vita di S. Eurosia Vergine, di Rodolfo Coronini (Tommasini, 1771). L’arrivo di de’ Valerj avviò tra le due officine una vivace tenzone risoltasi, in quanto ad importanza di imprese tipografiche, decisamente a favore del cividalese che, oltre ad avere dato vita alla Gazzetta Goriziana, primo giornale della Regione, si fece editore nel 1774 del libro più famoso, raro e ricercato che sia stato stampato a Gorizia: li Istoria delle turbolenze della Polonia, opera anonima di Giacomo Casanova. Si tratta di tre volumi in ottavo, in cui il primo ha una bella antiporta passata in rame da Antonio Baratti su disegni del goriziano Giuseppe Leo nardis che tradusse un'idea dello stesso Casanova, e un elegante frontespizio con fregi tutto inciso (19). Tra i parti della tipografia friulana questo è certamente il più degno, per qualità e gusto grafico, di accostarsi all’editoria illustrata veneta. Da quanto esposto è facile concludere che Ì tipografi del Friuli non furono in grado di far fronte ad una domanda di belle pubblicazioni con immagini e che la vicinanza dell’evoluto mondo editoriale veneziano non esercitò particolari influssi positivi. La mancanza di una autonoma scuola incisoria friulana, capace di offrire agli stampatori un adeguato supporto per l’impresa tipografica illustrata, fu di certo uno dei motivi che impedirono ai prudenti editori locali di percorrere la strada del libro figurato. Gli autori e i committenti più esigenti quindi si rivolsero a Roma, a Padova, a Vienna e principalmente a Venezia.",0,1
59176,58e4ce00fe7683152b55e8d0,595f9f99fe7683316b2ddbf1,"<Article: ""La Polonia di Giacomo Casanova"" in ""Ateneo veneto"", 37(None) 1999, internal_id=RAV0164473:1999_37:2>","G. CASANOVA, Istoria delle turbolenze della Polonia , Marsilio, Padova 1974, p. 55.",59de7a1f48e232540c5c23f7,5985dbcbc12c60d331cec83c,"<Book: Istoria delle turbolenze della Polonia,  Marsilio,, 1974>","PRESENTAZIONE ί casanovisti italiani del secolo scorso e dei primi decenni del ’900. furono prevalentemente dei Senatori, come il D'Ancona, il Croce, il Mol-menti e il Federzoni, che si dovettero interessare del Casanova per dovere d’ufficio, essendo dei critici letterari o degli storici, ma che non mancarono mai di protestarsi disgustati del personaggio e di confinarlo fra i mostri  del Settecento. Altri casanovisti, come il Ravà, il Fulin, il Damerini o il Curiel, furono dei buoni ricercatori, degli ottimi annotatori e anche degli storiografi, attenti nel raccogliere materiali, ma in fondo dei dilettanti, inadatti a valutare l’importanza del Casanova come relatore degli avvenimenti del· suo tempo e come storico vero e proprio, sia in alcune parti delle sue memorie, come in altri scritti e principalmente nell ’Istoria delle turbolenze di Polonia.",0,1
59177,58e4ce00fe7683152b55e8d0,595f9f99fe7683316b2ddbf1,"<Article: ""La Polonia di Giacomo Casanova"" in ""Ateneo veneto"", 37(None) 1999, internal_id=RAV0164473:1999_37:2>","G. CASANOVA, Istoria delle turbolenze della Polonia , Marsilio, Padova 1974, p. 55.",59de7a1f48e232540c5c23f9,5985dbcbc12c60d331cec83c,"<Book: Istoria delle turbolenze della Polonia,  Marsilio,, 1974>","Giampiero Bozzolato, autore di parecchie pubblicazioni sulla storia dell’Europa orientale, e già incaricato dell’insegnamento della storia presso diverse università italiane e straniere e studioso di storia della storiografia, il quale pubblica ora un importante inedito di Giacomo Casanova·, il quarto tomo della Istoria delle turbolenze di Polonia. Migliore esaminatore e valorizzatore non poteva trovare Giacomo Casanova, che era convinto, a ragione, non solo di essere storico dell’età sua, ma di avere intravisto una nuova maniera d’interpretare la storia. Giampiero Bozzolato, pubblicando qui, insieme ai tre tomi conosciuti dell ’Istoria delle turbolenze di Polonia, il quarto tomo da lui ritrovato nel  1967., studia a fondo l’attività del Casanova storico, riuscendo a dare dio spregiato memorialista un nuovo titolo di gloria e contribuendo a quel riscatto della sua figura di studioso e di indagatore del vero, che da tempo si sforzano di conseguire i migliori casanovìsti contemporanei, a cominciare dd più illustre e venerando: J. Rives Childs, al quale va il merito di tante preziose ricerche e ritrovamenti. m Fu infatti J. Rives Childs, che parecchi anni or sono, facendo fotocopiare le carte giacenti nell’archivio casanoviano di Mnichovo Radiste in Cecoslovacchia, entrò in possesso, senza accorgersene, del quarto tomo inedito dell ’Istoria delle turbolenze. Ma' fu Giampiero Bozzolato che ebbe la fortuna di discernerlo in una congerie di microfilms che lo studioso americano conservava nella sua casa di Nizza, dove",0,1
59247,58e4ce00fe7683152b55e8d0,595f9f99fe7683316b2ddbf1,"<Article: ""La Polonia di Giacomo Casanova"" in ""Ateneo veneto"", 37(None) 1999, internal_id=RAV0164473:1999_37:2>","G. CASANOVA, Istoria delle turbolenze della Polonia , Marsilio, Padova 1974, p. 55.",59de7a1f48e232540c5c248b,5985dbcbc12c60d331cec83c,"<Book: Istoria delle turbolenze della Polonia,  Marsilio,, 1974>","Casanova, Istoria delle turbolenze..., I, p. 119.",0,1
59248,58e4ce00fe7683152b55e8d0,595f9f99fe7683316b2ddbf1,"<Article: ""La Polonia di Giacomo Casanova"" in ""Ateneo veneto"", 37(None) 1999, internal_id=RAV0164473:1999_37:2>","G. CASANOVA, Istoria delle turbolenze della Polonia , Marsilio, Padova 1974, p. 55.",59de7a1f48e232540c5c248d,5985dbcbc12c60d331cec83c,"<Book: Istoria delle turbolenze della Polonia,  Marsilio,, 1974>","G. Casanova, Istoria delle turbolenze, I, p . 104.",0,1
59249,58e4ce00fe7683152b55e8d0,595f9f99fe7683316b2ddbf1,"<Article: ""La Polonia di Giacomo Casanova"" in ""Ateneo veneto"", 37(None) 1999, internal_id=RAV0164473:1999_37:2>","G. CASANOVA, Istoria delle turbolenze della Polonia , Marsilio, Padova 1974, p. 55.",59de7a1f48e232540c5c248f,5985dbcbc12c60d331cec83c,"<Book: Istoria delle turbolenze della Polonia,  Marsilio,, 1974>","G. Casanova, Istoria delle turbolenze..., I, pp. 109-110.",0,1
59261,58e4ce00fe7683152b55e8d0,595f9f99fe7683316b2ddbf1,"<Article: ""La Polonia di Giacomo Casanova"" in ""Ateneo veneto"", 37(None) 1999, internal_id=RAV0164473:1999_37:2>","G. CASANOVA, Istoria delle turbolenze della Polonia , Marsilio, Padova 1974, p. 55.",59de7a1f48e232540c5c24ac,5985dbcbc12c60d331cec83c,"<Book: Istoria delle turbolenze della Polonia,  Marsilio,, 1974>","G. Casanova, Istoria delle Turbolenze, III, p. 285;",0,1
59262,58e4ce00fe7683152b55e8d0,595f9f99fe7683316b2ddbf1,"<Article: ""La Polonia di Giacomo Casanova"" in ""Ateneo veneto"", 37(None) 1999, internal_id=RAV0164473:1999_37:2>","G. CASANOVA, Istoria delle turbolenze della Polonia , Marsilio, Padova 1974, p. 55.",59de7a1f48e232540c5c24ae,5985dbcbc12c60d331cec83c,"<Book: Istoria delle turbolenze della Polonia,  Marsilio,, 1974>","Casanova, Istoria delle Turbolenze..., I, p. 99.",0,1
59263,58e4ce00fe7683152b55e8d0,595f9f99fe7683316b2ddbf1,"<Article: ""La Polonia di Giacomo Casanova"" in ""Ateneo veneto"", 37(None) 1999, internal_id=RAV0164473:1999_37:2>","G. CASANOVA, Istoria delle turbolenze della Polonia , Marsilio, Padova 1974, p. 55.",59de7a1f48e232540c5c24b0,5985dbcbc12c60d331cec83c,"<Book: Istoria delle turbolenze della Polonia,  Marsilio,, 1974>","Casanova, Istoria delle Turbolenze, II, p. 195.",0,1
59264,58e4ce00fe7683152b55e8d0,595f9f99fe7683316b2ddbf1,"<Article: ""La Polonia di Giacomo Casanova"" in ""Ateneo veneto"", 37(None) 1999, internal_id=RAV0164473:1999_37:2>","G. CASANOVA, Istoria delle turbolenze della Polonia , Marsilio, Padova 1974, p. 55.",59de7a1f48e232540c5c24b2,5985dbcbc12c60d331cec83c,"<Book: Istoria delle turbolenze della Polonia,  Marsilio,, 1974>","Casanova, Istoria delle Turbolenze, II, p. 288.",0,1
59265,58e4ce00fe7683152b55e8d0,595f9f99fe7683316b2ddbf1,"<Article: ""La Polonia di Giacomo Casanova"" in ""Ateneo veneto"", 37(None) 1999, internal_id=RAV0164473:1999_37:2>","G. CASANOVA, Istoria delle turbolenze della Polonia , Marsilio, Padova 1974, p. 55.",59de7a1f48e232540c5c24b3,5985dbcbc12c60d331cec83c,"<Book: Istoria delle turbolenze della Polonia,  Marsilio,, 1974>","Casanova, Istoria delle turbolenze, I, pp. 5-9).",0,1
59266,58e4ce00fe7683152b55e8d0,595f9f99fe7683316b2ddbf1,"<Article: ""La Polonia di Giacomo Casanova"" in ""Ateneo veneto"", 37(None) 1999, internal_id=RAV0164473:1999_37:2>","G. CASANOVA, Istoria delle turbolenze della Polonia , Marsilio, Padova 1974, p. 55.",59de7a1f48e232540c5c24b4,5985dbcbc12c60d331cec83c,"<Book: Istoria delle turbolenze della Polonia,  Marsilio,, 1974>","Casanova, Istoria delle Turbolenze, I, p. 23.",0,1
59267,58e4ce00fe7683152b55e8d0,595f9f99fe7683316b2ddbf1,"<Article: ""La Polonia di Giacomo Casanova"" in ""Ateneo veneto"", 37(None) 1999, internal_id=RAV0164473:1999_37:2>","G. CASANOVA, Istoria delle turbolenze della Polonia , Marsilio, Padova 1974, p. 55.",59de7a1f48e232540c5c24be,5985dbcbc12c60d331cec83c,"<Book: Istoria delle turbolenze della Polonia,  Marsilio,, 1974>","G. Casanova, Istoria delle Turbolenze, I, p. 99).",0,1
59269,58e4ce00fe7683152b55e8d0,595f9f99fe7683316b2ddbf1,"<Article: ""La Polonia di Giacomo Casanova"" in ""Ateneo veneto"", 37(None) 1999, internal_id=RAV0164473:1999_37:2>","G. CASANOVA, Istoria delle turbolenze della Polonia , Marsilio, Padova 1974, p. 55.",59de7a1f48e232540c5c24c3,5985dbcbc12c60d331cec83c,"<Book: Istoria delle turbolenze della Polonia,  Marsilio,, 1974>","Casanova, Istoria delle Turbolenze, IV, ρ. 86.",0,1
59270,58e4ce00fe7683152b55e8d0,595f9f99fe7683316b2ddbf1,"<Article: ""La Polonia di Giacomo Casanova"" in ""Ateneo veneto"", 37(None) 1999, internal_id=RAV0164473:1999_37:2>","G. CASANOVA, Istoria delle turbolenze della Polonia , Marsilio, Padova 1974, p. 55.",59de7a1f48e232540c5c24c4,5985dbcbc12c60d331cec83c,"<Book: Istoria delle turbolenze della Polonia,  Marsilio,, 1974>","Casanova, Istoria delle Turbolenze, I, ρ. 29. (M)",0,1
59662,58e4ce00fe7683152b55e8d0,595f9f99fe7683316b2ddbf1,"<Article: ""La Polonia di Giacomo Casanova"" in ""Ateneo veneto"", 37(None) 1999, internal_id=RAV0164473:1999_37:2>","G. CASANOVA, Istoria delle turbolenze della Polonia , Marsilio, Padova 1974, p. 55.",59de7a1f48e232540c5c2c53,5985dbcbc12c60d331cec83c,"<Book: Istoria delle turbolenze della Polonia,  Marsilio,, 1974>",INDICE Presentazione ..... pag.XI G. Bozzolato - Casanova : uno storico alla ventura 1)Gli avventurieri del XVIII secolo e la diaspora degli intellettuali e dei tecnici italiani.......pag.3 2)La sfortuna di Giacomo Casanova......»9 3)Casanova storico..........»22 4)La bibliografia storica di Giacomo Casanova ...    »    47 5)La Istoria delle Turbolenze.......»57 Indice analitico dell’introduzione.......»77 Istoria delle Turbolenze della Polonia Tomo I - Parte I Discorso preliminare..........pag.7 Introduzione..... »37 Origine de’ cosacchi..........»73 Compendio della storia dello scisma della Chiesa orientale .»    83 Capitolo primo. Anno 1764 ........»96 Tomo I - Parte II Lettera dell’autore ad un suo amico..... pag.3 Segue l’anno 1764 »    4 Capitolo secondo.,0,1
97597,58e4ce00fe7683152b55e8d0,595f9f99fe7683316b2ddbf1,"<Article: ""La Polonia di Giacomo Casanova"" in ""Ateneo veneto"", 37(None) 1999, internal_id=RAV0164473:1999_37:2>","G. CASANOVA, Istoria delle turbolenze della Polonia , Marsilio, Padova 1974, p. 55.",59de7a2048e232540c5e12d7,59dc74a5fe768340301be92c,"<Book: Giacomo Casanova tra Venezia e L'Europa,  L. S. Olschki,, 2001, ISBN: 88-222-5011-7>","a G. Casanova, Memorie scritte da lui medesimo, Milano, Garzanti, 19762, pp. xn-xni.",0,1
48226,58e4ce00fe7683152b55e8d0,595f9f99fe7683316b2ddbf1,"<Article: ""La Polonia di Giacomo Casanova"" in ""Ateneo veneto"", 37(None) 1999, internal_id=RAV0164473:1999_37:2>","G. CASANOVA, Istoria delle turbolenze della Polonia , Marsilio, Padova 1974, p. 55.",59df53cf9be3c75c2e676975,59dc756bfe76834059d4459b,"<Book: Il mondo di Giacomo Casanova: un veneziano in Europa, 1725-1798,  Marsilio,, 1998, ISBN: 88-317-7028-4>","MANCATO RITORNO (1774-82) A Venezia passa in rassegna le amicizie e per qualche tempo è al centro dell’interesse di una società curiosa di conoscere i particolari delle sue avventure. Gli amici gli offrono ospitalità, ma non possono mantenerlo e pertanto Casanova è alla ricerca di un impiego stabile. Il suo tentativo di diventare l’agente del langravio d’Assia a Venezia fallisce (novembre 1774). Litiga con l’editore dell ’Istoria delle turbolenze della Polonia, il cui seguito rimarrà inedito fino al 1974 (edizioni Bozzolato e Spagnoletti). Tuttavia continua a scrivere e pubblica la traduzione italiana deWIliade (1775-78). Per rimpinguare la borsa diventa confidente degli Inquisitori di Stato - tragico sviluppo per chi prima era stato vittima di questa magistratura. Alla fine del 1776 viene",0,1
48390,58e4ce00fe7683152b55e8d0,595f9f99fe7683316b2ddbf1,"<Article: ""La Polonia di Giacomo Casanova"" in ""Ateneo veneto"", 37(None) 1999, internal_id=RAV0164473:1999_37:2>","G. CASANOVA, Istoria delle turbolenze della Polonia , Marsilio, Padova 1974, p. 55.",59df53cf9be3c75c2e676bb4,59dc756bfe76834059d4459b,"<Book: Il mondo di Giacomo Casanova: un veneziano in Europa, 1725-1798,  Marsilio,, 1998, ISBN: 88-317-7028-4>","Giacomo Casanova, Istoria delle turbolenze della Polonia dalla morte di Elisabetta Petrowna fino alla pace fra la Russia e la Porta ottomana..., Gorizia 1774-1775,",0,1
48525,58e4ce00fe7683152b55e8d0,595f9f99fe7683316b2ddbf1,"<Article: ""La Polonia di Giacomo Casanova"" in ""Ateneo veneto"", 37(None) 1999, internal_id=RAV0164473:1999_37:2>","G. CASANOVA, Istoria delle turbolenze della Polonia , Marsilio, Padova 1974, p. 55.",59df53cf9be3c75c2e676eab,59dc756bfe76834059d4459b,"<Book: Il mondo di Giacomo Casanova: un veneziano in Europa, 1725-1798,  Marsilio,, 1998, ISBN: 88-317-7028-4>","A.F. EDIZIONI CASANOVL/VNE 300-301. Giacomo Casanova Confutazione della Storia del Governo Veneto d’Amelot de la Houssaie, Divisa in tre parti  Amsterdam, presso Pietro Mortier, 1769 (parte 1 e 11) Supplimento all’opera intitolata Confutazione della Storia [...]  Amsterdam, presso Pietro Mortier, 1769 (voll, i e m) mm 210x136x25 Venezia, Biblioteca Nazionale Marciana, 12.D.82, 12.D.84. A.B. 302. Giacomo Casanova Istoria delle turbolenze della Polonia dalla morte di Elisabetta Petrowna fino alla pace fra la Russia e la Porta ottomana in cui si trovano tutti gli avvenimenti cagioni della rivoluzione di quel regno  Gorizia, per Valerio de’ Valeri 1774- 1775, 8°, voli. 3 (t. 1 e 11, 1774; t. m, 1775;",0,1
48551,58e4ce00fe7683152b55e8d0,595f9f99fe7683316b2ddbf1,"<Article: ""La Polonia di Giacomo Casanova"" in ""Ateneo veneto"", 37(None) 1999, internal_id=RAV0164473:1999_37:2>","G. CASANOVA, Istoria delle turbolenze della Polonia , Marsilio, Padova 1974, p. 55.",59df53cf9be3c75c2e676f22,59dc756bfe76834059d4459b,"<Book: Il mondo di Giacomo Casanova: un veneziano in Europa, 1725-1798,  Marsilio,, 1998, ISBN: 88-317-7028-4>","1774 Casanova Giacomo, Istoria delle turbolenze della Polonia dalla morte di Elisa-betta Petrowna fino alla pace fra la Russia e la Porta ottomana..., 3 voli., Gorizia.",0,1
48955,58e4ce00fe7683152b55e8d0,595f9f99fe7683316b2ddbf1,"<Article: ""La Polonia di Giacomo Casanova"" in ""Ateneo veneto"", 37(None) 1999, internal_id=RAV0164473:1999_37:2>","G. CASANOVA, Istoria delle turbolenze della Polonia , Marsilio, Padova 1974, p. 55.",59df53cf9be3c75c2e677122,59dc756bfe76834059d4459b,"<Book: Il mondo di Giacomo Casanova: un veneziano in Europa, 1725-1798,  Marsilio,, 1998, ISBN: 88-317-7028-4>","Giacomo Casanova, Istoria delle turbolenze della Polonia dalla morte di Elisabetta Petrowna fino alla pace fra la Russia e la Porta ottomana [...],  Gorizia 1774-1775 Venezia, Fondazione Scientifica Querini Stampalia cat. 303, p. 208",0,1
62133,58e4ce00fe7683152b55e8d0,595f9f99fe7683316b2ddbf1,"<Article: ""La Polonia di Giacomo Casanova"" in ""Ateneo veneto"", 37(None) 1999, internal_id=RAV0164473:1999_37:2>","G. CASANOVA, Istoria delle turbolenze della Polonia , Marsilio, Padova 1974, p. 55.",59df53cf9be3c75c2e680ff8,5960e853fe76836c9b0e842c,"<Book: 2: L'Ottocento. 1797-1918,  Istituto della Enciclopedia Italiana,, 2002>","Lucia Bellodi Casanova, La ‘rittà nobilissima ’ nelle guide e descrizioni veneziane dal Cinquecento alTOttocento, in Venezia città del libro, catalogo della mostra, a cura della Fondazione Giorgio Cini, Venezia 1973, pp. 73-75;",0,1
94387,58e4ce00fe7683152b55e8d0,595f9f99fe7683316b2ddbf1,"<Article: ""La Polonia di Giacomo Casanova"" in ""Ateneo veneto"", 37(None) 1999, internal_id=RAV0164473:1999_37:2>","G. CASANOVA, Istoria delle turbolenze della Polonia , Marsilio, Padova 1974, p. 55.",59e0adbcf98262071bfcc97e,59dc7503fe76834059d44199,"<Book: Giardini segreti a Venezia,  Arsenale, \1988, 1988, ISBN: 88-7743-043-5>","G. Casanova Istoria delle turbolenze  tomo II, p. 61",0,1
94443,58e4ce00fe7683152b55e8d0,595f9f99fe7683316b2ddbf1,"<Article: ""La Polonia di Giacomo Casanova"" in ""Ateneo veneto"", 37(None) 1999, internal_id=RAV0164473:1999_37:2>","G. CASANOVA, Istoria delle turbolenze della Polonia , Marsilio, Padova 1974, p. 55.",59e0adbcf98262071bfcc9dd,59dc7503fe76834059d44199,"<Book: Giardini segreti a Venezia,  Arsenale, \1988, 1988, ISBN: 88-7743-043-5>","Capello, Giovanni Battista, Lessico farmaceutico-chunico coti-tenente li rimedi più usati d’oggidì, Venezia, Dalle stampe di Antonio Graziosi, 1775'°. Carlevarijs, Luca, Le Fabriche et Vedute di Venetia disegnate, poste in prospettiva et intagliate, Venezia, G.B. Finazzi, 1703.· Casanova, Giacomo, Istorie delle turbolenze della Polonia, in Elena Bassi, Ipalazzi di Venezia: Admiranda urbis Venetae, Venezia, Stamperia di Venezia, 1976.",0,1
53014,58e4ce00fe7683152b55e8d0,595f9f99fe7683316b2ddbf1,"<Article: ""La Polonia di Giacomo Casanova"" in ""Ateneo veneto"", 37(None) 1999, internal_id=RAV0164473:1999_37:2>","G. CASANOVA, Istoria delle turbolenze della Polonia , Marsilio, Padova 1974, p. 55.",59e23a53883161621340386a,595ffc4afe768355c2f6c040,"<Book: Venezia nel Settecento : stato, architettura, territorio,  G. Einaudi,, 1980>","E. vittoria, G. Casanova e gli Inquisitori di Stato, Venezia 1973,",0,1
62142,58e4ce00fe7683152b55e8d0,595f9f99fe7683316b2ddbf1,"<Article: ""La Polonia di Giacomo Casanova"" in ""Ateneo veneto"", 37(None) 1999, internal_id=RAV0164473:1999_37:2>","G. CASANOVA, Istoria delle turbolenze della Polonia , Marsilio, Padova 1974, p. 55.",59e2c59d88316171ebb56527,59600283fe76835614f6c0f3,"<Book: Il mito americano nella Venezia del '700,  Liviana,, 1986, ISBN: 88-7675-455-5>","CASANOVA,  Discorso preliminare alla Storia delle turbolenze della Polonia cominciate alla morte di Elisabetta Petrowna Imperatrice di tutte le Russie, ""Opuscoli miscellanei” marzo 1780, pp. 5 e 7).",0,1
37693,58e4ce00fe7683152b55e8d0,595f9f99fe7683316b2ddbf1,"<Article: ""La Polonia di Giacomo Casanova"" in ""Ateneo veneto"", 37(None) 1999, internal_id=RAV0164473:1999_37:2>","G. CASANOVA, Istoria delle turbolenze della Polonia , Marsilio, Padova 1974, p. 55.",59e332f68831617f5edde41b,59621ddafe76832067212695,"<Book: Repertorio di storiografia veneziana : testi e studi,  Il poligrafo, \1998, 1998, ISBN: 88-7115-096-1>","Casanova Giacomo, Histoire de ma fuite des prisons de la République de Venise qu ’on appelle les Plombs, Leipzig 1788 = Storia della mia fuga dai Piombi di Venezia (1787), trad. it. di Piero Chiara, Milano 1976",0,1
73876,58e4ce00fe7683152b55e8d0,595f9f99fe7683316b2ddbf1,"<Article: ""La Polonia di Giacomo Casanova"" in ""Ateneo veneto"", 37(None) 1999, internal_id=RAV0164473:1999_37:2>","G. CASANOVA, Istoria delle turbolenze della Polonia , Marsilio, Padova 1974, p. 55.",59e332f78831617f5edf674b,59dc7599fe76834059d44746,"<Book: Il Settecento veneziano : la letteratura,  Corbo e Fiore, [2007, 2007, ISBN: 88-7086-122-8>","Laura Gussoni, Il duello, Aneddoti veneziano militari e amorosi e Né amori né donne, composti tutti nel breve spazio di due anni dal 1780 al 1782. Nel 1780 aveva iniziato la pubblicazione di una rivista intitolata Opuscoli miscellanei in società con l’editore Zanetti, col quale lo aveva messo in contatto Simone Stratico, uno degli intellettuali più potenti dell’epoca, grande “barone” dell’Università di Padova. Lo stampatore era Modesto Fenzo. In questa rivista vedono la luce molte dissertazioni filosofiche, ampi passi della Istoria delle turbolenze della Polonia, e, per quello che ci interessa, due di questi romanzi, Le lettere, diviso in due parti, nei due numeri di gennaio e febbraio 1780 (1779  more veneto) degli Opuscoli, e II duello invece nel numero di giugno 1780 sempre degli Opuscoli. Il romanzo Lettere della nobil donna Silvia Belegno alla nobil donzella Laura Gussoni, traduce molto fedelmente le Lettres de milady Juliette Catesby à milady Henriette Campley son amie,  opera di Madame de Riccoboni, scritta nel 1759 (un’altra traduzione dello stesso romanzo apparirà nel 1778, autore Bortolo Fletta).",0,1
82497,58e4ce00fe7683152b55e8d0,595f9f99fe7683316b2ddbf1,"<Article: ""La Polonia di Giacomo Casanova"" in ""Ateneo veneto"", 37(None) 1999, internal_id=RAV0164473:1999_37:2>","G. CASANOVA, Istoria delle turbolenze della Polonia , Marsilio, Padova 1974, p. 55.",59e332f78831617f5edfcd81,59dc7536fe76834059d44396,"<Book: Il libro illustrato veneziano del Settecento,   Forni,, 2010>","Casanova Giacomo. Istoria delle turbolenze della Polonia dalla morte di Elisabetta Petrowna fino alla pace fra la Russia e la Porta Ottomana in cui si trovano tutti gli awenimenU cagione della rivoluzione di quel regno. Gorizia, V. di Valeri, 1774, tom. I.",0,1
