,seed_ref_id,seed_doc_id,seed_doc,seed_surface,ref_id,doc_id,doc,surface,True,Hash
909,58e4ce00fe7683152b55eb67,595f9fdafe7683316b2ddd47,"<Article: ""Sulla “Cena ai Gamberi” della chiesa di Santo Stefano a Rovato (Brescia)"" in ""Ateneo veneto"", 5(2) 2006, internal_id=RAV0164473:2006_5_2:3>","GABRIELLA FERRI PlCCALUGA, Il confine del Nord , Boario Terme 1989, pp. 305-334",58e4ce00fe7683152b55eb67,595f9fdafe7683316b2ddd47,"<Article: ""Sulla “Cena ai Gamberi” della chiesa di Santo Stefano a Rovato (Brescia)"" in ""Ateneo veneto"", 5(2) 2006, internal_id=RAV0164473:2006_5_2:3>","GABRIELLA FERRI PlCCALUGA, Il confine del Nord , Boario Terme 1989, pp. 305-334",0,1
2881,58e4ce00fe7683152b55eb67,595f9fdafe7683316b2ddd47,"<Article: ""Sulla “Cena ai Gamberi” della chiesa di Santo Stefano a Rovato (Brescia)"" in ""Ateneo veneto"", 5(2) 2006, internal_id=RAV0164473:2006_5_2:3>","GABRIELLA FERRI PlCCALUGA, Il confine del Nord , Boario Terme 1989, pp. 305-334",58e4ce00fe7683152b55fc5c,595f9f63fe7683316b2ddad9,"<Article: ""Antiche attività manifatturiere istriane"" in ""Ateneo veneto"", 30(None) 1992, internal_id=RAV0164473:1992_30:8>","A. De Grassi, Il confine nord-orientale, Berna 1944.",0,1
21975,58e4ce00fe7683152b55eb67,595f9fdafe7683316b2ddd47,"<Article: ""Sulla “Cena ai Gamberi” della chiesa di Santo Stefano a Rovato (Brescia)"" in ""Ateneo veneto"", 5(2) 2006, internal_id=RAV0164473:2006_5_2:3>","GABRIELLA FERRI PlCCALUGA, Il confine del Nord , Boario Terme 1989, pp. 305-334",58e4ce00fe7683152b56aec2,595f9ebcfe7683316b2dd761,"<Article: ""Capris centro religioso criptopolitico della Romanità? "" in ""Ateneo veneto"", 10(None) 1972, internal_id=RAV0164473:1972_10:7>","A. Degrassi, Il confine nord-orientale dell'Italia romana, Berna, 1954, p. 72, n. 118,",0,1
31310,58e4ce00fe7683152b55eb67,595f9fdafe7683316b2ddd47,"<Article: ""Sulla “Cena ai Gamberi” della chiesa di Santo Stefano a Rovato (Brescia)"" in ""Ateneo veneto"", 5(2) 2006, internal_id=RAV0164473:2006_5_2:3>","GABRIELLA FERRI PlCCALUGA, Il confine del Nord , Boario Terme 1989, pp. 305-334",58e4ce00fe7683152b570698,595f9d45fe7683316b2dc7c3,"<Article: ""Il Cadore preromano e le nuove iscrizioni di valle "" in ""Archivio veneto"", 101(None) 1974, internal_id=LO10015953:1974_101:1>","A. Degrassi, Il confine nord-orientale dell’Italia romana. Ricerche storico-topografiche, Berna 1954, p. 43.",0,1
45039,58e4ce00fe7683152b55eb67,595f9fdafe7683316b2ddd47,"<Article: ""Sulla “Cena ai Gamberi” della chiesa di Santo Stefano a Rovato (Brescia)"" in ""Ateneo veneto"", 5(2) 2006, internal_id=RAV0164473:2006_5_2:3>","GABRIELLA FERRI PlCCALUGA, Il confine del Nord , Boario Terme 1989, pp. 305-334",58e4ce00fe7683152b578f07,595f9d48fe7683316b2dc830,"<Article: ""La Transpadana nel I sec. a. C. e la""Lex Papia”"" in ""Archivio veneto"", 110(None) 1978, internal_id=LO10015953:1978_110:1>","A. Degrassi, Il confine nord-orientale dell’Italia romana. Ricerche storico-topografiche, Bernae 1954, pp. 46-53.",0,1
59584,58e4ce00fe7683152b55eb67,595f9fdafe7683316b2ddd47,"<Article: ""Sulla “Cena ai Gamberi” della chiesa di Santo Stefano a Rovato (Brescia)"" in ""Ateneo veneto"", 5(2) 2006, internal_id=RAV0164473:2006_5_2:3>","GABRIELLA FERRI PlCCALUGA, Il confine del Nord , Boario Terme 1989, pp. 305-334",58e4ce01fe7683152b582989,595f9d77fe7683316b2dd0a5,"<Article: ""Le difese della romana Aquileia e la loro cronologia"" in ""Archivio veneto"", 81(None) 1967, internal_id=LO10015953:1967_81:2>","A. Degrassi, Il confine nord-orientale dell'Italia romana, 1954, p. Il",0,1
71245,58e4ce00fe7683152b55eb67,595f9fdafe7683316b2ddd47,"<Article: ""Sulla “Cena ai Gamberi” della chiesa di Santo Stefano a Rovato (Brescia)"" in ""Ateneo veneto"", 5(2) 2006, internal_id=RAV0164473:2006_5_2:3>","GABRIELLA FERRI PlCCALUGA, Il confine del Nord , Boario Terme 1989, pp. 305-334",591463b2fb15c81221cf22ec,0,,"MONUMENTO A DANIELE MANIN Così ""il viandante ricorderebbe il luogo di quella gloria nazionale"" afferma chiaramente che il denaro, nelle intenzioni dei sottoscrittori, doveva soprattutto rappresentare ""un qualche segno, da cui gli Italia- ni redenti traessero nuovo argomento a ricordarsi dei miseri fratelli ancor soggetti allo straniero""19. Le implicazioni politiche legate a que- sto concorso pecuniario sono evidenti. Per la maggioranza degli obla- tori, infatti, è verosimile che la cosa più importante non fosse onorare la memoria di Daniele Manin ma far sapere all'Italia, attraverso la loro sottoscrizione, che Trieste era una città italiana, che come tale si rico- nosceva nelle glorie nazionali ed era pronta a celebrarne la memoria; tutto questo anche se si trovava ancora sotto il dominio austro-ungari- co. Il concorrere all'erezione di questo monumento (lo stesso discorso si ripeterà poi per l'erezione in Venezia dei monumenti a Ni- colò Tommaseo e a Carlo Gol- doni) diventava quindi un mo- do per ricordare al paese che il Risorgimento non era ancora concluso perché sul confine nord-orientale c'era ancora una parte dell'Italia che si trovava sotto il giogo straniero e aspet- tava di essere redenta. Malgrado il massimo impegno profuso dal Comitato per pro- muovere quanto più possibile la sottoscrizione, nel maggio del '67 la somma delle offerte è di modeste proporzioni20 al punto che la ""Gaz- zetta di Venezia"", di fronte all'esiguità della somma disponibile, trova accettabile l'idea di un suo lettore che propone per il monumento Ma- nin di fare una cosa modesta ma di farla subito, rimandando a tempi migliori l'esecuzione di un'opera grandiosa. Nella fattispecie questo lettore, di cui non conosciamo il nome perché si firma semplicemente ""Un associato"", propone di innalzare una statua al centro del campo di S.Paternian, da intitolarsi a Manin, e di ornare la casa da lui abitata con una lapide commemorativa sotto il ballatoio, da",0,1
25148,58e4ce00fe7683152b55eb67,595f9fdafe7683316b2ddd47,"<Article: ""Sulla “Cena ai Gamberi” della chiesa di Santo Stefano a Rovato (Brescia)"" in ""Ateneo veneto"", 5(2) 2006, internal_id=RAV0164473:2006_5_2:3>","GABRIELLA FERRI PlCCALUGA, Il confine del Nord , Boario Terme 1989, pp. 305-334",5919e9673dde944752f6d6b7,595f9d2efe7683316b2dc615,"<Book: Pier Paolo Vergerio e la riforma a Venezia, 1498-1549,  Il veltro,, 1988, ISBN: 88-85015-30-1>","P. Paschini, Riforma e Controriforma al confine nord-orientale d’Italia, «L’Arcadia», 2 (1918), 329n. (Farnese a Della Casa, Roma, 24 aprile 1546).",0,1
28695,58e4ce00fe7683152b55eb67,595f9fdafe7683316b2ddd47,"<Article: ""Sulla “Cena ai Gamberi” della chiesa di Santo Stefano a Rovato (Brescia)"" in ""Ateneo veneto"", 5(2) 2006, internal_id=RAV0164473:2006_5_2:3>","GABRIELLA FERRI PlCCALUGA, Il confine del Nord , Boario Terme 1989, pp. 305-334",5919e9673dde944752f6fb7d,595f9d36fe7683316b2dc670,"<Book: Da Aquileia a Venezia : una mediazione tra l'Europa e l'Oriente dal 2. secolo a.C. al 6. secolo d.C.,  Libri Scheiwiller,, 1980>","A. Degrassi, Il confine nord orientale dell’Italia romana, Bernae 1954.",0,1
28701,58e4ce00fe7683152b55eb67,595f9fdafe7683316b2ddd47,"<Article: ""Sulla “Cena ai Gamberi” della chiesa di Santo Stefano a Rovato (Brescia)"" in ""Ateneo veneto"", 5(2) 2006, internal_id=RAV0164473:2006_5_2:3>","GABRIELLA FERRI PlCCALUGA, Il confine del Nord , Boario Terme 1989, pp. 305-334",5919e9673dde944752f6fb90,595f9d36fe7683316b2dc670,"<Book: Da Aquileia a Venezia : una mediazione tra l'Europa e l'Oriente dal 2. secolo a.C. al 6. secolo d.C.,  Libri Scheiwiller,, 1980>","Degrassi, Il confine nord-orientale dell’Italia romana, Bernae 1954, p. 113 ss. 32.Dessau, 32, 28:",0,1
74553,58e4ce00fe7683152b55eb67,595f9fdafe7683316b2ddd47,"<Article: ""Sulla “Cena ai Gamberi” della chiesa di Santo Stefano a Rovato (Brescia)"" in ""Ateneo veneto"", 5(2) 2006, internal_id=RAV0164473:2006_5_2:3>","GABRIELLA FERRI PlCCALUGA, Il confine del Nord , Boario Terme 1989, pp. 305-334",59de7a2048e232540c5cda68,59dc754efe76834059d44477,"<Book: Venezia origini : fondamenti, ipotesi, metodi,  Electa, , 1983>","Degrassi A., Il confine nord-orientale dell’Italia romana. Ricerche storico-topografiche, Bern 1954.",0,1
84072,58e4ce00fe7683152b55eb67,595f9fdafe7683316b2ddd47,"<Article: ""Sulla “Cena ai Gamberi” della chiesa di Santo Stefano a Rovato (Brescia)"" in ""Ateneo veneto"", 5(2) 2006, internal_id=RAV0164473:2006_5_2:3>","GABRIELLA FERRI PlCCALUGA, Il confine del Nord , Boario Terme 1989, pp. 305-334",59de7a2048e232540c5d569b,5960e85efe76836ca20e83f9,"<Book: Convents and the body politic in late Renaissance Venice,  The University of Chicago press,, 1999, ISBN: 0226769356>","Gabriella Zarri, Le sante vive: Profezie di corte e devozione femminile tra ’400 e ’500 (Turin, 1990);",0,1
84367,58e4ce00fe7683152b55eb67,595f9fdafe7683316b2ddd47,"<Article: ""Sulla “Cena ai Gamberi” della chiesa di Santo Stefano a Rovato (Brescia)"" in ""Ateneo veneto"", 5(2) 2006, internal_id=RAV0164473:2006_5_2:3>","GABRIELLA FERRI PlCCALUGA, Il confine del Nord , Boario Terme 1989, pp. 305-334",59de7a2048e232540c5d5a74,5960e85efe76836ca20e83f9,"<Book: Convents and the body politic in late Renaissance Venice,  The University of Chicago press,, 1999, ISBN: 0226769356>","Medioli, Francesca. “La clausura delle monache nell’amministrazione della Congregazione Romana Sopra i Regolari.” In II monacheSimo femminile in Italia dall’alto medioevo al secolo XVII: A confronto con l’oggi. Atti del Convegno del Centro di studi farfensi: Santa Vittoria di Mantenano, 21-24 settembre 1995, edited by Gabriella Zarri. Verona, 1997. -, ed. L’inferno monacale di Suor Arcangela Tarabotti. Turin, 1990.",0,1
93711,58e4ce00fe7683152b55eb67,595f9fdafe7683316b2ddd47,"<Article: ""Sulla “Cena ai Gamberi” della chiesa di Santo Stefano a Rovato (Brescia)"" in ""Ateneo veneto"", 5(2) 2006, internal_id=RAV0164473:2006_5_2:3>","GABRIELLA FERRI PlCCALUGA, Il confine del Nord , Boario Terme 1989, pp. 305-334",59de7a2048e232540c5de7b1,59dc7571fe76834059d445e3,"<Book: Antonio Canova e il suo ambiente artistico fra Venezia, Roma e Parigi,  Istituto veneto di scienze, lettere ed arti,, 2000, ISBN: 88-86166-84-2>","Orsi, Serlupi, Della Porta, con l’utilizzazione e l’ingrandimento di condotte d’acqua, seguiti da lavori di ampliamento di appezzamenti a nord e a est, e nel 1753-1754 anche a sud per sistemarvi i giardini all’italiana, permisero la realizzazione di un’articolazione complessa, ma composta dello spazio tra costruzioni e vegetazione, tra architettura e natura. Ancor prima dell’acquisto dei Torlonia, nel 1866, forse in seguito alla diminuzione dell’afflusso d’acqua nella villa, scomparvero fontane molto eleganti5. Il casino doveva essere eretto al confine nord, mentre la sistemazione delle fontane, dei viali e delle piantagioni fu decisa successivamente agli acquisti degli “orti” confinanti. Di",0,1
10766,58e4ce00fe7683152b55eb67,595f9fdafe7683316b2ddd47,"<Article: ""Sulla “Cena ai Gamberi” della chiesa di Santo Stefano a Rovato (Brescia)"" in ""Ateneo veneto"", 5(2) 2006, internal_id=RAV0164473:2006_5_2:3>","GABRIELLA FERRI PlCCALUGA, Il confine del Nord , Boario Terme 1989, pp. 305-334",59de7a2148e232540c5ec040,59dc7586fe76834059d446aa,"<Book: Venezia 1501: Petrucci e la stampa musicale : atti del Convegno internazionale di studi, Venezia, Palazzo Giustinian Lolin, 10-13 ottobre 2001,  Fondazione Levi, [2005, 2005, ISBN: 88-7552-098-4>","Franco Franceschi, / tedeschi e l’Arte della Lana a Firenze fra Tre e Quattrocento, in Dentro la città: Stranieri e realtà urbane nell'Europa dei secoli XII-XVI, a cura di Gabriella Rossetti, Napoli, GISEM-Liguori, 1989, pp. 257-278",0,1
42565,58e4ce00fe7683152b55eb67,595f9fdafe7683316b2ddd47,"<Article: ""Sulla “Cena ai Gamberi” della chiesa di Santo Stefano a Rovato (Brescia)"" in ""Ateneo veneto"", 5(2) 2006, internal_id=RAV0164473:2006_5_2:3>","GABRIELLA FERRI PlCCALUGA, Il confine del Nord , Boario Terme 1989, pp. 305-334",59df53cf9be3c75c2e6722bd,59dc7535fe76834059d44385,"<Book: La casa veneziana nella storia della citta dalle origini all'Ottocento,  Marsilio,, 1992, ISBN: 88-317-4891-2>","SOMMARIO S. Maria Maggiore, nell’ultima «sacca» inedificata a ovest della città    470 IY/2 c Univocità insediativo-edificativa per ele-mentarizzazione tipologica: il completamento cinquesecentesco del «quartiere» di S. Maria Maggiore 474 IV/2 d Azione urbanistico-edilizia-architettonica unitaria: una edificazione secentesca «a palazzi» alle Fondamente Nuove, sul confine nord-est della città 480 IV/3 LA «RIAPPROPRIAZIONE» POPOLARE DELLA CITTÀ NEGLI INTERVENTI ARCHITETTONICI INDIVIDUALI FINO A TUTTO IL SETTECENTO    484 IV/3 a Pianificazione urbanistica, predisposizione edilizia e disponibilità architettonica: l’inurbamento cinquecentesco di Secco Marina nell’estremo sud-est della città    484 IV/3 b Nella radice tipologica la coincidenza tra un programma edilizio proto-cinquecentesco e realizzazioni architettoniche di due secoli: una corte e due isolati come campione della molteplicità abitativa di Secco Marina    487 IV/3 c Preservazione socio-ambientale delle «periferie» urbane: le tipologie individuali elementari come protagoniste di Castello-est anche nel Cinquecento e Seicento490 IV/3 d La piccola serie come massimo di programmazione a Castello-est: tradizionalità tipologica e intenzionalità conformativa in una tarda casa a schiera tra rio della Tana e rio di S. Anna    496",0,1
46942,58e4ce00fe7683152b55eb67,595f9fdafe7683316b2ddd47,"<Article: ""Sulla “Cena ai Gamberi” della chiesa di Santo Stefano a Rovato (Brescia)"" in ""Ateneo veneto"", 5(2) 2006, internal_id=RAV0164473:2006_5_2:3>","GABRIELLA FERRI PlCCALUGA, Il confine del Nord , Boario Terme 1989, pp. 305-334",59df53cf9be3c75c2e6758ec,59dc74e2fe768340301beb8c,"<Book: Eraclea veneta : immagine di una citta sepolta,  Compagnia Generale Ripreseaeree, [1984, 1984>","A. Degrassi, II confine nord-orientale dell’Italia romana, in Dissertationes Bernenses 1, Bernae 1954 P. Fraccaro, Intorno ai confini ed alla centuriazione degli agri di Patavium e diAcelum , in Studi di antichità classica offerti a E. Ciaceri, Roma 1940, p. 100 ss.",0,1
54122,58e4ce00fe7683152b55eb67,595f9fdafe7683316b2ddd47,"<Article: ""Sulla “Cena ai Gamberi” della chiesa di Santo Stefano a Rovato (Brescia)"" in ""Ateneo veneto"", 5(2) 2006, internal_id=RAV0164473:2006_5_2:3>","GABRIELLA FERRI PlCCALUGA, Il confine del Nord , Boario Terme 1989, pp. 305-334",59df53cf9be3c75c2e67ab7c,595fea20fe7683532bf6c0ab,"<Book: L'inquisizione romana e l'editoria a Venezia : 1540-1605,  Il veltro,, 1983, ISBN: 88-85015-21-2>","Roselli), prete padovano, scrittore e studioso, possedeva VInstitutio di Calvino, scritti di Lutero, Zwingli, Johannes Brenz e così via, per un totale di circa trentacinque opere di riformatori d’Ol-tralpe. Il suo compagno Pietro Cocco, veneziano, membro del patriziato minore, aveva una quantità di libri di eretici italiani, Brucioli, Ochino, Stancaro, Vergerlo e Vermigli, oltre ai Loci communes theologici di Melantone, in una biblioteca di circa quaranta titoli proibiti108. All’inizio degli anni Cinquanta alcuni librai avevano organizzato degli itinerari clandestini per inoltrare dalla Svizzera fino a Venezia i libri protestanti. Ne è rimasta traccia solo quando una denuncia vi ha attirato l’attenzione del Sant’Uffi-, zio. Nel 1550, per esempio, il tribunale veniva a sapere che testi ereticali entravano dalla Svizzera in territorio veneto attraverso il confine nord-occidentale. A Poschiavo, città protestante e capolinea settentrionale, la figura chiave era il riformato Dolfin Landolfo, editore del Vergerlo,",0,1
27912,58e4ce00fe7683152b55eb67,595f9fdafe7683316b2ddd47,"<Article: ""Sulla “Cena ai Gamberi” della chiesa di Santo Stefano a Rovato (Brescia)"" in ""Ateneo veneto"", 5(2) 2006, internal_id=RAV0164473:2006_5_2:3>","GABRIELLA FERRI PlCCALUGA, Il confine del Nord , Boario Terme 1989, pp. 305-334",59e067ba8ee1df0444340d09,59849456c12c6025a88e6e5f,"<Book: Saggi di storia ecclesiastica veneta,  La Deputazione,, 1954>","Paschini, Riforma e Controriforma al confine nord - orientale d’Italia, in «L’Arcadia», IV, p. 321 e sgg.;",0,1
57894,58e4ce00fe7683152b55eb67,595f9fdafe7683316b2ddd47,"<Article: ""Sulla “Cena ai Gamberi” della chiesa di Santo Stefano a Rovato (Brescia)"" in ""Ateneo veneto"", 5(2) 2006, internal_id=RAV0164473:2006_5_2:3>","GABRIELLA FERRI PlCCALUGA, Il confine del Nord , Boario Terme 1989, pp. 305-334",59e0adbbf98262071bfb25a3,59dc749dfe768340301be8d5,"<Book: La Venetia : dall'antichità all'alto Medioevo,  Istituto della Enciclopedia italiana, stampa, 1988>","però ci vengono confermate dalla pratica del lavoro di ogni giorno. La documentazione archeologica di gran lunga più ricca e più completa è, per il Veneto romano, quella del I see. d.C.; le strade precedentemente tracciate sono mantenute in ordine; se ne creano di nuove (per esempio la Claudia Augusta Altinate); le suddivisioni agrarie sono state fatte; i municipi, che hanno sostituito i precedenti centri paleoveneti, sono divenuti città ben organizzate; le necropoli, che li circondano, sono ricche di monumenti funerari e di iscrizioni; la campagna è disseminata di ville. Già nel II see. d.C. la ducumentazione archeologica diminuisce sensibilmente, certo in relazione all’impoverimento dei commerci, alla provincializzazione dell’economia, all’insicurezza politica per l’indebolirsi della difesa sul confine nord-orientale. La documentazione archeologica del III e del IV see. d.C. praticamente sembra concentrata oramai nelle sole città che h ann o importanza militare (Aquileia, Concordia, forse Oderzo, Verona) e negli insediamenti rustici e nelle ville, che hanno capacità autonoma di sopravvivenza con le risorse del fundus.",0,1
62402,58e4ce00fe7683152b55eb67,595f9fdafe7683316b2ddd47,"<Article: ""Sulla “Cena ai Gamberi” della chiesa di Santo Stefano a Rovato (Brescia)"" in ""Ateneo veneto"", 5(2) 2006, internal_id=RAV0164473:2006_5_2:3>","GABRIELLA FERRI PlCCALUGA, Il confine del Nord , Boario Terme 1989, pp. 305-334",59e0adbbf98262071bfb5f21,59dc74c7fe768340301bea94,"<Book: Benedetto chi ti porta, maledetto chi ti manda : l'infanzia abbandonata nel Triveneto, secoli 15.-19.,  Fondazione Benetton studi ricerche,, 1997, ISBN: 88-87061-25-4>","Paola Notario, L’infanzia abbandonata a Torino nel periodo francese, in Povertà e beneficenza tra rivoluzione e restaurazione, a cura di Gabriella Botti, Laura Guidi, Lucia Valenzi, Morano, Napoli 1990, pp. 43-62.",0,1
9714,58e4ce00fe7683152b55eb67,595f9fdafe7683316b2ddd47,"<Article: ""Sulla “Cena ai Gamberi” della chiesa di Santo Stefano a Rovato (Brescia)"" in ""Ateneo veneto"", 5(2) 2006, internal_id=RAV0164473:2006_5_2:3>","GABRIELLA FERRI PlCCALUGA, Il confine del Nord , Boario Terme 1989, pp. 305-334",59e0adcbf98262071bfd8da4,59dc74dcfe768340301beb45,"<Book: Storia dello Studio teologico Laurentianum di Venezia nella strategia della formazione teologica della Provincia veneta dei Cappuccini,  Istituto storico dei Cappuccini,, 2009, ISBN: 978-88-88001-65-4>",Gabriella Doria-Girace. Docente di Lingua italiana per stranieri presso lo STL (1991-93; 1999-2000).,0,1
48404,58e4ce00fe7683152b55eb67,595f9fdafe7683316b2ddd47,"<Article: ""Sulla “Cena ai Gamberi” della chiesa di Santo Stefano a Rovato (Brescia)"" in ""Ateneo veneto"", 5(2) 2006, internal_id=RAV0164473:2006_5_2:3>","GABRIELLA FERRI PlCCALUGA, Il confine del Nord , Boario Terme 1989, pp. 305-334",59e23a538831616213400c30,59dc752afe76834059d44318,"<Book: Venice's most loyal city : civic identity in Renaissance Brescia,  Harvard University Press,, 2010, ISBN: 9780674051201>","Ferri Piccaluga, Gabriella. “Ebrei nell’iconografia lombarda del ’400.” In Ferri Pic-caluga, II confine del nord: Microstoria in Vallecamonica per una storia d'Europa, 305-334. Valcamonica: BIM, 1989.",0,1
48405,58e4ce00fe7683152b55eb67,595f9fdafe7683316b2ddd47,"<Article: ""Sulla “Cena ai Gamberi” della chiesa di Santo Stefano a Rovato (Brescia)"" in ""Ateneo veneto"", 5(2) 2006, internal_id=RAV0164473:2006_5_2:3>","GABRIELLA FERRI PlCCALUGA, Il confine del Nord , Boario Terme 1989, pp. 305-334",59e23a538831616213400c32,59dc752afe76834059d44318,"<Book: Venice's most loyal city : civic identity in Renaissance Brescia,  Harvard University Press,, 2010, ISBN: 9780674051201>","“Iconografia francescana in Vallecamonica.” In Ferri Piccaluga, Il confine del nord: Microstoria in Vallecamonica per una storia d’Europa, 255-275. Valcamonica: BIM, 1989.",0,1
48406,58e4ce00fe7683152b55eb67,595f9fdafe7683316b2ddd47,"<Article: ""Sulla “Cena ai Gamberi” della chiesa di Santo Stefano a Rovato (Brescia)"" in ""Ateneo veneto"", 5(2) 2006, internal_id=RAV0164473:2006_5_2:3>","GABRIELLA FERRI PlCCALUGA, Il confine del Nord , Boario Terme 1989, pp. 305-334",59e23a538831616213400c33,59dc752afe76834059d44318,"<Book: Venice's most loyal city : civic identity in Renaissance Brescia,  Harvard University Press,, 2010, ISBN: 9780674051201>","“Tra liturgia e teatralità: Consuetudini sociali immagini dal medioevo al Controriforma.” In Ferri Piccaluga, Il confine del nord: Microstoria in Vallecamonica per una storia d’Europa, 137-164. Valcamonica: BIM, 1989.",0,1
12695,58e4ce00fe7683152b55eb67,595f9fdafe7683316b2ddd47,"<Article: ""Sulla “Cena ai Gamberi” della chiesa di Santo Stefano a Rovato (Brescia)"" in ""Ateneo veneto"", 5(2) 2006, internal_id=RAV0164473:2006_5_2:3>","GABRIELLA FERRI PlCCALUGA, Il confine del Nord , Boario Terme 1989, pp. 305-334",59e23a548831616213430fc6,59dc75cdfe76834059d44958,"<Book: Weltmacht mit Ruder und Segel : geschichte der Republik Venedig, 800-1600,  Magnus Verlag, , 2002, ISBN: 3884004190>","Gabriella Airaldi, Da Genova a Siviglia — l’avventura dell’ occidente, in: Genova e Siviglia, Katalog zur Ausstellung, Genua 1988.",0,1
93834,58e4ce00fe7683152b55eb67,595f9fdafe7683316b2ddd47,"<Article: ""Sulla “Cena ai Gamberi” della chiesa di Santo Stefano a Rovato (Brescia)"" in ""Ateneo veneto"", 5(2) 2006, internal_id=RAV0164473:2006_5_2:3>","GABRIELLA FERRI PlCCALUGA, Il confine del Nord , Boario Terme 1989, pp. 305-334",59e23a59883161621346e2c4,59dc7544fe76834059d4441a,"<Book: Crisi e rinnovamenti nell'autunno del Rinascimento a Venezia,  L.S. Olschki,, 1991, ISBN: 88-222-3871-0>","Gabriella  Zarri, sino al recente Le Sante vive, Torino, Rosemberg & Sellier, 1990.",0,1
33601,58e4ce00fe7683152b55eb67,595f9fdafe7683316b2ddd47,"<Article: ""Sulla “Cena ai Gamberi” della chiesa di Santo Stefano a Rovato (Brescia)"" in ""Ateneo veneto"", 5(2) 2006, internal_id=RAV0164473:2006_5_2:3>","GABRIELLA FERRI PlCCALUGA, Il confine del Nord , Boario Terme 1989, pp. 305-334",59e2c59d88316171ebb420b6,59dc74d7fe768340301beb1f,"<Book: Il Convento della carità e Andrea Palladio : storie, progetti, immagini,  Cierre, [2005, 2005, ISBN: 88-8314-318-3>","Zarri, Gabriella, Le sante vive. Profezie di corte e devozione femminile tra '400 e '500, Rosenberg & Sellier, Torino 1990.",0,1
2696,58e4ce00fe7683152b55eb67,595f9fdafe7683316b2ddd47,"<Article: ""Sulla “Cena ai Gamberi” della chiesa di Santo Stefano a Rovato (Brescia)"" in ""Ateneo veneto"", 5(2) 2006, internal_id=RAV0164473:2006_5_2:3>","GABRIELLA FERRI PlCCALUGA, Il confine del Nord , Boario Terme 1989, pp. 305-334",59e2c59e88316171ebb781a7,59dc74bbfe768340301bea13,"<Book: Storia di Venezia,  Mursia,, 1981>","DOMINIO NELLA TERRAFERMA 269 zaga e gli Este, furono ammessi nei ranghi della nobiltà veneziana. Meno percettibili a prima vista erano gli svantaggi del nuovo ruolo di Venezia quale potenza di terraferma. I problemi più seri che ne derivavano erano costituiti dalla sicurezza delle frontiere. La recente guerra aveva notevolmente rafforzato la posizione dei Visconti di Milano, che erano ora piu potenti di quanto lo fossero mai gli Scaligeri. Certamente, erano assai più lontani e Padova sotto i Carraresi avrebbe potuto fungere da stato cuscinetto; ma dal momento che ogni attacco al territorio dei Carraresi doveva essere considerato un attacco contro la stessa Venezia, essa e Milano erano in realtà confinanti. In futuro erano anche possibili difficoltà sul confine nord-orientale, dove il patriarca di Aquileia e il suo vicino conte di Gorizia potevano fomentare disordini ad ogni buona occasione. Ma tutti questi problemi apparivano ancora lontani. Per il momento Venezia si applicò con energia e entusiasmo a quelli più immediati connessi con le sue nuove responsabilità di governo. L’esperienza fatta con i possedimenti e le colonie d’oltremare forniva pochi precedenti utilmente applicabili a Treviso e agli altri centri della terraferma. Queste città non potevano ovviamente essere trattate come dipendenze feudali quali erano state le isole greche; per ragioni altrettanto ovvie non potevano essere amministrate come i centri di smistamento commerciale di Modone, Corone, Acri e Negroponte. Doveva essere studiato un nuovo meccanismo amministrativo. Alla fine la soluzione per Treviso,",0,1
27481,58e4ce00fe7683152b55eb67,595f9fdafe7683316b2ddd47,"<Article: ""Sulla “Cena ai Gamberi” della chiesa di Santo Stefano a Rovato (Brescia)"" in ""Ateneo veneto"", 5(2) 2006, internal_id=RAV0164473:2006_5_2:3>","GABRIELLA FERRI PlCCALUGA, Il confine del Nord , Boario Terme 1989, pp. 305-334",59e2c5a988316171ebb8b036,5988455bc12c602fb5e24508,"<Book: Francesco Barbaro, patrizio veneto e Patriarca di Aquileia,  Casamassima, \1984, 1984>","P. Paschini, Riforma e Controriforma al confine nord-orientale d’Italia, « L’Arcadia », IV (1923), pp. 48 sgg.",0,1
32728,58e4ce00fe7683152b55eb67,595f9fdafe7683316b2ddd47,"<Article: ""Sulla “Cena ai Gamberi” della chiesa di Santo Stefano a Rovato (Brescia)"" in ""Ateneo veneto"", 5(2) 2006, internal_id=RAV0164473:2006_5_2:3>","GABRIELLA FERRI PlCCALUGA, Il confine del Nord , Boario Terme 1989, pp. 305-334",59e2c5a988316171ebb8fe29,59dc74b7fe768340301be9ea,"<Book: La storia di Venezia nella vita privata : dalle origini alla caduta della Repubblica,  LINT,, 1973>","Tarmi per la salvezza dell’Urbe, già invasa fino al Campidoglio dai Galli di Brenno, i quali, dinanzi alla minaccia di nuovi combattenti, pace cum Romanis facta , urbeqiie ipsis reddita, ad suas sedes redierunt (3). E un’altra volta i Veneti corsero in aiuto dei Romani, conquistando con essi il paese dei Galli insubri e prendendo Milano (4>. La lunga e fida alleanza si cambiò a poco a poco in una specie di protettorato, e quindi in sudditanza pei Veneti, i quali accettarono non soltanto il dominio di Roma, ma anche la religione, il diritto pubblico, la coltura, la lingua. Andò pure gradualmente formandosi l’unità politica nazionale, nonostante che per lungo tempo ancora le varie stirpi del paese si mostrassero distinte Tuna dall’altra, sì che i Veneti e i Carni, sotto il primo dominio romano, mantennero ciascuno il costume e l’indole propria, pur essendo compresi nella maggior giurisdizione della Gallia cispadana(5>. Nel riordinamento politico e amministrativo d’Italia, compiuto da Augusto, Venetia et Histria  formavano la X regione, i cui limiti erano segnati dall’Adda di contro la Liguria, dal Po di fronte alTEmilia, dell’Adriatico nella linea marittima, e sul confine nord e nord-orientale dalle Alpi fino agli ultimi contrafforti delle Giulie, al passo di Nauporto e al monte Albio e dalla linea dell’Arsa. Nell’età post-dioclezianea, il confine orientale fu spinto di là da questo limite, includendo anche una parte del territorio Pannonico fin oltre la città di Sirmio; così che qualche secolo dopo, il panegirista di re Teodorico, Ennodio, poteva dire nel suo Panegiricus, che Sirmiensium (1) Ghirardini, intorno alle antichità scoperte nel fondo Baratela in Este, in Not. degli scavi della R. Accademia dei Lincei », anno 1888, pag. 89.",0,1
57540,58e4ce00fe7683152b55eb67,595f9fdafe7683316b2ddd47,"<Article: ""Sulla “Cena ai Gamberi” della chiesa di Santo Stefano a Rovato (Brescia)"" in ""Ateneo veneto"", 5(2) 2006, internal_id=RAV0164473:2006_5_2:3>","GABRIELLA FERRI PlCCALUGA, Il confine del Nord , Boario Terme 1989, pp. 305-334",59e2c5a988316171ebba4584,59dc75b3fe76834059d4485b,"<Book: Lettere a Marco Foscari, 1789-1792,  La Malcontenta,, 2011, ISBN: 978-88-95745-25-1>","Colmo, Rozzo, Draguch, Verch e Sovignaco) a difesa lungo il confine di nord-est, e da dodici comuni («ville») e sette parrocchie.32 L’importanza del capitanio di Raspo, che per tradizione deteneva fin dalla sua istituzione alla fine del Trecento il comando militare dell’Istria veneta, era andata diminuendo una volta stabilizzato, nella seconda metà del XVII secolo, il processo di colonizzazione di cui era responsabile. Attenuatasi l’importanza strategico-militare di Pinguente ed esauritasi la colonizzazione, il capitanio di Raspo continuò a sopravvivere come espressione dell’autorità giudiziaria in una regione ormai disarmata,33 dedita perlopiù all’allevamento ovino, lontana dai traffici che invece animavano le città costiere. All’epoca in cui Marco Foscari intraprese il mandato, la principale tra le sue attribuzioni risiedeva nel controllo e nella protezione dei boschi, giacimento prezioso di legname per i cantieri dell’Arsenale veneziano. La ducale a lui inviata all’inizio della reggenza sottolinea competenze, priorità e strumenti giudiziari: «Essenzialmente però interessando che resti preservata da defraudi l’importante materia de’ boschi e si mantenga la migliore amministrazione e governo delle scuole laiche, comunità e luoghi pii di codesto capita-niato e terra di Pirano, e la direzione delle case di pubblica ragione in Parenzo, vi si concede la facoltà di procedere coll’autorità e ritto del Senato a norma di quanto si è pratticato co’ precessori vostri. »34 I dispacci, redatti in un periodo di quiete alla frontiera con l’Austria, vertono su questioni di ordinaria amministrazione, riguardanti nel loro nucleo fondamentale le necessità edilizie del castello di Pinguente, l’economia della camera fiscale e del monte di pie- 32.L’Istria veneta fece parte della repubblica di Venezia dal 1420 sino alla sua caduta. Si estendeva ininterrottamente da Muggia lungo tutto la costa istriana fino alla torre di Brestovizza (traghetto per Cherso),",0,1
16066,58e4ce00fe7683152b55eb67,595f9fdafe7683316b2ddd47,"<Article: ""Sulla “Cena ai Gamberi” della chiesa di Santo Stefano a Rovato (Brescia)"" in ""Ateneo veneto"", 5(2) 2006, internal_id=RAV0164473:2006_5_2:3>","GABRIELLA FERRI PlCCALUGA, Il confine del Nord , Boario Terme 1989, pp. 305-334",59e2c5aa88316171ebbcdd69,59dc74a8fe768340301be953,"<Book: Storia di Venezia,  Istituto della Enciclopedia italiana,, 1992>","Attilio De-GRASSI, Il confine nord-orientale dell’Italia romana,  Berna 1954, pp. 150-151",0,1
17216,58e4ce00fe7683152b55eb67,595f9fdafe7683316b2ddd47,"<Article: ""Sulla “Cena ai Gamberi” della chiesa di Santo Stefano a Rovato (Brescia)"" in ""Ateneo veneto"", 5(2) 2006, internal_id=RAV0164473:2006_5_2:3>","GABRIELLA FERRI PlCCALUGA, Il confine del Nord , Boario Terme 1989, pp. 305-334",59e2c5aa88316171ebbce6b4,59dc74a8fe768340301be953,"<Book: Storia di Venezia,  Istituto della Enciclopedia italiana,, 1992>","Attilio Degrassi, Il confine nord-orientale dell’Italia romana, Bernae 1954, pp. 37",0,1
19581,58e4ce00fe7683152b55eb67,595f9fdafe7683316b2ddd47,"<Article: ""Sulla “Cena ai Gamberi” della chiesa di Santo Stefano a Rovato (Brescia)"" in ""Ateneo veneto"", 5(2) 2006, internal_id=RAV0164473:2006_5_2:3>","GABRIELLA FERRI PlCCALUGA, Il confine del Nord , Boario Terme 1989, pp. 305-334",59e2c5aa88316171ebbcfa28,59dc74a8fe768340301be953,"<Book: Storia di Venezia,  Istituto della Enciclopedia italiana,, 1992>","Gabriella Severino, Medioevo centrale, periodizzazione, documentazione, in AA.VV.,  Periodi e contenuti del Medio Evo, a cura di Paolo Delogu, Roma 1988, pp. 121-136.",0,1
20939,58e4ce00fe7683152b55eb67,595f9fdafe7683316b2ddd47,"<Article: ""Sulla “Cena ai Gamberi” della chiesa di Santo Stefano a Rovato (Brescia)"" in ""Ateneo veneto"", 5(2) 2006, internal_id=RAV0164473:2006_5_2:3>","GABRIELLA FERRI PlCCALUGA, Il confine del Nord , Boario Terme 1989, pp. 305-334",59e2c5aa88316171ebbd06d1,59dc74aafe768340301be963,"<Book: Storia di Venezia,  Istituto della Enciclopedia italiana, , 1997>","Giovanna Paolin, Confessione e confessori al femminile: monache e direttori spirituali in ambito veneto tra ’600 e ’700, in Finzione e santità fra medioevo ed età moderna, a cura di Gabriella Zarri, Torino 1991, pp. 372-375 (pp. 366-388).",0,1
20943,58e4ce00fe7683152b55eb67,595f9fdafe7683316b2ddd47,"<Article: ""Sulla “Cena ai Gamberi” della chiesa di Santo Stefano a Rovato (Brescia)"" in ""Ateneo veneto"", 5(2) 2006, internal_id=RAV0164473:2006_5_2:3>","GABRIELLA FERRI PlCCALUGA, Il confine del Nord , Boario Terme 1989, pp. 305-334",59e2c5aa88316171ebbd06d7,59dc74aafe768340301be963,"<Book: Storia di Venezia,  Istituto della Enciclopedia italiana, , 1997>","Marina Romanello, Inquietudini religóse e controllo sociale nel Friuli del Säcento, in Finzione e santità tra medioevo ed età moderna, a cura di Gabriella Zarri, Torino 1991, pp. 343-365;",0,1
22912,58e4ce00fe7683152b55eb67,595f9fdafe7683316b2ddd47,"<Article: ""Sulla “Cena ai Gamberi” della chiesa di Santo Stefano a Rovato (Brescia)"" in ""Ateneo veneto"", 5(2) 2006, internal_id=RAV0164473:2006_5_2:3>","GABRIELLA FERRI PlCCALUGA, Il confine del Nord , Boario Terme 1989, pp. 305-334",59e2c5aa88316171ebbd1c83,59dc746ffe76834007de8de1,"<Book: La Serenissima e il regno: nel 5. centenario dell'Arcadia di Iacopo Sannazaro : atti del Convegno di studi, Bari-Venezia, 4-8 ottobre 2004,  Cacucci, [2006, 2006, ISBN: 88-8422-551-5>","Daniela Pietragalla, La fortuna dei Rerum gestarum Alfonsi regis libri, in Studi su Bartolomeo Facio, a cura di Gabriella Albanese, Pisa, Edizioni ETS, 2000, pp. 106-107. Alla cura della Pietragalla si deve la recente edizione dei Rerum gestarum Alfonsi regis libri,  testo latino, traduzione italiana, commento e introduzione, Alessandria, Edizioni dell’Orso, 2004. Dell’opera del Facio e del suo significato ha parlato Francesco Tateo nei Miti della storiografia umanistica, Roma, Bulzoni, 1990, pp. 137-179.",0,1
68886,58e4ce00fe7683152b55eb67,595f9fdafe7683316b2ddd47,"<Article: ""Sulla “Cena ai Gamberi” della chiesa di Santo Stefano a Rovato (Brescia)"" in ""Ateneo veneto"", 5(2) 2006, internal_id=RAV0164473:2006_5_2:3>","GABRIELLA FERRI PlCCALUGA, Il confine del Nord , Boario Terme 1989, pp. 305-334",59e332f78831617f5edf2fa3,59883f62c12c6027b8e2450c,"<Book: Il patriziato veneziano alla fine della Repubblica : 1646-1797,  Jouvence, \1997, 1997, ISBN: 88-7801-255-6>","Zarri, Gabriella, Le istituzioni dell’educazione femminile, in: le sedi della cultura nell’Emilia-Romagna. I secoli moderni. Le istituzioni e il pensiero, Milano 1987, pp. 85-109.",0,1
85932,58e4ce00fe7683152b55eb67,595f9fdafe7683316b2ddd47,"<Article: ""Sulla “Cena ai Gamberi” della chiesa di Santo Stefano a Rovato (Brescia)"" in ""Ateneo veneto"", 5(2) 2006, internal_id=RAV0164473:2006_5_2:3>","GABRIELLA FERRI PlCCALUGA, Il confine del Nord , Boario Terme 1989, pp. 305-334",59e332f78831617f5edff84b,595fc0cdfe76834efdf6c0f8,"<Book: L'arsenale di Venezia : storia di una grande struttura urbana,  Marsilio,, 1983, ISBN: 88-317-4654-5>","Darsena Nuova il lungo fabbricato delle Corderie con proprio accesso indipendente nel punto dove il rio della Tana si inflette. Esaminando per prima la situazione sull’asta canalizia un dato evidente nella veduta del De Barbari, come nelle piante successive, è che l’Arsenale non comincia dal punto dove sorgono le due Torri dell’ingresso d’acqua, ma molto prima, sul fianco del rio dell’Arsenale. Anzi, poiché si hanno circa 150 metri dalle Fonderie alle Torri, e circa 200 da queste al confine nord, si può dire che l’ingresso fosse quasi alla metà dell’Arsenale. Ma il rapporto cambia di molto, passando a 230 contro 200, qualora si considerino le due strutture molto importanti per le forniture navali che sorgono ai due lati dell’imbocco del rio dell’Arsenale, cioè i granai di San Biagio a destra (1322) e i forni a sinistra che si vedono appena fra le sartie. Da questi forni, costruiti nel 1473, che avevano 32 fuochi, ed erano costati 8.000 ducati72 usciva il pan biscotto,  l’alimento base degli equipaggi sulle galere. L’Arsenale, inteso come impianto e organizzazione, cominciava da queste strutture vittuarie, o meglio terminava con esse la cosiddetta «catena di montaggio» descritta da Pero Tafur di Siviglia nel 1436, che merita seguire per esteso. Passato il portico — scriveva lo spagnolo — c’è una grande strada da ogni lato, col mare in mezzo, e ci sono finestre sulla facciata dell’Arsenale da un lato e dall’altro; ed una galera uscì, rimorchiata da un battello e da una finestra le vennero lese le corde, dall’altra il pane, da un’altra le armi, da un’altra le balestre e le bombarde e così via tutto quello di cui aveva bisogno, e quando la galera giunse alla fine della strada tutti gli uomini occorrenti erano a bordo, così come i remi supplementari, ed essa era equipaggiata da cima a fondo”.",0,1
4133,58e4ce00fe7683152b55eb67,595f9fdafe7683316b2ddd47,"<Article: ""Sulla “Cena ai Gamberi” della chiesa di Santo Stefano a Rovato (Brescia)"" in ""Ateneo veneto"", 5(2) 2006, internal_id=RAV0164473:2006_5_2:3>","GABRIELLA FERRI PlCCALUGA, Il confine del Nord , Boario Terme 1989, pp. 305-334",59e332f88831617f5ee0c868,59dc752afe76834059d44320,"<Book: I forti di Mestre : storia di un campo trincerato,  Coordinamento per il recupero del campo trincerato di Mestre, [1997, 1997, ISBN: 88-86654-66-9>","Appendice a cura di Gianni Facca Fortifìcatorische detailbeschreibung von Venedig-Mestre  (mit 36 beilagen) Il titolo riportato nello schedario dell’archi-vio viennese ha un suono autorevole e imperioso, fa presagire l’arrivo di un’imponente documentazione sulle fortificazioni delle località veneziane. Ma il piccolo volume che ci viene consegnato con sussiego dall '“Arkivar , suscita inizialmente una certa delusione mista a divertita curiosità. Diciassette centimetri e mezzo per dodici, quasi duecento pagine. Rigirando tra le mani questo libretto ingiallito datato febbraio 1900, si ha la sensazione di consultare una specie di guida turistica munita di relative carte geografiche e piante d’opere fortificate, un manualetto per “giovani marmotte” austriache in gita a Venezia e dintorni. In verità l’interesse degli autori non si rivolgeva alle bellezze artistiche e alle specialità culinarie della zona. Scorrendo l’indice riportato nella terza pagina di questo vero e proprio “baedeker” dell’ufficiale austriaco, troviamo capitoli riguardanti una minuziosa descrizione della laguna e della terraferma, paragrafi riservati al clima e all’indole degli abitanti, sezioni dedicate alle vie di comunicazione e ai corsi d’acqua con la loro navigabilità e le possibilità d’attraversamento. Infine, con una impressionante generosità di particolari, compare un’analitica schedatura di tutte le fortificazioni veneziane. Infatti, Γ insieme di notizie e dati contenuti in questo tascabile servivano allo scopo di preparare e attuare la conquista di Venezia. Nonostante il patto d’alleanza, agli inizi del Novecento il Comando austro-ungarico riteneva possibile un attacco alla principale città italiana del confine nord-orientale e, con meticolosa diligenza, aveva provveduto a redigere la documentazione sulla regione da conquistare. L’interesse principale di questo testo risiede, quindi, nella dettagliata “fotografia” del territorio veneziano riportata dagli agenti austriaci, un quadro d’inizio secolo molto minuzioso e preciso, che ci dimostra come nulla sfuggisse ai diffidenti vicini. La prima parte del libro riguarda la descrizione del cosiddetto “territorio d’attacco”, costituito anche da una parte delle province di Padova e Treviso. Venezia viene presa in considerazione con la sua laguna, i litorali e i vicini porti di Cor-tellazzo, Piave Vecchia, Lido, Malamocco, Chioggia e Fossone. Gli accessi alla città, la navigabilità dei canali lagunari e i collegamenti di questi con la navigazione interna dell’entroterra veneto, sono descritti e valutati dettagliatamente. E",0,1
27461,58e4ce00fe7683152b55eb67,595f9fdafe7683316b2ddd47,"<Article: ""Sulla “Cena ai Gamberi” della chiesa di Santo Stefano a Rovato (Brescia)"" in ""Ateneo veneto"", 5(2) 2006, internal_id=RAV0164473:2006_5_2:3>","GABRIELLA FERRI PlCCALUGA, Il confine del Nord , Boario Terme 1989, pp. 305-334",59e332f98831617f5ee1eebc,59dc7574fe76834059d44600,"<Book: L'ingegneria civile a Venezia : istituzioni, uomini, professioni da Napoleone al fascismo,  Marsilio,, 2001, ISBN: 88-317-7951-6>","Ferri Cataldi, R. Fantoni, La tutela e manutenzione urbana nel periodo di Pietro Paleocapa a Venezia, in Ingegneria e politica nell’Italia dell’Ottocento: Pietro Paleocapa, Atti del convegno di studi 6-8 ottobre 1988, Venezia 1990, pp. 139-151.",0,1
33514,58e4ce00fe7683152b55eb67,595f9fdafe7683316b2ddd47,"<Article: ""Sulla “Cena ai Gamberi” della chiesa di Santo Stefano a Rovato (Brescia)"" in ""Ateneo veneto"", 5(2) 2006, internal_id=RAV0164473:2006_5_2:3>","GABRIELLA FERRI PlCCALUGA, Il confine del Nord , Boario Terme 1989, pp. 305-334",59e332f98831617f5ee23abe,59dc74b3fe768340301be9c3,"<Book: In Adriatico nell'antichità e nell'alto Medioevo : da Dionigi di Siracusa ai Dogi Orseolo,  [s. n.], stampa, 2003>","Degrassi, Il confine nord-orientale dell’Italia romana. Ricerche storico -topografiche, Berna, 1954, pag. 78.",0,1
33522,58e4ce00fe7683152b55eb67,595f9fdafe7683316b2ddd47,"<Article: ""Sulla “Cena ai Gamberi” della chiesa di Santo Stefano a Rovato (Brescia)"" in ""Ateneo veneto"", 5(2) 2006, internal_id=RAV0164473:2006_5_2:3>","GABRIELLA FERRI PlCCALUGA, Il confine del Nord , Boario Terme 1989, pp. 305-334",59e332f98831617f5ee23ac9,59dc74b3fe768340301be9c3,"<Book: In Adriatico nell'antichità e nell'alto Medioevo : da Dionigi di Siracusa ai Dogi Orseolo,  [s. n.], stampa, 2003>","Degrassi, Il confine nord-orientale dell’Italia romana, AMSI, I n.s. 1949, pag. 50.",0,1
33525,58e4ce00fe7683152b55eb67,595f9fdafe7683316b2ddd47,"<Article: ""Sulla “Cena ai Gamberi” della chiesa di Santo Stefano a Rovato (Brescia)"" in ""Ateneo veneto"", 5(2) 2006, internal_id=RAV0164473:2006_5_2:3>","GABRIELLA FERRI PlCCALUGA, Il confine del Nord , Boario Terme 1989, pp. 305-334",59e332f98831617f5ee23acd,59dc74b3fe768340301be9c3,"<Book: In Adriatico nell'antichità e nell'alto Medioevo : da Dionigi di Siracusa ai Dogi Orseolo,  [s. n.], stampa, 2003>","Degrassi, Il confine nord-orientale [...], Berna, 1954, pag. 59.",0,1
33527,58e4ce00fe7683152b55eb67,595f9fdafe7683316b2ddd47,"<Article: ""Sulla “Cena ai Gamberi” della chiesa di Santo Stefano a Rovato (Brescia)"" in ""Ateneo veneto"", 5(2) 2006, internal_id=RAV0164473:2006_5_2:3>","GABRIELLA FERRI PlCCALUGA, Il confine del Nord , Boario Terme 1989, pp. 305-334",59e332f98831617f5ee23ad0,59dc74b3fe768340301be9c3,"<Book: In Adriatico nell'antichità e nell'alto Medioevo : da Dionigi di Siracusa ai Dogi Orseolo,  [s. n.], stampa, 2003>","Attilio Degrassi, Il confine Nord - orientale dell’Italia romana, Atti e Memorie Società Istriana di Archeologia e Storia Patria (AMSI), Voi. 7, N.S., L III R, 1949, pag. 44 e seg.ti.",0,1
33582,58e4ce00fe7683152b55eb67,595f9fdafe7683316b2ddd47,"<Article: ""Sulla “Cena ai Gamberi” della chiesa di Santo Stefano a Rovato (Brescia)"" in ""Ateneo veneto"", 5(2) 2006, internal_id=RAV0164473:2006_5_2:3>","GABRIELLA FERRI PlCCALUGA, Il confine del Nord , Boario Terme 1989, pp. 305-334",59e332f98831617f5ee23b3a,59dc74b3fe768340301be9c3,"<Book: In Adriatico nell'antichità e nell'alto Medioevo : da Dionigi di Siracusa ai Dogi Orseolo,  [s. n.], stampa, 2003>","Attilio Degrassi, Il confine Nord Orientale dell’I. Romana, o.c., pag. 53, 54.",0,1
33591,58e4ce00fe7683152b55eb67,595f9fdafe7683316b2ddd47,"<Article: ""Sulla “Cena ai Gamberi” della chiesa di Santo Stefano a Rovato (Brescia)"" in ""Ateneo veneto"", 5(2) 2006, internal_id=RAV0164473:2006_5_2:3>","GABRIELLA FERRI PlCCALUGA, Il confine del Nord , Boario Terme 1989, pp. 305-334",59e332f98831617f5ee23b4c,59dc74b3fe768340301be9c3,"<Book: In Adriatico nell'antichità e nell'alto Medioevo : da Dionigi di Siracusa ai Dogi Orseolo,  [s. n.], stampa, 2003>","Degrassi, Il confine nord-orientale dell’Istria romana, Dissertationes Bemenses, Serie 1, fase. 7, Berna, 1954, pag. 131.",0,1
34147,58e4ce00fe7683152b55eb67,595f9fdafe7683316b2ddd47,"<Article: ""Sulla “Cena ai Gamberi” della chiesa di Santo Stefano a Rovato (Brescia)"" in ""Ateneo veneto"", 5(2) 2006, internal_id=RAV0164473:2006_5_2:3>","GABRIELLA FERRI PlCCALUGA, Il confine del Nord , Boario Terme 1989, pp. 305-334",59e332f98831617f5ee2412f,59dc74b3fe768340301be9c3,"<Book: In Adriatico nell'antichità e nell'alto Medioevo : da Dionigi di Siracusa ai Dogi Orseolo,  [s. n.], stampa, 2003>","Degrassi Attilio, Il confine nord-orientale dell’Italia romana, AMSI, I n.s. 1949.",0,1
34148,58e4ce00fe7683152b55eb67,595f9fdafe7683316b2ddd47,"<Article: ""Sulla “Cena ai Gamberi” della chiesa di Santo Stefano a Rovato (Brescia)"" in ""Ateneo veneto"", 5(2) 2006, internal_id=RAV0164473:2006_5_2:3>","GABRIELLA FERRI PlCCALUGA, Il confine del Nord , Boario Terme 1989, pp. 305-334",59e332f98831617f5ee24130,59dc74b3fe768340301be9c3,"<Book: In Adriatico nell'antichità e nell'alto Medioevo : da Dionigi di Siracusa ai Dogi Orseolo,  [s. n.], stampa, 2003>","Degrassi Attilio, Il confine nord-orientale dell’Italia romana. Ricerche storico - topografiche, Berna, 1954.",0,1
68907,58e4ce00fe7683152b55eb67,595f9fdafe7683316b2ddd47,"<Article: ""Sulla “Cena ai Gamberi” della chiesa di Santo Stefano a Rovato (Brescia)"" in ""Ateneo veneto"", 5(2) 2006, internal_id=RAV0164473:2006_5_2:3>","GABRIELLA FERRI PlCCALUGA, Il confine del Nord , Boario Terme 1989, pp. 305-334",59e332fa8831617f5ee3a8d1,5960e685fe76836ca20e8387,"<Book: Der venezianische Adel am Ende der Republik 1646-1797 : Demographie, Familie, Haushalt,  Niemeyer,, 1995, ISBN: 3484820837>","Zarri, Gabriella, Le istituzioni dell’educazione femminile, in: Le sedi della cultura nell’Emilia-Romagna. I secoli moderni. Le istituzioni e il pensiero, Milano 1987, S. 85-109.",0,1
78015,58e4ce00fe7683152b55eb67,595f9fdafe7683316b2ddd47,"<Article: ""Sulla “Cena ai Gamberi” della chiesa di Santo Stefano a Rovato (Brescia)"" in ""Ateneo veneto"", 5(2) 2006, internal_id=RAV0164473:2006_5_2:3>","GABRIELLA FERRI PlCCALUGA, Il confine del Nord , Boario Terme 1989, pp. 305-334",59e332fa8831617f5ee40efe,59dc749cfe768340301be8cf,"<Book: 2: La Repubblica di Venezia, 1761-1797,  G. Einaudi, [1990, 1990, ISBN: 88-06-11657-6>","r. molesti, Antonio Zanon , la dinamica della popolazione e l'economia veneta del ’700, in aa.w., La teoria della popolazione prima di Malthus, a cura di Gabriella Gioii, Franco Angeli, Milano 1987, pp. 151 sgg.",0,1
29010,58e4ce00fe7683152b55eb67,595f9fdafe7683316b2ddd47,"<Article: ""Sulla “Cena ai Gamberi” della chiesa di Santo Stefano a Rovato (Brescia)"" in ""Ateneo veneto"", 5(2) 2006, internal_id=RAV0164473:2006_5_2:3>","GABRIELLA FERRI PlCCALUGA, Il confine del Nord , Boario Terme 1989, pp. 305-334",59e333078831617f5ee68abc,59dc74d1fe768340301beaef,"<Book: Persona per hora secreta : \accusa e delazione nella Repubblica di Venezia!,  il Saggiatore, \2003, 2003, ISBN: 88-428-0892-X>","Bentham, “Théorie des peines et des recompenses”, in Oeuvres, Bruxelles 1829, cap. xm, cit. in Gabriella SanTONCINI, “La legislazione premiale dello stato fiorentino nei secoli xvi-xvm”, in Le politiche criminali nel xvm secolo, a cura di Luigi Berlinguer e Floriana Colao, A. Giuffè, Milano 1990, pag. 37.",0,1
75982,58e4ce00fe7683152b55eb67,595f9fdafe7683316b2ddd47,"<Article: ""Sulla “Cena ai Gamberi” della chiesa di Santo Stefano a Rovato (Brescia)"" in ""Ateneo veneto"", 5(2) 2006, internal_id=RAV0164473:2006_5_2:3>","GABRIELLA FERRI PlCCALUGA, Il confine del Nord , Boario Terme 1989, pp. 305-334",59e333088831617f5ee8c8a3,5988a6b3c12c607c4f1e58dd,"<Book: Storia di Mestre : atti della Scuola Seminario,  Centro culturale Villa Pozzi, , 1999>","si possono indicare i centri maggiori in Mestre, Martellago, Carpenedo, Maerne, Spineda; ed i più piccoli in Tessera, Terzo, Aitino. Nelle somme fissate per l'appalto del Dazio del pane e del vino del 1283 e del 1302,11111 Mestre e Mogliano da sole hanno una cifra più volte superiore al totale stabilito per le altre località messe insieme. Ma la medaglia ha il suo rovescio: così nell'arruolamento dei guastatori del 1334 la pieve di Mestre ne deve inviare 3, contro uno di Carpenedo, e di Martellago; S. Martino di Strada, Dese, Poian ne debbono arruolare uno in tutte assieme, Zero uno da sola, Mogliano e Marcon 4.,I2) Mestre era zona di confine, quindi in tempo di pace v'erano i presidi dei castelli e delle bocche dei fiumi (questi ultimi soprattutto in funzione di dogana e repressione del contrabbando), svolgendosi più vasto il traffico fluviale. Il registro delle spese del Comune (tuttora esistente in originale nel ricordato fondo alla Biblioteca Capitolare) per l’agosto-settem-bre 1316 offre i seguenti elementi: Presidio del Castello di Mestre 20 uomini con due capitani. Due guardie ad ognuna delle bocche dei fiumi: Marghera, Dese, Aitino, Bocca del Silione, S. Martino di Strada, Campalto, Paliaga (maggiore e minore secondo un documento coevo citato da Barcella), Bottenigo, Tessera, Tombelle, S. Pietro di Terzo1131. Non v'è motivo di dubitare che anche in tempo di Repubblica Veneta tali presidi siano esistiti. 77 km. misura a grandi linee il confine della podesteria del 1339. Di essi 14 sono dati dal margine lagunare tra le foci di Dese e di Bottenigo. L'antico corso del Musone (Fiume Vecchio - Bottenigo) rappresenta il confine sud con 13 km.; il confine di nord-est è determinato dal corso inferiore del Dese per 9 km. e subito dopo dal suo affluente di sinistra Rio Storto per altri 3. A settentrione verso Mogliano ancora il Dese per 6 km., mentre si giunge al Rio Storto con 5 km. di confine campestre fra Dese e Marcon.",0,1
8350,58e4ce00fe7683152b55eb67,595f9fdafe7683316b2ddd47,"<Article: ""Sulla “Cena ai Gamberi” della chiesa di Santo Stefano a Rovato (Brescia)"" in ""Ateneo veneto"", 5(2) 2006, internal_id=RAV0164473:2006_5_2:3>","GABRIELLA FERRI PlCCALUGA, Il confine del Nord , Boario Terme 1989, pp. 305-334",59e333098831617f5eea7458,598842cfc12c602c3fe24505,"<Book: Aspiring saints : pretense of holiness, inquisition, and gender in the Republic of Venice, 1618-1750,  The Johns Hopkins University Press,, 2001, ISBN: 0801865484>","Gabriella Zarri). Ellero, Giuseppi, ed. L’Archivio IRE: Inventario dei fondi antichi degli ospedali e luoghi pii di Venezia. Venice: IRE, 1987.",0,1
26016,58e4ce00fe7683152b55eb67,595f9fdafe7683316b2ddd47,"<Article: ""Sulla “Cena ai Gamberi” della chiesa di Santo Stefano a Rovato (Brescia)"" in ""Ateneo veneto"", 5(2) 2006, internal_id=RAV0164473:2006_5_2:3>","GABRIELLA FERRI PlCCALUGA, Il confine del Nord , Boario Terme 1989, pp. 305-334",59e333098831617f5eeb4d09,59622abdfe768321522126d7,"<Book: Cultura religione e politica nell'età di Angelo Maria Querini : atti del Convegno di studi promosso dal Comune di Brescia in collaborazione con la Fondazione Giorgio Cini di Venezia,  Morcelliana, , 1982>","P. Paschini,  Riforma e Controriforma al confine nord-orientale d'Italia, in «L’Arcadia», 4 (1922), pp. 48 sgg.",0,1
