,seed_ref_id,seed_doc_id,seed_doc,seed_surface,ref_id,doc_id,doc,surface,True,Hash
5074,58e4ce00fe7683152b561053,595f9ef1fe7683316b2dd875,"<Article: ""Errori e incompletezze nelle liste dei vescovi latini a Creta di Flaminio Corner"" in ""Ateneo veneto"", 18(None) 1980, internal_id=RAV0164473:1980_18:5>","FEDALTO, Hierarchia latina, Cala- monensis. 10CORNER, Creta sacra, II, pp. 149-159;",58e4ce00fe7683152b56104e,595f9ef1fe7683316b2dd875,"<Article: ""Errori e incompletezze nelle liste dei vescovi latini a Creta di Flaminio Corner"" in ""Ateneo veneto"", 18(None) 1980, internal_id=RAV0164473:1980_18:5>","F. CORNER, Creta sacra, II, pp. 42-105;",0,1
5075,58e4ce00fe7683152b561053,595f9ef1fe7683316b2dd875,"<Article: ""Errori e incompletezze nelle liste dei vescovi latini a Creta di Flaminio Corner"" in ""Ateneo veneto"", 18(None) 1980, internal_id=RAV0164473:1980_18:5>","FEDALTO, Hierarchia latina, Cala- monensis. 10CORNER, Creta sacra, II, pp. 149-159;",58e4ce00fe7683152b56104f,595f9ef1fe7683316b2dd875,"<Article: ""Errori e incompletezze nelle liste dei vescovi latini a Creta di Flaminio Corner"" in ""Ateneo veneto"", 18(None) 1980, internal_id=RAV0164473:1980_18:5>","FEDALTO, Hierarchia latina, Cretensis. 6CORNER, Creta sacra, II, pp. 105-121;",0,1
5076,58e4ce00fe7683152b561053,595f9ef1fe7683316b2dd875,"<Article: ""Errori e incompletezze nelle liste dei vescovi latini a Creta di Flaminio Corner"" in ""Ateneo veneto"", 18(None) 1980, internal_id=RAV0164473:1980_18:5>","FEDALTO, Hierarchia latina, Cala- monensis. 10CORNER, Creta sacra, II, pp. 149-159;",58e4ce00fe7683152b561050,595f9ef1fe7683316b2dd875,"<Article: ""Errori e incompletezze nelle liste dei vescovi latini a Creta di Flaminio Corner"" in ""Ateneo veneto"", 18(None) 1980, internal_id=RAV0164473:1980_18:5>","FEDALTO, Hierarchia latina, Chi- ronensis. 7CORNER, Creta sacra, II, pp. 121-126;",0,1
5077,58e4ce00fe7683152b561053,595f9ef1fe7683316b2dd875,"<Article: ""Errori e incompletezze nelle liste dei vescovi latini a Creta di Flaminio Corner"" in ""Ateneo veneto"", 18(None) 1980, internal_id=RAV0164473:1980_18:5>","FEDALTO, Hierarchia latina, Cala- monensis. 10CORNER, Creta sacra, II, pp. 149-159;",58e4ce00fe7683152b561051,595f9ef1fe7683316b2dd875,"<Article: ""Errori e incompletezze nelle liste dei vescovi latini a Creta di Flaminio Corner"" in ""Ateneo veneto"", 18(None) 1980, internal_id=RAV0164473:1980_18:5>","FEDALTO, Hierarchia latina, Sitiensis. 8CORNER, Creta sacra, II, pp. 126-137;",0,1
5078,58e4ce00fe7683152b561053,595f9ef1fe7683316b2dd875,"<Article: ""Errori e incompletezze nelle liste dei vescovi latini a Creta di Flaminio Corner"" in ""Ateneo veneto"", 18(None) 1980, internal_id=RAV0164473:1980_18:5>","FEDALTO, Hierarchia latina, Cala- monensis. 10CORNER, Creta sacra, II, pp. 149-159;",58e4ce00fe7683152b561052,595f9ef1fe7683316b2dd875,"<Article: ""Errori e incompletezze nelle liste dei vescovi latini a Creta di Flaminio Corner"" in ""Ateneo veneto"", 18(None) 1980, internal_id=RAV0164473:1980_18:5>","FEDALTO, Hierarchia latina, Archa- diensis. 9CORNER, Creta sacra, II, pp. 138-148;",0,1
5079,58e4ce00fe7683152b561053,595f9ef1fe7683316b2dd875,"<Article: ""Errori e incompletezze nelle liste dei vescovi latini a Creta di Flaminio Corner"" in ""Ateneo veneto"", 18(None) 1980, internal_id=RAV0164473:1980_18:5>","FEDALTO, Hierarchia latina, Cala- monensis. 10CORNER, Creta sacra, II, pp. 149-159;",58e4ce00fe7683152b561053,595f9ef1fe7683316b2dd875,"<Article: ""Errori e incompletezze nelle liste dei vescovi latini a Creta di Flaminio Corner"" in ""Ateneo veneto"", 18(None) 1980, internal_id=RAV0164473:1980_18:5>","FEDALTO, Hierarchia latina, Cala- monensis. 10CORNER, Creta sacra, II, pp. 149-159;",0,1
5080,58e4ce00fe7683152b561053,595f9ef1fe7683316b2dd875,"<Article: ""Errori e incompletezze nelle liste dei vescovi latini a Creta di Flaminio Corner"" in ""Ateneo veneto"", 18(None) 1980, internal_id=RAV0164473:1980_18:5>","FEDALTO, Hierarchia latina, Cala- monensis. 10CORNER, Creta sacra, II, pp. 149-159;",58e4ce00fe7683152b561054,595f9ef1fe7683316b2dd875,"<Article: ""Errori e incompletezze nelle liste dei vescovi latini a Creta di Flaminio Corner"" in ""Ateneo veneto"", 18(None) 1980, internal_id=RAV0164473:1980_18:5>","FEDALTO, Hierarchia latina, Agiensis. 11CORNER, Creta sacra, II, pp. 159-167;",0,1
5081,58e4ce00fe7683152b561053,595f9ef1fe7683316b2dd875,"<Article: ""Errori e incompletezze nelle liste dei vescovi latini a Creta di Flaminio Corner"" in ""Ateneo veneto"", 18(None) 1980, internal_id=RAV0164473:1980_18:5>","FEDALTO, Hierarchia latina, Cala- monensis. 10CORNER, Creta sacra, II, pp. 149-159;",58e4ce00fe7683152b561055,595f9ef1fe7683316b2dd875,"<Article: ""Errori e incompletezze nelle liste dei vescovi latini a Creta di Flaminio Corner"" in ""Ateneo veneto"", 18(None) 1980, internal_id=RAV0164473:1980_18:5>","FEDALTO, Hierarchia latina, Chis- samensis.",0,1
5083,58e4ce00fe7683152b561053,595f9ef1fe7683316b2dd875,"<Article: ""Errori e incompletezze nelle liste dei vescovi latini a Creta di Flaminio Corner"" in ""Ateneo veneto"", 18(None) 1980, internal_id=RAV0164473:1980_18:5>","FEDALTO, Hierarchia latina, Cala- monensis. 10CORNER, Creta sacra, II, pp. 149-159;",58e4ce00fe7683152b561057,595f9ef1fe7683316b2dd875,"<Article: ""Errori e incompletezze nelle liste dei vescovi latini a Creta di Flaminio Corner"" in ""Ateneo veneto"", 18(None) 1980, internal_id=RAV0164473:1980_18:5>","FEDALTO, Hierarchia latina, Ariensis. 13CORNER, Creta sacra, II, p. 168;",0,1
5084,58e4ce00fe7683152b561053,595f9ef1fe7683316b2dd875,"<Article: ""Errori e incompletezze nelle liste dei vescovi latini a Creta di Flaminio Corner"" in ""Ateneo veneto"", 18(None) 1980, internal_id=RAV0164473:1980_18:5>","FEDALTO, Hierarchia latina, Cala- monensis. 10CORNER, Creta sacra, II, pp. 149-159;",58e4ce00fe7683152b561058,595f9ef1fe7683316b2dd875,"<Article: ""Errori e incompletezze nelle liste dei vescovi latini a Creta di Flaminio Corner"" in ""Ateneo veneto"", 18(None) 1980, internal_id=RAV0164473:1980_18:5>","FEDALTO, Hierarchia latina, Canticensis. 14CORNER, Creta sacra, II, pp. 173-180;",0,1
5085,58e4ce00fe7683152b561053,595f9ef1fe7683316b2dd875,"<Article: ""Errori e incompletezze nelle liste dei vescovi latini a Creta di Flaminio Corner"" in ""Ateneo veneto"", 18(None) 1980, internal_id=RAV0164473:1980_18:5>","FEDALTO, Hierarchia latina, Cala- monensis. 10CORNER, Creta sacra, II, pp. 149-159;",58e4ce00fe7683152b561059,595f9ef1fe7683316b2dd875,"<Article: ""Errori e incompletezze nelle liste dei vescovi latini a Creta di Flaminio Corner"" in ""Ateneo veneto"", 18(None) 1980, internal_id=RAV0164473:1980_18:5>","FEDALTO, Hierarchia latina, Milo- potamensis. 15CORNER, Creta sacra, II, pp. 180-184;",0,1
5088,58e4ce00fe7683152b561053,595f9ef1fe7683316b2dd875,"<Article: ""Errori e incompletezze nelle liste dei vescovi latini a Creta di Flaminio Corner"" in ""Ateneo veneto"", 18(None) 1980, internal_id=RAV0164473:1980_18:5>","FEDALTO, Hierarchia latina, Cala- monensis. 10CORNER, Creta sacra, II, pp. 149-159;",58e4ce00fe7683152b56105e,595f9ef1fe7683316b2dd875,"<Article: ""Errori e incompletezze nelle liste dei vescovi latini a Creta di Flaminio Corner"" in ""Ateneo veneto"", 18(None) 1980, internal_id=RAV0164473:1980_18:5>","FEDALTO, Hierarchia latina, Mo- thonensis.",0,1
5522,58e4ce00fe7683152b561053,595f9ef1fe7683316b2dd875,"<Article: ""Errori e incompletezze nelle liste dei vescovi latini a Creta di Flaminio Corner"" in ""Ateneo veneto"", 18(None) 1980, internal_id=RAV0164473:1980_18:5>","FEDALTO, Hierarchia latina, Cala- monensis. 10CORNER, Creta sacra, II, pp. 149-159;",58e4ce00fe7683152b561465,595f9ef2fe7683316b2dd877,"<Article: ""Flaminio Corner e gli archivi veneziani"" in ""Ateneo veneto"", 18(None) 1980, internal_id=RAV0164473:1980_18:6>","CORNER, Creta Sacra sive de episcopis utriusque ritus graeci et latini in Insula Cretae..., Venedis, 1755, voll. 2 (ed. anastatica, Modena, 1971), passim. 29ID.,",0,1
76627,58e4ce00fe7683152b561053,595f9ef1fe7683316b2dd875,"<Article: ""Errori e incompletezze nelle liste dei vescovi latini a Creta di Flaminio Corner"" in ""Ateneo veneto"", 18(None) 1980, internal_id=RAV0164473:1980_18:5>","FEDALTO, Hierarchia latina, Cala- monensis. 10CORNER, Creta sacra, II, pp. 149-159;",58e4ce01fe7683152b58e980,595fa05ffe7683316b2de44b,"<Article: ""La rivolta di Candía del 1363-65 nelle fonti veneziane"" in ""Studi veneziani"", 31(None) 1996, internal_id=LO10016101:1996_31:5>","Cornelius, Creta Sacra, Π, Venetiis 1755, p. 341).",0,1
85369,58e4ce00fe7683152b561053,595f9ef1fe7683316b2dd875,"<Article: ""Errori e incompletezze nelle liste dei vescovi latini a Creta di Flaminio Corner"" in ""Ateneo veneto"", 18(None) 1980, internal_id=RAV0164473:1980_18:5>","FEDALTO, Hierarchia latina, Cala- monensis. 10CORNER, Creta sacra, II, pp. 149-159;",58e4ce01fe7683152b59434d,595fa049fe7683316b2de04a,"<Article: ""Rationes decimarum Romanie, sec. XIV"" in ""Studi veneziani"", 12(None) 1970, internal_id=LO10016101:1970_12:10>","F. Cornelius, Creta sacra sive de episcopis utriusque ritus Graeci et Latini in insula Creta, II, Venetiis 1755",0,1
91853,58e4ce00fe7683152b561053,595f9ef1fe7683316b2dd875,"<Article: ""Errori e incompletezze nelle liste dei vescovi latini a Creta di Flaminio Corner"" in ""Ateneo veneto"", 18(None) 1980, internal_id=RAV0164473:1980_18:5>","FEDALTO, Hierarchia latina, Cala- monensis. 10CORNER, Creta sacra, II, pp. 149-159;",58e4ce01fe7683152b5980d0,595fa046fe7683316b2ddfc3,"<Article: ""La Crète sous la domination vénitienne et lors de conquête turque (1322-1684) d’après les pèlerins et les voyageurs. Renseignements nouveaux au peu connus"" in ""Studi veneziani"", 9(None) 1967, internal_id=LO10016101:1967_9:14>","Flaminio Cornelio, Creta Sacra, Venise 1755;",0,1
91893,58e4ce00fe7683152b561053,595f9ef1fe7683316b2dd875,"<Article: ""Errori e incompletezze nelle liste dei vescovi latini a Creta di Flaminio Corner"" in ""Ateneo veneto"", 18(None) 1980, internal_id=RAV0164473:1980_18:5>","FEDALTO, Hierarchia latina, Cala- monensis. 10CORNER, Creta sacra, II, pp. 149-159;",58e4ce01fe7683152b598153,595fa046fe7683316b2ddfc3,"<Article: ""La Crète sous la domination vénitienne et lors de conquête turque (1322-1684) d’après les pèlerins et les voyageurs. Renseignements nouveaux au peu connus"" in ""Studi veneziani"", 9(None) 1967, internal_id=LO10016101:1967_9:14>","Cor- nelius, Creta Sacra, p. 434).",0,1
2482,58e4ce00fe7683152b561053,595f9ef1fe7683316b2dd875,"<Article: ""Errori e incompletezze nelle liste dei vescovi latini a Creta di Flaminio Corner"" in ""Ateneo veneto"", 18(None) 1980, internal_id=RAV0164473:1980_18:5>","FEDALTO, Hierarchia latina, Cala- monensis. 10CORNER, Creta sacra, II, pp. 149-159;",58e4ce01fe7683152b59edf2,595fa05bfe7683316b2de349,"<Article: ""Su alcuni problemi istituzionali, politici e prosopografici riguardanti il marchesato di Bondonitsa (secoli XIII-XV)"" in ""Studi veneziani"", 22(None) 1991, internal_id=LO10016101:1991_22:1>","R. K. Wolff27 e come comproverebbe il trattato di Vi- terbo del 126728 - non faceva più parte del regno monferrino, latina in Oriente, II, Hierarchia Latina Orientis, Verona 1976 [Studi religiosi, 3], pp. 224- 226.",0,1
3967,58e4ce00fe7683152b561053,595f9ef1fe7683316b2dd875,"<Article: ""Errori e incompletezze nelle liste dei vescovi latini a Creta di Flaminio Corner"" in ""Ateneo veneto"", 18(None) 1980, internal_id=RAV0164473:1980_18:5>","FEDALTO, Hierarchia latina, Cala- monensis. 10CORNER, Creta sacra, II, pp. 149-159;",58e4ce01fe7683152b59fb98,595fa05efe7683316b2de41f,"<Article: ""Venetian Participation in the Crusade of Damietta"" in ""Studi veneziani"", 30(None) 1995, internal_id=LO10016101:1995_30:1>","Corner, Creta Sacra, voi. 2, 249-50;",0,1
3975,58e4ce00fe7683152b561053,595f9ef1fe7683316b2dd875,"<Article: ""Errori e incompletezze nelle liste dei vescovi latini a Creta di Flaminio Corner"" in ""Ateneo veneto"", 18(None) 1980, internal_id=RAV0164473:1980_18:5>","FEDALTO, Hierarchia latina, Cala- monensis. 10CORNER, Creta sacra, II, pp. 149-159;",58e4ce01fe7683152b59fba1,595fa05efe7683316b2de41f,"<Article: ""Venetian Participation in the Crusade of Damietta"" in ""Studi veneziani"", 30(None) 1995, internal_id=LO10016101:1995_30:1>","Cor- ner, Creta Sacra, voi. 2, 3, 232;",0,1
21420,58e4ce00fe7683152b561053,595f9ef1fe7683316b2dd875,"<Article: ""Errori e incompletezze nelle liste dei vescovi latini a Creta di Flaminio Corner"" in ""Ateneo veneto"", 18(None) 1980, internal_id=RAV0164473:1980_18:5>","FEDALTO, Hierarchia latina, Cala- monensis. 10CORNER, Creta sacra, II, pp. 149-159;",58e4ce02fe7683152b5ab160,595fa072fe7683316b2de900,"<Article: ""«De tuto far dener»: gestion et rentabilité d’investissements, avidité patrimoniale, transmutation ‘agristocratique’ au sein du patriciat vénitien d’après la «Societas de Ca’ Cornario» et le partage de ses résultats (1330-1340/1360), son état liquidatif (1349) et l’exécution testamentaire de son patriarche-fondateur (1348-début XVII siècle)"" in ""Studi veneziani"", 65(None) 2012, internal_id=LO10016101:2012_65:2>","G. Fedalto, La Chiesa latina in Oriente [cité dorénavant Fedalto, Chiesa], vol. u, Hierarchia latina Orientis, Vérone, Maz- ziana, 20061 («Studi religiosi», 3), p. 145.",0,1
61706,58e4ce00fe7683152b561053,595f9ef1fe7683316b2dd875,"<Article: ""Errori e incompletezze nelle liste dei vescovi latini a Creta di Flaminio Corner"" in ""Ateneo veneto"", 18(None) 1980, internal_id=RAV0164473:1980_18:5>","FEDALTO, Hierarchia latina, Cala- monensis. 10CORNER, Creta sacra, II, pp. 149-159;",591463b2fb15c81221ce5dd3,595fa19bfe7683316b2dfcef,"<Article: ""Di tre illustri prelati Clodiensi segretari di Pontefici"" in ""Nuovo archivio veneto"", 20(None) 1900, internal_id=LO10016952:1900_20:8>","Cornaro Creta Sacra II p. 153,",0,1
62834,58e4ce00fe7683152b561053,595f9ef1fe7683316b2dd875,"<Article: ""Errori e incompletezze nelle liste dei vescovi latini a Creta di Flaminio Corner"" in ""Ateneo veneto"", 18(None) 1980, internal_id=RAV0164473:1980_18:5>","FEDALTO, Hierarchia latina, Cala- monensis. 10CORNER, Creta sacra, II, pp. 149-159;",591463b2fb15c81221ce7775,595fa1cafe7683316b2dffdc,"<Article: ""Di alcune relazioni tra la Repubblica di Venezia eia Santa Sede ai tempi di Urbano V. e di Gregorio XI. (1367-1378) "" in ""Nuovo archivio veneto"", 9(None) 1905, internal_id=LO10016952:1905_9:15>","ed. da Cornelio Flaminio ( Creta Sacra), l’importante lavoro del Gerland Das Archiv des Herzogs von Kandia in K. Staatsarchiv f u Venedig Strassburg, Trlibner, 1899, e quello molto sintetico dello stesso autore Kreta als venelianisclie Kolonie (1204-1669) in Historisches Jahrbuch XX (1899), 1-24.",0,1
76505,58e4ce00fe7683152b561053,595f9ef1fe7683316b2dd875,"<Article: ""Errori e incompletezze nelle liste dei vescovi latini a Creta di Flaminio Corner"" in ""Ateneo veneto"", 18(None) 1980, internal_id=RAV0164473:1980_18:5>","FEDALTO, Hierarchia latina, Cala- monensis. 10CORNER, Creta sacra, II, pp. 149-159;",591463b2fb15c81221cf7967,595fa1e9fe7683316b2e01f7,"<Article: ""Marini Dott. Francesco — Luigi Marini segretario della Repubblica di Venezia nel secolo XVI"" in ""Nuovo archivio veneto"", 18(None) 1909, internal_id=LO10016952:1909_18:5>","Matteo Marini. Nella Creta Sacra lo storico delle Chiese Venete avea collocato fra gli Arcivescovi di Candía un Marco Marini al- Γ anno 1408, sulla base di una lapide ai tempi del Corner già scomparsa, ma raccolta dal Paifero, la quale il Secretario Luigi e suo fratello Marino aveano posto in S. Stefano di Murano nel 1530 al prozio prelato. Emanuele Cicogna a suo tempo avea fatto delle riserve sulla verità d’ essa epigrafe. Adesso il dot- tor Marini colla scorta di documenti indiscutibili e di argomenti attinti allo stesso Corner, corregge il nome Marco in Matteo e ci apprende che non Cretae Archiepiscopi ma Cretae Arch, (e cioè Archadìae od",0,1
83096,58e4ce00fe7683152b561053,595f9ef1fe7683316b2dd875,"<Article: ""Errori e incompletezze nelle liste dei vescovi latini a Creta di Flaminio Corner"" in ""Ateneo veneto"", 18(None) 1980, internal_id=RAV0164473:1980_18:5>","FEDALTO, Hierarchia latina, Cala- monensis. 10CORNER, Creta sacra, II, pp. 149-159;",591463b2fb15c81221d0001f,595fa20afe7683316b2e037c,"<Article: ""Ancora di Giason del Maino desiderato all'Università di Padova"" in ""Nuovo archivio veneto"", 23(None) 1912, internal_id=LO10016952:1912_23:22>","Cornelius, Creta sacra, Venetiis, 1755, voi. II., p. 404",0,1
97356,58e4ce00fe7683152b561053,595f9ef1fe7683316b2dd875,"<Article: ""Errori e incompletezze nelle liste dei vescovi latini a Creta di Flaminio Corner"" in ""Ateneo veneto"", 18(None) 1980, internal_id=RAV0164473:1980_18:5>","FEDALTO, Hierarchia latina, Cala- monensis. 10CORNER, Creta sacra, II, pp. 149-159;",5919e9663dde944752f58378,595f9d2ffe7683316b2dc624,"<Book: 2: Dal 1517 alla fine della Repubblica,  UTET, , 1992, ISBN: 88-02-04498-8>","F. Corner, Creta sacra sive de episcopis utriusque ritus graeci et latini in insula Cretae..., 2 voll., Pasquali, Venezia 1755;",0,1
10260,58e4ce00fe7683152b561053,595f9ef1fe7683316b2dd875,"<Article: ""Errori e incompletezze nelle liste dei vescovi latini a Creta di Flaminio Corner"" in ""Ateneo veneto"", 18(None) 1980, internal_id=RAV0164473:1980_18:5>","FEDALTO, Hierarchia latina, Cala- monensis. 10CORNER, Creta sacra, II, pp. 149-159;",5919e9663dde944752f61cd9,595f9d38fe7683316b2dc680,"<Book: Veniceʼs Mediterranean colonies : architecture and urbanism,  Cambridge university press,, 2001, ISBN: 052178235X>","Corner, Creta sacra seu de episcopis utriusque ritus graeci et latini in insula Cretae, 2 vols. (Venice, 1755), 2: 5.",0,1
10383,58e4ce00fe7683152b561053,595f9ef1fe7683316b2dd875,"<Article: ""Errori e incompletezze nelle liste dei vescovi latini a Creta di Flaminio Corner"" in ""Ateneo veneto"", 18(None) 1980, internal_id=RAV0164473:1980_18:5>","FEDALTO, Hierarchia latina, Cala- monensis. 10CORNER, Creta sacra, II, pp. 149-159;",5919e9663dde944752f61ded,595f9d38fe7683316b2dc680,"<Book: Veniceʼs Mediterranean colonies : architecture and urbanism,  Cambridge university press,, 2001, ISBN: 052178235X>","Descriptio Insule Candie,  103, talks about St. Titus’s body being buried in Gortyna, and Corner, Creta sacra, 1: 194, mentions the translation of the relics to Chandax before the arrival of the Venetians. R. Pashley, Travels in Crete  (1837, Amsterdam anast., 1970), 175, recorded the medieval legends about the saint that circulated on Crete in his time; the body of the saint was never found after the capture of Gortys by the Muslims in the ninth century. 33Tsougarakis, Byzantine Crete, 118;",0,1
10402,58e4ce00fe7683152b561053,595f9ef1fe7683316b2dd875,"<Article: ""Errori e incompletezze nelle liste dei vescovi latini a Creta di Flaminio Corner"" in ""Ateneo veneto"", 18(None) 1980, internal_id=RAV0164473:1980_18:5>","FEDALTO, Hierarchia latina, Cala- monensis. 10CORNER, Creta sacra, II, pp. 149-159;",5919e9663dde944752f61e08,595f9d38fe7683316b2dc680,"<Book: Veniceʼs Mediterranean colonies : architecture and urbanism,  Cambridge university press,, 2001, ISBN: 052178235X>","Corner, Creta sacra seu cie episcopis utriusque ritus graeci et latini in insula Cretae, 2 vols. (Venice, 1755),",0,1
10472,58e4ce00fe7683152b561053,595f9ef1fe7683316b2dd875,"<Article: ""Errori e incompletezze nelle liste dei vescovi latini a Creta di Flaminio Corner"" in ""Ateneo veneto"", 18(None) 1980, internal_id=RAV0164473:1980_18:5>","FEDALTO, Hierarchia latina, Cala- monensis. 10CORNER, Creta sacra, II, pp. 149-159;",5919e9663dde944752f61e9a,595f9d38fe7683316b2dc680,"<Book: Veniceʼs Mediterranean colonies : architecture and urbanism,  Cambridge university press,, 2001, ISBN: 052178235X>","Corner, Creta sacra, 2: 17— 19. 75The order received papal approval in 1249; cf. The Catholic Encyclopedia, 13:736.",0,1
10485,58e4ce00fe7683152b561053,595f9ef1fe7683316b2dd875,"<Article: ""Errori e incompletezze nelle liste dei vescovi latini a Creta di Flaminio Corner"" in ""Ateneo veneto"", 18(None) 1980, internal_id=RAV0164473:1980_18:5>","FEDALTO, Hierarchia latina, Cala- monensis. 10CORNER, Creta sacra, II, pp. 149-159;",5919e9663dde944752f61ebb,595f9d38fe7683316b2dc680,"<Book: Veniceʼs Mediterranean colonies : architecture and urbanism,  Cambridge university press,, 2001, ISBN: 052178235X>","Creta sacra, 2: 16 and 19. Nothing remains of Santa Lucia, but two localities in the city were known as Santa Maria and Santa Caterina at the beginning of the twentieth century so Gerola identified these places with the original location of the two churches. 101Moorman, Medieval Franciscan Houses,  306-7. 102Koder, Negroponte, 91.",0,1
10829,58e4ce00fe7683152b561053,595f9ef1fe7683316b2dd875,"<Article: ""Errori e incompletezze nelle liste dei vescovi latini a Creta di Flaminio Corner"" in ""Ateneo veneto"", 18(None) 1980, internal_id=RAV0164473:1980_18:5>","FEDALTO, Hierarchia latina, Cala- monensis. 10CORNER, Creta sacra, II, pp. 149-159;",5919e9663dde944752f62141,595f9d38fe7683316b2dc680,"<Book: Veniceʼs Mediterranean colonies : architecture and urbanism,  Cambridge university press,, 2001, ISBN: 052178235X>","Corner, Flaminio. Creta sacra seu de episcopis utriusque ritus graeci et latini in insula Cretae, 2 vols. Venice, 1755.",0,1
13514,58e4ce00fe7683152b561053,595f9ef1fe7683316b2dd875,"<Article: ""Errori e incompletezze nelle liste dei vescovi latini a Creta di Flaminio Corner"" in ""Ateneo veneto"", 18(None) 1980, internal_id=RAV0164473:1980_18:5>","FEDALTO, Hierarchia latina, Cala- monensis. 10CORNER, Creta sacra, II, pp. 149-159;",5919e9663dde944752f640f3,595f9d40fe7683316b2dc6ea,"<Book: Tempo novo : Venezia e il Quattrocento,  Marsilio,, 2006, ISBN: 88-317-7716-5>","F. Corner, Creta Sacra, Venezia 1755, i, p. 39.",0,1
13993,58e4ce00fe7683152b561053,595f9ef1fe7683316b2dd875,"<Article: ""Errori e incompletezze nelle liste dei vescovi latini a Creta di Flaminio Corner"" in ""Ateneo veneto"", 18(None) 1980, internal_id=RAV0164473:1980_18:5>","FEDALTO, Hierarchia latina, Cala- monensis. 10CORNER, Creta sacra, II, pp. 149-159;",5919e9663dde944752f6447c,595f9d40fe7683316b2dc6ea,"<Book: Tempo novo : Venezia e il Quattrocento,  Marsilio,, 2006, ISBN: 88-317-7716-5>","Corner, Creta Sacra, cit., n, Venezia 1755, pp. 86-89;",0,1
25083,58e4ce00fe7683152b561053,595f9ef1fe7683316b2dd875,"<Article: ""Errori e incompletezze nelle liste dei vescovi latini a Creta di Flaminio Corner"" in ""Ateneo veneto"", 18(None) 1980, internal_id=RAV0164473:1980_18:5>","FEDALTO, Hierarchia latina, Cala- monensis. 10CORNER, Creta sacra, II, pp. 149-159;",5919e9673dde944752f6d545,595f9d2efe7683316b2dc615,"<Book: Pier Paolo Vergerio e la riforma a Venezia, 1498-1549,  Il veltro,, 1988, ISBN: 88-85015-30-1>","F. Corner, Creta sacra sive de episcopis utriusque ritus graeci et latini in insula Cretae (Venezia, Giovanni Battista Pasquali, 1755), Π, 114-115;",0,1
25367,58e4ce00fe7683152b561053,595f9ef1fe7683316b2dd875,"<Article: ""Errori e incompletezze nelle liste dei vescovi latini a Creta di Flaminio Corner"" in ""Ateneo veneto"", 18(None) 1980, internal_id=RAV0164473:1980_18:5>","FEDALTO, Hierarchia latina, Cala- monensis. 10CORNER, Creta sacra, II, pp. 149-159;",5919e9673dde944752f6d8ec,595f9d2efe7683316b2dc615,"<Book: Pier Paolo Vergerio e la riforma a Venezia, 1498-1549,  Il veltro,, 1988, ISBN: 88-85015-30-1>","Corner, Flaminio. Creta sacra sive de episcopis utriusque ritus graeci et latini in insula Cretae. Venezia, Giovanni Battista Pasquali 1755. Cosenza, Mario Emilio. Biographical and Bibliographical Dictionary of the Italian Humanists and of the World of Classical Scholarship in Italy, 1300-1800. 2‘ ed. 5 voll. Boston, G.K. Hall 1962.",0,1
43913,58e4ce00fe7683152b561053,595f9ef1fe7683316b2dd875,"<Article: ""Errori e incompletezze nelle liste dei vescovi latini a Creta di Flaminio Corner"" in ""Ateneo veneto"", 18(None) 1980, internal_id=RAV0164473:1980_18:5>","FEDALTO, Hierarchia latina, Cala- monensis. 10CORNER, Creta sacra, II, pp. 149-159;",5919e96d3dde944752f7afbc,595f9d3cfe7683316b2dc6bb,"<Book: Politica e carriere ecclesiastiche nel secolo 17. : i vescovi veneti fra Roma e Venezia,  Il mulino,, 1993, ISBN: 88-15-03779-9>","F.Corner, Creta sacra sive de episcopis utriusque ritus Graeci et Latini in insula Cretae, I II, Venezia 1755.",0,1
58697,58e4ce00fe7683152b561053,595f9ef1fe7683316b2dd875,"<Article: ""Errori e incompletezze nelle liste dei vescovi latini a Creta di Flaminio Corner"" in ""Ateneo veneto"", 18(None) 1980, internal_id=RAV0164473:1980_18:5>","FEDALTO, Hierarchia latina, Cala- monensis. 10CORNER, Creta sacra, II, pp. 149-159;",59de7a1f48e232540c5c1bef,59dc7561fe76834059d44538,"<Book: Kirche, Politik und adelige Regierung in der Republik Venedig zu Beginn des 15. Jahrhunderts,  Vandenhoeck & Ruprecht,, 1996>","Corner, Creta sacra 2 S. 111 f.; vgl. Libri commemoriali 3 S. 332 (X 77).",0,1
58898,58e4ce00fe7683152b561053,595f9ef1fe7683316b2dd875,"<Article: ""Errori e incompletezze nelle liste dei vescovi latini a Creta di Flaminio Corner"" in ""Ateneo veneto"", 18(None) 1980, internal_id=RAV0164473:1980_18:5>","FEDALTO, Hierarchia latina, Cala- monensis. 10CORNER, Creta sacra, II, pp. 149-159;",59de7a1f48e232540c5c1efa,59dc7561fe76834059d44538,"<Book: Kirche, Politik und adelige Regierung in der Republik Venedig zu Beginn des 15. Jahrhunderts,  Vandenhoeck & Ruprecht,, 1996>","Flaminius Cornelius, Creta sacra 2, Venetiis 1755, S. 111—113;",0,1
59043,58e4ce00fe7683152b561053,595f9ef1fe7683316b2dd875,"<Article: ""Errori e incompletezze nelle liste dei vescovi latini a Creta di Flaminio Corner"" in ""Ateneo veneto"", 18(None) 1980, internal_id=RAV0164473:1980_18:5>","FEDALTO, Hierarchia latina, Cala- monensis. 10CORNER, Creta sacra, II, pp. 149-159;",59de7a1f48e232540c5c2130,59dc7561fe76834059d44538,"<Book: Kirche, Politik und adelige Regierung in der Republik Venedig zu Beginn des 15. Jahrhunderts,  Vandenhoeck & Ruprecht,, 1996>","Druck: Corner, Creta sacra 2 S. 367f.; vgl. Libri commemoriali 3 S. 345 (X 108);",0,1
85956,58e4ce00fe7683152b561053,595f9ef1fe7683316b2dd875,"<Article: ""Errori e incompletezze nelle liste dei vescovi latini a Creta di Flaminio Corner"" in ""Ateneo veneto"", 18(None) 1980, internal_id=RAV0164473:1980_18:5>","FEDALTO, Hierarchia latina, Cala- monensis. 10CORNER, Creta sacra, II, pp. 149-159;",59de7a2048e232540c5d6e7b,59dc75abfe76834059d44807,"<Book: Atlante della Messenia veneziana : Corone, Modone, Pilos e le loro isole,  Meduproject,, 2011, ISBN: 978-88-7586-301-2>","Comer, Creta sacra, I, Venetiis 1755, pp. 182-187",0,1
85988,58e4ce00fe7683152b561053,595f9ef1fe7683316b2dd875,"<Article: ""Errori e incompletezze nelle liste dei vescovi latini a Creta di Flaminio Corner"" in ""Ateneo veneto"", 18(None) 1980, internal_id=RAV0164473:1980_18:5>","FEDALTO, Hierarchia latina, Cala- monensis. 10CORNER, Creta sacra, II, pp. 149-159;",59de7a2048e232540c5d6fcd,59dc75abfe76834059d44807,"<Book: Atlante della Messenia veneziana : Corone, Modone, Pilos e le loro isole,  Meduproject,, 2011, ISBN: 978-88-7586-301-2>","by Comer, Creta sacra, I, Venetiis 1755, pp. 182-187",0,1
71264,58e4ce00fe7683152b561053,595f9ef1fe7683316b2dd875,"<Article: ""Errori e incompletezze nelle liste dei vescovi latini a Creta di Flaminio Corner"" in ""Ateneo veneto"", 18(None) 1980, internal_id=RAV0164473:1980_18:5>","FEDALTO, Hierarchia latina, Cala- monensis. 10CORNER, Creta sacra, II, pp. 149-159;",59df53d09be3c75c2e687bfd,59dc74c5fe768340301bea79,"<Book: Venezia centro di mediazione tra oriente e occidente : secoli 15.-16.,  L.S. Olschki,, 1977>","Fl. Corner, Creta sacra sive de episcopis utriusque ritus graeci et latini in insula Cretae, II, Venetiis 1755, pp. 384-89,",0,1
89546,58e4ce00fe7683152b561053,595f9ef1fe7683316b2dd875,"<Article: ""Errori e incompletezze nelle liste dei vescovi latini a Creta di Flaminio Corner"" in ""Ateneo veneto"", 18(None) 1980, internal_id=RAV0164473:1980_18:5>","FEDALTO, Hierarchia latina, Cala- monensis. 10CORNER, Creta sacra, II, pp. 149-159;",59df6ec59be3c75dd98bda43,595ff69afe7683557df6c02f,"<Book: Il dominio veneziano a Creta nel 13. secolo,  F. Fiorentino, stampa, 1963>","Cornelius, Creta Sacra, II, Venetiis, 1755, pp. 44-45)s.",0,1
121,58e4ce00fe7683152b561053,595f9ef1fe7683316b2dd875,"<Article: ""Errori e incompletezze nelle liste dei vescovi latini a Creta di Flaminio Corner"" in ""Ateneo veneto"", 18(None) 1980, internal_id=RAV0164473:1980_18:5>","FEDALTO, Hierarchia latina, Cala- monensis. 10CORNER, Creta sacra, II, pp. 149-159;",59df6ec59be3c75dd98c55a0,59dc75c7fe76834059d4490e,"<Book: Il notariato veneziano tra 10. e 15. secolo : atti del convegno di studi storici (Venezia 19-20 marzo 2010),  Arnaldo Forni,, 2013>","Deliberazioni del Maggior Consiglio di Venezia, [a cura di] R. Cessi, II, III, Bologna 1931-1934, voli. 2 Corner = Creta sacra ... authore Flaminio Cornelio, Venetiis 1755, typis Io. Baptistae Pasquali, voli. 2 Diplomatarium = Diplomatarium Veneto-Levantinum sive acta et diplomata res venetas, grecas atque Levantis illustrantia, [curante G.M. Thomas], I, a. 1300-1350, Venetiis 1880;",0,1
50377,58e4ce00fe7683152b561053,595f9ef1fe7683316b2dd875,"<Article: ""Errori e incompletezze nelle liste dei vescovi latini a Creta di Flaminio Corner"" in ""Ateneo veneto"", 18(None) 1980, internal_id=RAV0164473:1980_18:5>","FEDALTO, Hierarchia latina, Cala- monensis. 10CORNER, Creta sacra, II, pp. 149-159;",59e0adbbf98262071bfae181,5988466ac12c603098e24519,"<Book: Facciate sacre a scopo profano : Venezia e la politica dei monumenti dal Quattrocento al Settecento,  Istituto veneto di scienze, lettere ed arti,, 2002, ISBN: 88-88143-14-9>","Corner, Flaminio, Creta Sacra sive de Episcopio utriusque ritus graeci et latini in insula Cretae, 2 voll., Venetiis 1755.",0,1
56230,58e4ce00fe7683152b561053,595f9ef1fe7683316b2dd875,"<Article: ""Errori e incompletezze nelle liste dei vescovi latini a Creta di Flaminio Corner"" in ""Ateneo veneto"", 18(None) 1980, internal_id=RAV0164473:1980_18:5>","FEDALTO, Hierarchia latina, Cala- monensis. 10CORNER, Creta sacra, II, pp. 149-159;",59e0adbbf98262071bfb156c,59dc75b3fe76834059d44856,"<Book: Venise et la Méditerranée,  Istituto Veneto di Scienze Lettere ed Arti,, 2011, ISBN: 978-88-95996-26-4>","CHRYSSA MALTEZOU leurs écrits: Latin Greece, Frankish Greece, Romanie vénitienne, Romanie greco-vénitienne en sont des exemples caractéristiques. D’autre part, des titres tels que Creta sacra, Crète vénitienne Creta veneziana, Levante veneziano, font ressortir clairement le sentiment que la période de la domination vénitienne sur le sol grec fait partie intégrante de l’histoire de la métropole, Venise. Il ne faut pas non plus oublier que les sources vénitiennes qui servent d’outils pour l’étude de l’histoire des possessions vénitiennes en Grèce se classent dans le corps des sources tant de l’histoire vénitienne que de l’histoire grecque. Ainsi, par exemple, dans la série Fonti per la storia di Venezia qu’éditent les Vénitiens sont publiés les registres des notaires vénitiens qui exerçaient à Chandax aux XIIIe et XIV' siècles; dans l’édition de l’Académie d’Athènes intitulée Monuments de l’histoire grecque de Constantin Sathas figurent les décrets du Sénat et du Grand Conseil vénitiens se rapportant aux régions grecques sous domination vénitienne; enfin, dans le volume Monuments de l’histoire crétoise de Sterghios Spanakis sont publiés des documents provenant des Archives d’État de Venise, qui concernent la Crète durant la vénétocratie tardive. Les titres des ouvrages historiques dénotent ainsi de la manière la plus éloquente la façon dont l’historiographie grecque et étrangère envisagent l’histoire de la vénétocratie. La recherche a abordé jusqu’à présent la société de l’Orient greco-latin à travers des approches multiples, soutenues, au fil du temps, par divers courants historiographiques. Certains chercheurs ont examiné les faits historiques du point de vue des conquérants étrangers, d’autres de celui des autochtones conquis; d’aucuns ont suivi l’évolution des structures économiques et sociales, d’autres encore se sont occupés des relations entre le centre métropolitain et la périphérie, alors que d’autres enfin ont mis en évidence les différences religieuses qui séparaient les orthodoxes des catholiques. La recherche historique grecque contemporaine n’étudie plus la période à travers le modèle du conquérant vénitien et du grec conquis, mais à travers le phénomène de l’osmose des deux composantes ethniques, de zones de contact des deux communautés chrétiennes, de la culture fondée sur la fusion des traditions occidentale et byzantine, et de sa problématique. Cependant, indépendamment de l’approche parfois idéologique de son étude, la période de la vénétocratie renvoie clairement à un condominium greco-vénitien, et par conséquent à une partie de l’héritage européen plus général. D’ailleurs, d’après le juriste vénitien Gasparo Contarini, Venise avait entre-temps évolué en une capitale d’état fédéral. Ses possessions grecques",0,1
86164,58e4ce00fe7683152b561053,595f9ef1fe7683316b2dd875,"<Article: ""Errori e incompletezze nelle liste dei vescovi latini a Creta di Flaminio Corner"" in ""Ateneo veneto"", 18(None) 1980, internal_id=RAV0164473:1980_18:5>","FEDALTO, Hierarchia latina, Cala- monensis. 10CORNER, Creta sacra, II, pp. 149-159;",59e0adbcf98262071bfc6838,59dc75c7fe76834059d44908,"<Book: A companion to Venetian history, 1400-1797,  Brill,, 2013, ISBN: 9789004252516>","Corner, Creta Sacra, 2 vols (Venice, 1755), i:lxx-lxxviii.",0,1
86209,58e4ce00fe7683152b561053,595f9ef1fe7683316b2dd875,"<Article: ""Errori e incompletezze nelle liste dei vescovi latini a Creta di Flaminio Corner"" in ""Ateneo veneto"", 18(None) 1980, internal_id=RAV0164473:1980_18:5>","FEDALTO, Hierarchia latina, Cala- monensis. 10CORNER, Creta sacra, II, pp. 149-159;",59e0adbcf98262071bfc687d,59dc75c7fe76834059d44908,"<Book: A companion to Venetian history, 1400-1797,  Brill,, 2013, ISBN: 9789004252516>","for Crete, see Comer, Creta sacra, 2:30;",0,1
86593,58e4ce00fe7683152b561053,595f9ef1fe7683316b2dd875,"<Article: ""Errori e incompletezze nelle liste dei vescovi latini a Creta di Flaminio Corner"" in ""Ateneo veneto"", 18(None) 1980, internal_id=RAV0164473:1980_18:5>","FEDALTO, Hierarchia latina, Cala- monensis. 10CORNER, Creta sacra, II, pp. 149-159;",59e0adbcf98262071bfc6b1d,59dc75c7fe76834059d44908,"<Book: A companion to Venetian history, 1400-1797,  Brill,, 2013, ISBN: 9789004252516>","Comer, Flaminio, Creta Sacra. 2 vols (Venice, 1755).",0,1
48793,58e4ce00fe7683152b561053,595f9ef1fe7683316b2dd875,"<Article: ""Errori e incompletezze nelle liste dei vescovi latini a Creta di Flaminio Corner"" in ""Ateneo veneto"", 18(None) 1980, internal_id=RAV0164473:1980_18:5>","FEDALTO, Hierarchia latina, Cala- monensis. 10CORNER, Creta sacra, II, pp. 149-159;",59e23a538831616213400f8e,59dc749cfe768340301be8d1,"<Book: Una società coloniale del Trecento : Creta fra Venezia e Bisanzio,  Deputazione,, 1989>","F. Cornelius, Creta sacra seu de episcopis utriusque ritus graeci et latini in insula Cretae , Venetiis 1755, II, pp. 349, 392.",0,1
49134,58e4ce00fe7683152b561053,595f9ef1fe7683316b2dd875,"<Article: ""Errori e incompletezze nelle liste dei vescovi latini a Creta di Flaminio Corner"" in ""Ateneo veneto"", 18(None) 1980, internal_id=RAV0164473:1980_18:5>","FEDALTO, Hierarchia latina, Cala- monensis. 10CORNER, Creta sacra, II, pp. 149-159;",59e23a538831616213401348,59dc749cfe768340301be8d1,"<Book: Una società coloniale del Trecento : Creta fra Venezia e Bisanzio,  Deputazione,, 1989>","Cornelius F., Creta sacra seu de episcopis utriusque ritus graeci et latini in insula Cretae, Venedis 1755.",0,1
64271,58e4ce00fe7683152b561053,595f9ef1fe7683316b2dd875,"<Article: ""Errori e incompletezze nelle liste dei vescovi latini a Creta di Flaminio Corner"" in ""Ateneo veneto"", 18(None) 1980, internal_id=RAV0164473:1980_18:5>","FEDALTO, Hierarchia latina, Cala- monensis. 10CORNER, Creta sacra, II, pp. 149-159;",59e23a53883161621340c6e8,596150c2fe768304f165a0cb,"<Book: I greci a Venezia : atti del convegno internazionale di studio, Venezia 5 -7 novembre 1998,  Istituto Veneto di scienze, lettere ed arti,, 2002, ISBN: 88-88143-07-6>","F. Corner, Creta sacra, Venetiis 1755, II, p. 395).",0,1
69055,58e4ce00fe7683152b561053,595f9ef1fe7683316b2dd875,"<Article: ""Errori e incompletezze nelle liste dei vescovi latini a Creta di Flaminio Corner"" in ""Ateneo veneto"", 18(None) 1980, internal_id=RAV0164473:1980_18:5>","FEDALTO, Hierarchia latina, Cala- monensis. 10CORNER, Creta sacra, II, pp. 149-159;",59e23a54883161621340fee8,5960022cfe76835616f6c093,"<Book: Il diritto coloniale veneziano e le sue basi economiche,  Anonima romana editoriale,, 1933>","Corner F., Creta sacra, Venezia, 1755.",0,1
7133,58e4ce00fe7683152b561053,595f9ef1fe7683316b2dd875,"<Article: ""Errori e incompletezze nelle liste dei vescovi latini a Creta di Flaminio Corner"" in ""Ateneo veneto"", 18(None) 1980, internal_id=RAV0164473:1980_18:5>","FEDALTO, Hierarchia latina, Cala- monensis. 10CORNER, Creta sacra, II, pp. 149-159;",59e23a54883161621342d1c7,5985dd2ec12c60d44fcec815,"<Book: Venezia nel Medioevo : dal secolo 11. al secolo 14.,  UTET libreria,, 1986, ISBN: 88-7750-188-X>","G. Fedalto, La Chiesa latina in Oriente, II, Hierarchia Latina Orientis, Casa Editrice Mazziana, Verona .1976, pp. 90, 104-105;",0,1
33593,58e4ce00fe7683152b561053,595f9ef1fe7683316b2dd875,"<Article: ""Errori e incompletezze nelle liste dei vescovi latini a Creta di Flaminio Corner"" in ""Ateneo veneto"", 18(None) 1980, internal_id=RAV0164473:1980_18:5>","FEDALTO, Hierarchia latina, Cala- monensis. 10CORNER, Creta sacra, II, pp. 149-159;",59e23a588831616213440a3c,59dc7515fe76834059d44245,"<Book: Deliberations des Assemblees venitiennes concernant la Romanie,  Mouton,, 1966>","Corner, Creta sacra seu de episcopis utrius-que ritus graeci et latini in insula Cretae, Venise, 4 vol., 1755.",0,1
33775,58e4ce00fe7683152b561053,595f9ef1fe7683316b2dd875,"<Article: ""Errori e incompletezze nelle liste dei vescovi latini a Creta di Flaminio Corner"" in ""Ateneo veneto"", 18(None) 1980, internal_id=RAV0164473:1980_18:5>","FEDALTO, Hierarchia latina, Cala- monensis. 10CORNER, Creta sacra, II, pp. 149-159;",59e23a588831616213441121,59dc7515fe76834059d44245,"<Book: Deliberations des Assemblees venitiennes concernant la Romanie,  Mouton,, 1966>","F. Corner, Creta Sacra, II, pp. 105-121.",0,1
39848,58e4ce00fe7683152b561053,595f9ef1fe7683316b2dd875,"<Article: ""Errori e incompletezze nelle liste dei vescovi latini a Creta di Flaminio Corner"" in ""Ateneo veneto"", 18(None) 1980, internal_id=RAV0164473:1980_18:5>","FEDALTO, Hierarchia latina, Cala- monensis. 10CORNER, Creta sacra, II, pp. 149-159;",59e23a588831616213445e06,59dc7540fe76834059d443fd,"<Book: Storia documentata di Venezia,  Libreria Filippi, stampa, 1973>",Corner: Creta sacra. (77)Circa agli obblighi dei Coloni divisi in Cavallerie e Sergenterie,0,1
39857,58e4ce00fe7683152b561053,595f9ef1fe7683316b2dd875,"<Article: ""Errori e incompletezze nelle liste dei vescovi latini a Creta di Flaminio Corner"" in ""Ateneo veneto"", 18(None) 1980, internal_id=RAV0164473:1980_18:5>","FEDALTO, Hierarchia latina, Cala- monensis. 10CORNER, Creta sacra, II, pp. 149-159;",59e23a588831616213445e48,59dc7540fe76834059d443fd,"<Book: Storia documentata di Venezia,  Libreria Filippi, stampa, 1973>","Comer. Creta Sacra II, 251 e le varie",0,1
39860,58e4ce00fe7683152b561053,595f9ef1fe7683316b2dd875,"<Article: ""Errori e incompletezze nelle liste dei vescovi latini a Creta di Flaminio Corner"" in ""Ateneo veneto"", 18(None) 1980, internal_id=RAV0164473:1980_18:5>","FEDALTO, Hierarchia latina, Cala- monensis. 10CORNER, Creta sacra, II, pp. 149-159;",59e23a588831616213445e62,59dc7540fe76834059d443fd,"<Book: Storia documentata di Venezia,  Libreria Filippi, stampa, 1973>","Corner, Creta sacra. Dandolo. FI. Corner. Paolo Morosini, 1. VII. Docum, in FI. Corner, p. 265 e 267.",0,1
39873,58e4ce00fe7683152b561053,595f9ef1fe7683316b2dd875,"<Article: ""Errori e incompletezze nelle liste dei vescovi latini a Creta di Flaminio Corner"" in ""Ateneo veneto"", 18(None) 1980, internal_id=RAV0164473:1980_18:5>","FEDALTO, Hierarchia latina, Cala- monensis. 10CORNER, Creta sacra, II, pp. 149-159;",59e23a588831616213445ed7,59dc7540fe76834059d443fd,"<Book: Storia documentata di Venezia,  Libreria Filippi, stampa, 1973>","Corner, Creta sacra, doc. a p. 274.",0,1
39901,58e4ce00fe7683152b561053,595f9ef1fe7683316b2dd875,"<Article: ""Errori e incompletezze nelle liste dei vescovi latini a Creta di Flaminio Corner"" in ""Ateneo veneto"", 18(None) 1980, internal_id=RAV0164473:1980_18:5>","FEDALTO, Hierarchia latina, Cala- monensis. 10CORNER, Creta sacra, II, pp. 149-159;",59e23a588831616213445f6e,59dc7540fe76834059d443fd,"<Book: Storia documentata di Venezia,  Libreria Filippi, stampa, 1973>","Comer, Creta Sacra. (46)Comer,",0,1
67569,58e4ce00fe7683152b561053,595f9ef1fe7683316b2dd875,"<Article: ""Errori e incompletezze nelle liste dei vescovi latini a Creta di Flaminio Corner"" in ""Ateneo veneto"", 18(None) 1980, internal_id=RAV0164473:1980_18:5>","FEDALTO, Hierarchia latina, Cala- monensis. 10CORNER, Creta sacra, II, pp. 149-159;",59e23a59883161621345a535,5960c52cfe768369850e83c5,"<Book: Venice & antiquity : the Venetian sense of the past,  Yale University press, , 1996, ISBN: 0300067003>","Comer, Creta sacra, 1,  47 - 119· 43See, in particular, Ashmole, “Cyriac of Ancona,” 25-41; Bodnar, Cyriacus of Ancona and Athens; Mitchell, “Archaeology and Romance,”",0,1
68311,58e4ce00fe7683152b561053,595f9ef1fe7683316b2dd875,"<Article: ""Errori e incompletezze nelle liste dei vescovi latini a Creta di Flaminio Corner"" in ""Ateneo veneto"", 18(None) 1980, internal_id=RAV0164473:1980_18:5>","FEDALTO, Hierarchia latina, Cala- monensis. 10CORNER, Creta sacra, II, pp. 149-159;",59e23a59883161621345aac7,5960c52cfe768369850e83c5,"<Book: Venice & antiquity : the Venetian sense of the past,  Yale University press, , 1996, ISBN: 0300067003>","Contarmi, Pietro, L’Argoa volgar, Venice c.1542 Corbett, Margery, “The Architectural Title-Page: an attempt to trace its development from its Humanist origins up to the sixteenth and seventeenth centuries, the heyday of the complex engraved tide-page,” Motif xn, 1964, 49-62 Corner, Flaminio, Creta sacra, 2 vols., Venice 1755  La coscienza cittadina nei comuni italiani del Duecento, Convegni del Centro di Studi sulla Spiritualità Medievale xi (11—14 Ottobre 1970), Todi, 1972",0,1
69570,58e4ce00fe7683152b561053,595f9ef1fe7683316b2dd875,"<Article: ""Errori e incompletezze nelle liste dei vescovi latini a Creta di Flaminio Corner"" in ""Ateneo veneto"", 18(None) 1980, internal_id=RAV0164473:1980_18:5>","FEDALTO, Hierarchia latina, Cala- monensis. 10CORNER, Creta sacra, II, pp. 149-159;",59e23a59883161621345b731,5960bdb2fe768368f50e8373,"<Book: Saggi veneto-bizantini,  L. S. Olschki,, 1990, ISBN: 88-222-3774-9>","G. Fedalto, La Chiesa latina in Oriente. II, Hierarchia latina Orientis, Verona 1976, p. 133.",0,1
69918,58e4ce00fe7683152b561053,595f9ef1fe7683316b2dd875,"<Article: ""Errori e incompletezze nelle liste dei vescovi latini a Creta di Flaminio Corner"" in ""Ateneo veneto"", 18(None) 1980, internal_id=RAV0164473:1980_18:5>","FEDALTO, Hierarchia latina, Cala- monensis. 10CORNER, Creta sacra, II, pp. 149-159;",59e23a59883161621345ba56,5960bdb2fe768368f50e8373,"<Book: Saggi veneto-bizantini,  L. S. Olschki,, 1990, ISBN: 88-222-3774-9>","Fl. Cornelius, Creta sacra, Venetiis 1755, II, p. 59;",0,1
75167,58e4ce00fe7683152b561053,595f9ef1fe7683316b2dd875,"<Article: ""Errori e incompletezze nelle liste dei vescovi latini a Creta di Flaminio Corner"" in ""Ateneo veneto"", 18(None) 1980, internal_id=RAV0164473:1980_18:5>","FEDALTO, Hierarchia latina, Cala- monensis. 10CORNER, Creta sacra, II, pp. 149-159;",59e23a59883161621345fb42,59dc74bffe768340301bea3b,"<Book: Recherches sur la Mediterranee orientale du 12. au 15. siecle : peuples, societe, economies,  Variorum reprints,, 1979, ISBN: 0860780503>","Fl. Corner, Creta sacra sive de episcopis utriusque ritus graeci et latini in insula Cretae, II, Venetiis 1755, pp. 384-89,",0,1
37384,58e4ce00fe7683152b561053,595f9ef1fe7683316b2dd875,"<Article: ""Errori e incompletezze nelle liste dei vescovi latini a Creta di Flaminio Corner"" in ""Ateneo veneto"", 18(None) 1980, internal_id=RAV0164473:1980_18:5>","FEDALTO, Hierarchia latina, Cala- monensis. 10CORNER, Creta sacra, II, pp. 149-159;",59e2c5a988316171ebb93612,5960c542fe7683697b0e83e5,"<Book: Venezia e Creta : atti del Convegno internazionale di studi, Iraklion-Chanià, 30 settembre-5 ottobre 1997,  Istituto veneto di scienze, lettere ed arti,, 1998, ISBN: 88-86166-69-9>","Cornelius, Creta sacra, Venetiis, typis Io. Baptistae Pasquali, 1755, anastatica 1971, voli. 2,",0,1
37824,58e4ce00fe7683152b561053,595f9ef1fe7683316b2dd875,"<Article: ""Errori e incompletezze nelle liste dei vescovi latini a Creta di Flaminio Corner"" in ""Ateneo veneto"", 18(None) 1980, internal_id=RAV0164473:1980_18:5>","FEDALTO, Hierarchia latina, Cala- monensis. 10CORNER, Creta sacra, II, pp. 149-159;",59e2c5a988316171ebb93a3f,5960c542fe7683697b0e83e5,"<Book: Venezia e Creta : atti del Convegno internazionale di studi, Iraklion-Chanià, 30 settembre-5 ottobre 1997,  Istituto veneto di scienze, lettere ed arti,, 1998, ISBN: 88-86166-69-9>","Flaminius, Creta sacra, Venezia 1755.",0,1
76356,58e4ce00fe7683152b561053,595f9ef1fe7683316b2dd875,"<Article: ""Errori e incompletezze nelle liste dei vescovi latini a Creta di Flaminio Corner"" in ""Ateneo veneto"", 18(None) 1980, internal_id=RAV0164473:1980_18:5>","FEDALTO, Hierarchia latina, Cala- monensis. 10CORNER, Creta sacra, II, pp. 149-159;",59e2c5a988316171ebbb0def,595ff6d7fe7683557df6c05e,"<Book: La Romanie vénitienne au Moyen âge : le développement et l'exploitation du domaine colonial vénitien, (12.-15. siècles),  E. De Boccard,, 1959>","Corner, Creta sacra : Flaminio Corner, Creta sacra seu de episcopis utriusque ritus graeci et latini in insula Cretae, Venise, 4 vol., 1755.",0,1
76552,58e4ce00fe7683152b561053,595f9ef1fe7683316b2dd875,"<Article: ""Errori e incompletezze nelle liste dei vescovi latini a Creta di Flaminio Corner"" in ""Ateneo veneto"", 18(None) 1980, internal_id=RAV0164473:1980_18:5>","FEDALTO, Hierarchia latina, Cala- monensis. 10CORNER, Creta sacra, II, pp. 149-159;",59e2c5a988316171ebbb0fda,595ff6d7fe7683557df6c05e,"<Book: La Romanie vénitienne au Moyen âge : le développement et l'exploitation du domaine colonial vénitien, (12.-15. siècles),  E. De Boccard,, 1959>","F. Corner,  Creta sacra, II, 359.",0,1
76748,58e4ce00fe7683152b561053,595f9ef1fe7683316b2dd875,"<Article: ""Errori e incompletezze nelle liste dei vescovi latini a Creta di Flaminio Corner"" in ""Ateneo veneto"", 18(None) 1980, internal_id=RAV0164473:1980_18:5>","FEDALTO, Hierarchia latina, Cala- monensis. 10CORNER, Creta sacra, II, pp. 149-159;",59e2c5a988316171ebbb126d,595ff6d7fe7683557df6c05e,"<Book: La Romanie vénitienne au Moyen âge : le développement et l'exploitation du domaine colonial vénitien, (12.-15. siècles),  E. De Boccard,, 1959>","Corner, Creta sacra, I, p. LXVII sqq.",0,1
57454,58e4ce00fe7683152b561053,595f9ef1fe7683316b2dd875,"<Article: ""Errori e incompletezze nelle liste dei vescovi latini a Creta di Flaminio Corner"" in ""Ateneo veneto"", 18(None) 1980, internal_id=RAV0164473:1980_18:5>","FEDALTO, Hierarchia latina, Cala- monensis. 10CORNER, Creta sacra, II, pp. 149-159;",59e332f68831617f5edeac15,59dc7523fe76834059d442d6,"<Book: The Venetian upper clergy in the 16th and early 17th centuries : a study in religious culture,  The Edwin Mellen press, , 1996, ISBN: 0773489274>","Flaminio Corner, Creta Sacra sive de episcopis J utriusque ritus Graeci et Latini in insula Cretae, 2 vols, ! Venice 1777;",0,1
97010,58e4ce00fe7683152b561053,595f9ef1fe7683316b2dd875,"<Article: ""Errori e incompletezze nelle liste dei vescovi latini a Creta di Flaminio Corner"" in ""Ateneo veneto"", 18(None) 1980, internal_id=RAV0164473:1980_18:5>","FEDALTO, Hierarchia latina, Cala- monensis. 10CORNER, Creta sacra, II, pp. 149-159;",59e332f88831617f5ee07d2f,59dc75aefe76834059d44823,"<Book: Stefano Bono notaio in Candia : 1303-1304,  Viella,, 2011, ISBN: 978-88-8334-667-5>","Cornelio [Corner], Creta sacra, Veneriis, Jo. Bapdsta Pasquali, 1755,11, pp. 306, 408-413,420-421,434-435.",0,1
97012,58e4ce00fe7683152b561053,595f9ef1fe7683316b2dd875,"<Article: ""Errori e incompletezze nelle liste dei vescovi latini a Creta di Flaminio Corner"" in ""Ateneo veneto"", 18(None) 1980, internal_id=RAV0164473:1980_18:5>","FEDALTO, Hierarchia latina, Cala- monensis. 10CORNER, Creta sacra, II, pp. 149-159;",59e332f88831617f5ee07d33,59dc75aefe76834059d44823,"<Book: Stefano Bono notaio in Candia : 1303-1304,  Viella,, 2011, ISBN: 978-88-8334-667-5>","Corner, Creta sacra, II, p. 307,",0,1
99877,58e4ce00fe7683152b561053,595f9ef1fe7683316b2dd875,"<Article: ""Errori e incompletezze nelle liste dei vescovi latini a Creta di Flaminio Corner"" in ""Ateneo veneto"", 18(None) 1980, internal_id=RAV0164473:1980_18:5>","FEDALTO, Hierarchia latina, Cala- monensis. 10CORNER, Creta sacra, II, pp. 149-159;",59e332f88831617f5ee0a653,59dc74a8fe768340301be94b,"<Book: Grado, Venezia, i Gradenigo : catalogo della mostra,  Biblioteca Nazionale Marciana, , 2001, ISBN: 88-8345-062-0>","Flaminio Corner, Creta sacra, sive de episcopis utriusque ritus Graeci et Latini in insula Cretae. Accedit series praesidurn venetorum inlustrata, Veneriis 1755 [Ristampa anastatica Modena 1971] Coronelli 1706",0,1
857,58e4ce00fe7683152b561053,595f9ef1fe7683316b2dd875,"<Article: ""Errori e incompletezze nelle liste dei vescovi latini a Creta di Flaminio Corner"" in ""Ateneo veneto"", 18(None) 1980, internal_id=RAV0164473:1980_18:5>","FEDALTO, Hierarchia latina, Cala- monensis. 10CORNER, Creta sacra, II, pp. 149-159;",59e332f88831617f5ee0adc0,59dc75d8fe76834059d449f1,"<Book: Quarta crociata : Venezia, Bisanzio, impero latino,  Istituto veneto di scienze, lettere ed arti,, 2006>","Corner, Creta sacra sive de episcopis utriusque ritus Graeci et Latini in insula Cretae, Venezia 1755, II, p. 237;",0,1
891,58e4ce00fe7683152b561053,595f9ef1fe7683316b2dd875,"<Article: ""Errori e incompletezze nelle liste dei vescovi latini a Creta di Flaminio Corner"" in ""Ateneo veneto"", 18(None) 1980, internal_id=RAV0164473:1980_18:5>","FEDALTO, Hierarchia latina, Cala- monensis. 10CORNER, Creta sacra, II, pp. 149-159;",59e332f88831617f5ee0adf3,59dc75d8fe76834059d449f1,"<Book: Quarta crociata : Venezia, Bisanzio, impero latino,  Istituto veneto di scienze, lettere ed arti,, 2006>","Il peut en avoir consulté le texte à Venise, mais il est après tout bien probable qu’une copie en ait aussi été disponible dans les archives de Candie. 178Le texte est parvenu en au moins deux versions, différant en quelques endroits: la première est éditée par Corner, Creta sacra, pp. 241-249;",0,1
74463,58e4ce00fe7683152b561053,595f9ef1fe7683316b2dd875,"<Article: ""Errori e incompletezze nelle liste dei vescovi latini a Creta di Flaminio Corner"" in ""Ateneo veneto"", 18(None) 1980, internal_id=RAV0164473:1980_18:5>","FEDALTO, Hierarchia latina, Cala- monensis. 10CORNER, Creta sacra, II, pp. 149-159;",59e332fa8831617f5ee3e057,59600202fe76835614f6c08d,"<Book: Viridarium floridum : studi di storia veneta offerti dagli allievi a Paolo Sambin,  Antenore,, 1984>","G. Fedalto, La Chiesa latina in Oriente. Il: Hierarchia latina Orientis, Verona 1976 (Studi religiosi, 3), 46, 164.",0,1
94336,58e4ce00fe7683152b561053,595f9ef1fe7683316b2dd875,"<Article: ""Errori e incompletezze nelle liste dei vescovi latini a Creta di Flaminio Corner"" in ""Ateneo veneto"", 18(None) 1980, internal_id=RAV0164473:1980_18:5>","FEDALTO, Hierarchia latina, Cala- monensis. 10CORNER, Creta sacra, II, pp. 149-159;",59e333078831617f5ee4d464,59dc74c9fe768340301beaa7,"<Book: Deliberations des Assemblees venitiennes concernant la Romanie,  Mouton,, 1971>","Corner, Creta sacra, Flaminio Corner, Creta sacra seu de episcopis utriusque ritus graeci et latini in insula Cretae, Venise, 4 vol., 1755.",0,1
6645,58e4ce00fe7683152b561053,595f9ef1fe7683316b2dd875,"<Article: ""Errori e incompletezze nelle liste dei vescovi latini a Creta di Flaminio Corner"" in ""Ateneo veneto"", 18(None) 1980, internal_id=RAV0164473:1980_18:5>","FEDALTO, Hierarchia latina, Cala- monensis. 10CORNER, Creta sacra, II, pp. 149-159;",59e333078831617f5ee57566,59884469c12c602e9ae24508,"<Book: Interstizi : culture ebraico-cristiane a Venezia e nei suoi domini dal Medioevo all'età moderna,  Edizioni di storia e letteratura,, 2010, ISBN: 978-88-6372-154-6>","Cornelio (Corner), Creta Sacra sive de episcopis utriusque ritus graeci et Latini in insula Cretae, Venetiis 1755, II, pp. 382-383.",0,1
6775,58e4ce00fe7683152b561053,595f9ef1fe7683316b2dd875,"<Article: ""Errori e incompletezze nelle liste dei vescovi latini a Creta di Flaminio Corner"" in ""Ateneo veneto"", 18(None) 1980, internal_id=RAV0164473:1980_18:5>","FEDALTO, Hierarchia latina, Cala- monensis. 10CORNER, Creta sacra, II, pp. 149-159;",59e333078831617f5ee576a0,59884469c12c602e9ae24508,"<Book: Interstizi : culture ebraico-cristiane a Venezia e nei suoi domini dal Medioevo all'età moderna,  Edizioni di storia e letteratura,, 2010, ISBN: 978-88-6372-154-6>","Flaminio Corner, Creta sacra, Venice 1755, pp. 353-354.",0,1
14755,58e4ce00fe7683152b561053,595f9ef1fe7683316b2dd875,"<Article: ""Errori e incompletezze nelle liste dei vescovi latini a Creta di Flaminio Corner"" in ""Ateneo veneto"", 18(None) 1980, internal_id=RAV0164473:1980_18:5>","FEDALTO, Hierarchia latina, Cala- monensis. 10CORNER, Creta sacra, II, pp. 149-159;",59e333078831617f5ee5cb84,595fb3c9fe76834ac4f6c02b,"<Book: Le nove congregazioni del clero di Venezia, sec. 11.-15. : ricerche storiche, matricole e documenti vari,  Antenore,, 1984>","X14. Antonio Zio, Domenico di Aleppo e Paolo Borgasio sono citati in G. Fedaxto, La Chiesa latina in Oriente, 11, Hierarchia latina Orientis, Verona 1976, pp. 64, 81, 180.",0,1
15658,58e4ce00fe7683152b561053,595f9ef1fe7683316b2dd875,"<Article: ""Errori e incompletezze nelle liste dei vescovi latini a Creta di Flaminio Corner"" in ""Ateneo veneto"", 18(None) 1980, internal_id=RAV0164473:1980_18:5>","FEDALTO, Hierarchia latina, Cala- monensis. 10CORNER, Creta sacra, II, pp. 149-159;",59e333078831617f5ee5d92a,59dc7516fe76834059d4425c,"<Book: Venezia e il Levante fino al secolo 15 : [atti del 1. Convegno internazionale di storia della civiltà veneziana promosso e organizzato dalla fondazione Giorgio Cini, Venezia 1-5 giugno 1968],  L. S. Olschki,, 1974>","F. Cornelius, Creta sacra sive de episcopis utriusque ritus, graeci et latini, in insula Cretae, vol. 1-2, Venedis 1755.",0,1
56219,58e4ce00fe7683152b561053,595f9ef1fe7683316b2dd875,"<Article: ""Errori e incompletezze nelle liste dei vescovi latini a Creta di Flaminio Corner"" in ""Ateneo veneto"", 18(None) 1980, internal_id=RAV0164473:1980_18:5>","FEDALTO, Hierarchia latina, Cala- monensis. 10CORNER, Creta sacra, II, pp. 149-159;",59e333088831617f5ee7d42a,5960c537fe7683697f0e83d7,"<Book: Creta veneziana : l'Istituto veneto e la missione cretese di Giuseppe Gerola,  Istituto veneto di scienze, lettere ed arti,, 1988>","Flaminius, Creta Sacra, sive de Episcopio utriusque ritus Graeci et Latini in insula Cretae, Venetiis 1755;",0,1
73946,58e4ce00fe7683152b561053,595f9ef1fe7683316b2dd875,"<Article: ""Errori e incompletezze nelle liste dei vescovi latini a Creta di Flaminio Corner"" in ""Ateneo veneto"", 18(None) 1980, internal_id=RAV0164473:1980_18:5>","FEDALTO, Hierarchia latina, Cala- monensis. 10CORNER, Creta sacra, II, pp. 149-159;",59e333088831617f5ee8b35c,5964a2eafe76833e3dc8a7c4,"<Book: Ad profectum patrie : la proprietà ecclesiastica veneziana in Romania dopo la 4. crociata,  nella sede dell'Istituto,, 2005, ISBN: 88-89190-13-2>","Sez. I. Archivi pubblici). Cristoforo Buondelmonti, Descriptio insule Crete et liber insularum. Cap. XI: Creta, edizione critica a cura di M. A. Van Spitael, Herakleion 1981. Flaminii Cornelii Creta sacra, sive de episcopis utriusque ritus graeci et latini in insula Cretae, Venetiis, Jo. Baptistae Pasquali, 1755.",0,1
25203,58e4ce00fe7683152b561053,595f9ef1fe7683316b2dd875,"<Article: ""Errori e incompletezze nelle liste dei vescovi latini a Creta di Flaminio Corner"" in ""Ateneo veneto"", 18(None) 1980, internal_id=RAV0164473:1980_18:5>","FEDALTO, Hierarchia latina, Cala- monensis. 10CORNER, Creta sacra, II, pp. 149-159;",59e333098831617f5eeb447e,59622abdfe768321522126d7,"<Book: Cultura religione e politica nell'età di Angelo Maria Querini : atti del Convegno di studi promosso dal Comune di Brescia in collaborazione con la Fondazione Giorgio Cini di Venezia,  Morcelliana, , 1982>","G. Fedalto, La chiesa latina in Oriente, II. Hierarchia latina Orientis, Verona 1976, pp. 93-95.",0,1
