,seed_ref_id,seed_doc_id,seed_doc,seed_surface,ref_id,doc_id,doc,surface,True,Hash
54,58e4ce00fe7683152b55e3a9,595f9e38fe7683316b2dd4b6,"<Article: ""La facciata dell'Ateneo e una opera ritrovata di Andrea dell'Aquila"" in ""Ateneo veneto"", 137(None) 1953, internal_id=RAV0164473:1953_137:8>","Thieme Becker, Künstler Lexikon», Lipsia, 1908, vol. II, pp. 49*50)",58e4ce00fe7683152b55e3a9,595f9e38fe7683316b2dd4b6,"<Article: ""La facciata dell'Ateneo e una opera ritrovata di Andrea dell'Aquila"" in ""Ateneo veneto"", 137(None) 1953, internal_id=RAV0164473:1953_137:8>","Thieme Becker, Künstler Lexikon», Lipsia, 1908, vol. II, pp. 49*50)",0,1
64840,58e4ce00fe7683152b55e3a9,595f9e38fe7683316b2dd4b6,"<Article: ""La facciata dell'Ateneo e una opera ritrovata di Andrea dell'Aquila"" in ""Ateneo veneto"", 137(None) 1953, internal_id=RAV0164473:1953_137:8>","Thieme Becker, Künstler Lexikon», Lipsia, 1908, vol. II, pp. 49*50)",58e4ce01fe7683152b5869ef,595fa050fe7683316b2de124,"<Article: ""Vetri veneziani da un naufragio in Dalmazia e da documenti dell’ultimo cinquecento"" in ""Studi veneziani"", 17-18(None) 1975, internal_id=LO10016101:1975_17-18:11>","U. Thieme, F. Becker, Allgemeines Lexicon der bildenden Künstler, Leipzig 1907, p. 182",0,1
65577,58e4ce00fe7683152b55e3a9,595f9e38fe7683316b2dd4b6,"<Article: ""La facciata dell'Ateneo e una opera ritrovata di Andrea dell'Aquila"" in ""Ateneo veneto"", 137(None) 1953, internal_id=RAV0164473:1953_137:8>","Thieme Becker, Künstler Lexikon», Lipsia, 1908, vol. II, pp. 49*50)",58e4ce01fe7683152b5872e8,595fa057fe7683316b2de2b4,"<Article: ""Ideologia massonica e sensibilità artistica nel Veneto settecentesco"" in ""Studi veneziani"", 16(None) 1988, internal_id=LO10016101:1988_16:6>","Rumor, Bertoni Scamozzi Ottavio , in U. Thieme-F. Becker, Allgemeines Lexikon der Bildenden Künstler..., Leipzig 1909, III, p. 511;",0,1
91487,58e4ce00fe7683152b55e3a9,595f9e38fe7683316b2dd4b6,"<Article: ""La facciata dell'Ateneo e una opera ritrovata di Andrea dell'Aquila"" in ""Ateneo veneto"", 137(None) 1953, internal_id=RAV0164473:1953_137:8>","Thieme Becker, Künstler Lexikon», Lipsia, 1908, vol. II, pp. 49*50)",58e4ce01fe7683152b597d99,595fa072fe7683316b2de8ce,"<Article: ""Francesco Gionima, Guido Cagnacci e quattro lettere perdute"" in ""Studi veneziani"", 63(None) 2011, internal_id=LO10016101:2011_63:12>","G. K. Nagler, Neues Allgemeines Künstler-Lexikon, Linz, 1905, p. 464;",0,1
91510,58e4ce00fe7683152b55e3a9,595f9e38fe7683316b2dd4b6,"<Article: ""La facciata dell'Ateneo e una opera ritrovata di Andrea dell'Aquila"" in ""Ateneo veneto"", 137(None) 1953, internal_id=RAV0164473:1953_137:8>","Thieme Becker, Künstler Lexikon», Lipsia, 1908, vol. II, pp. 49*50)",58e4ce01fe7683152b597dbc,595fa072fe7683316b2de8ce,"<Article: ""Francesco Gionima, Guido Cagnacci e quattro lettere perdute"" in ""Studi veneziani"", 63(None) 2011, internal_id=LO10016101:2011_63:12>","B. Murovec.J. Zapletalova, Gionima (Gionima; Yonima), Simone (voce di repertorio), in Allgemeines Künstler-Lexikon. Die Bildenden Künstler aller Zeiten und Völker, uv, München-Leipzig, 2007, pp. 408-409,",0,1
91548,58e4ce00fe7683152b55e3a9,595f9e38fe7683316b2dd4b6,"<Article: ""La facciata dell'Ateneo e una opera ritrovata di Andrea dell'Aquila"" in ""Ateneo veneto"", 137(None) 1953, internal_id=RAV0164473:1953_137:8>","Thieme Becker, Künstler Lexikon», Lipsia, 1908, vol. II, pp. 49*50)",58e4ce01fe7683152b597df6,595fa072fe7683316b2de8ce,"<Article: ""Francesco Gionima, Guido Cagnacci e quattro lettere perdute"" in ""Studi veneziani"", 63(None) 2011, internal_id=LO10016101:2011_63:12>","Ch. Martin, Gionima, Francesco (voce di repertorio), in Allgemeines Künstler-Lexikon. Die Bildenden Künstler aller Zeiten und Völker, liv, München-Leipzig, 2007, p. 408.",0,1
779,58e4ce00fe7683152b55e3a9,595f9e38fe7683316b2dd4b6,"<Article: ""La facciata dell'Ateneo e una opera ritrovata di Andrea dell'Aquila"" in ""Ateneo veneto"", 137(None) 1953, internal_id=RAV0164473:1953_137:8>","Thieme Becker, Künstler Lexikon», Lipsia, 1908, vol. II, pp. 49*50)",58e4ce01fe7683152b59dad5,595fa06bfe7683316b2de737,"<Article: ""Venezia 1444: la crociata dei fanciulli. La pala della chiesa di S. Pantalon e l’iconografia dei putti della Passione tra devozione, teologia e storia"" in ""Studi veneziani"", 52(None) 2006, internal_id=LO10016101:2006_52:15>","S. C. Martin, Comino (Comin), Francesco, in Saur Allgemeines Künstler Lexikon, München-Leipzig, K. G. Saur, 1998, B. 20, p. 451)",0,1
6000,58e4ce00fe7683152b55e3a9,595f9e38fe7683316b2dd4b6,"<Article: ""La facciata dell'Ateneo e una opera ritrovata di Andrea dell'Aquila"" in ""Ateneo veneto"", 137(None) 1953, internal_id=RAV0164473:1953_137:8>","Thieme Becker, Künstler Lexikon», Lipsia, 1908, vol. II, pp. 49*50)",58e4ce01fe7683152b5a0ed6,595fa069fe7683316b2de6c8,"<Article: ""Un pittore ‘reale’. Riflessioni su Louis Dorigny"" in ""Studi veneziani"", 50(None) 2005, internal_id=LO10016101:2005_50:5>","Gady, Nicolas Dorigny, in Allgemeines Künstler Lexikon, 29, München-Leipzig, 2001, pp. 72-73.",0,1
10121,58e4ce00fe7683152b55e3a9,595f9e38fe7683316b2dd4b6,"<Article: ""La facciata dell'Ateneo e una opera ritrovata di Andrea dell'Aquila"" in ""Ateneo veneto"", 137(None) 1953, internal_id=RAV0164473:1953_137:8>","Thieme Becker, Künstler Lexikon», Lipsia, 1908, vol. II, pp. 49*50)",58e4ce01fe7683152b5a376d,595fa063fe7683316b2de502,"<Article: ""«Per li rami» dei Belli"" in ""Studi veneziani"", 38(None) 1999, internal_id=LO10016101:1999_38:10>","Saur Allgemeines Künstler Lexikon, Leipzig, 1994, p. 473",0,1
10169,58e4ce00fe7683152b55e3a9,595f9e38fe7683316b2dd4b6,"<Article: ""La facciata dell'Ateneo e una opera ritrovata di Andrea dell'Aquila"" in ""Ateneo veneto"", 137(None) 1953, internal_id=RAV0164473:1953_137:8>","Thieme Becker, Künstler Lexikon», Lipsia, 1908, vol. II, pp. 49*50)",58e4ce01fe7683152b5a37ca,595fa063fe7683316b2de502,"<Article: ""«Per li rami» dei Belli"" in ""Studi veneziani"", 38(None) 1999, internal_id=LO10016101:1999_38:10>","Saur Allgemeines Künstler Lexikon, voi. Vili, Leipzig, 1994, p. 473.",0,1
29306,58e4ce00fe7683152b55e3a9,595f9e38fe7683316b2dd4b6,"<Article: ""La facciata dell'Ateneo e una opera ritrovata di Andrea dell'Aquila"" in ""Ateneo veneto"", 137(None) 1953, internal_id=RAV0164473:1953_137:8>","Thieme Becker, Künstler Lexikon», Lipsia, 1908, vol. II, pp. 49*50)",591463aefb15c81221c6de0c,0,,"Becker (F.), Allgemeines Lexikoìi der bildenden Künstler, von der Antike bis zur Gegenwart. — Leipzig, W. Engelmann, vol. I (1907),",0,1
38121,58e4ce00fe7683152b55e3a9,595f9e38fe7683316b2dd4b6,"<Article: ""La facciata dell'Ateneo e una opera ritrovata di Andrea dell'Aquila"" in ""Ateneo veneto"", 137(None) 1953, internal_id=RAV0164473:1953_137:8>","Thieme Becker, Künstler Lexikon», Lipsia, 1908, vol. II, pp. 49*50)",591463aefb15c81221c83cf9,0,,"Thieme H. P., Guide bibliogra- phique de la littérature française de 1800 a 1906",0,1
59161,58e4ce00fe7683152b55e3a9,595f9e38fe7683316b2dd4b6,"<Article: ""La facciata dell'Ateneo e una opera ritrovata di Andrea dell'Aquila"" in ""Ateneo veneto"", 137(None) 1953, internal_id=RAV0164473:1953_137:8>","Thieme Becker, Künstler Lexikon», Lipsia, 1908, vol. II, pp. 49*50)",591463b1fb15c81221ce2749,595fa25afe7683316b2e06d3,"<Article: ""Antonio Canova nella sua vita artistica privata (da un carteggio inedito)"" in ""Nuovo archivio veneto"", 35(None) 1918, internal_id=LO10016952:1918_35:7>","Thieme-Becker, Allgemeines Lexikon der Bildenden Künstler etc. Leipzig, Engelmann 1908.",0,1
76626,58e4ce00fe7683152b55e3a9,595f9e38fe7683316b2dd4b6,"<Article: ""La facciata dell'Ateneo e una opera ritrovata di Andrea dell'Aquila"" in ""Ateneo veneto"", 137(None) 1953, internal_id=RAV0164473:1953_137:8>","Thieme Becker, Künstler Lexikon», Lipsia, 1908, vol. II, pp. 49*50)",591463b2fb15c81221cf7c7f,0,,"U. Thieme u. F. Becker : Allgemeines Lexikon der bildenden Künstler. Leipzig, 1907, vol. I, pag. 130.",0,1
91212,58e4ce00fe7683152b55e3a9,595f9e38fe7683316b2dd4b6,"<Article: ""La facciata dell'Ateneo e una opera ritrovata di Andrea dell'Aquila"" in ""Ateneo veneto"", 137(None) 1953, internal_id=RAV0164473:1953_137:8>","Thieme Becker, Künstler Lexikon», Lipsia, 1908, vol. II, pp. 49*50)",5919e9663dde944752f53a86,595f9d2afe7683316b2dc5f1,"<Book: Cultura, scienze e tecniche nella Venezia del Cinquecento : atti del Convegno internazionale di studio Giovan Battista Benedetti e il suo tempo,  Istituto veneto di scienze lettere ed arti,, 1987>","THIEME-BECKER, Künstler-Lexikon ) and as a teacher of mathematics. Biographical details and a discussion of his mathematical work are given in R. FRANCI and L. TOTI RIG ATELLI, La Trattatistica Matematica del Rinascimento Senese, in «Atti dell’Accademia delle Scienze di Siena detta de’ Fisiocritici», serie XIV, 13 (1981), pp. 1-71.",0,1
19011,58e4ce00fe7683152b55e3a9,595f9e38fe7683316b2dd4b6,"<Article: ""La facciata dell'Ateneo e una opera ritrovata di Andrea dell'Aquila"" in ""Ateneo veneto"", 137(None) 1953, internal_id=RAV0164473:1953_137:8>","Thieme Becker, Künstler Lexikon», Lipsia, 1908, vol. II, pp. 49*50)",5919e9663dde944752f68224,595f9d29fe7683316b2dc5e7,"<Book: Contributi alla storia della Chiesa di Venezia,  Studium cattolico veneziano,, 1986>","U. Thieme-F. Becker-H. Vollmer, Allgemeines Lexikon der Bildenden Künstler, 1-XLin, Lipsia 1907-1956;",0,1
28355,58e4ce00fe7683152b55e3a9,595f9e38fe7683316b2dd4b6,"<Article: ""La facciata dell'Ateneo e una opera ritrovata di Andrea dell'Aquila"" in ""Ateneo veneto"", 137(None) 1953, internal_id=RAV0164473:1953_137:8>","Thieme Becker, Künstler Lexikon», Lipsia, 1908, vol. II, pp. 49*50)",5919e9673dde944752f6f7e0,595f9d26fe7683316b2dc5d7,"<Book: Giambattista and Lorenzo Bregno : Venetian sculpture in the High Renaissance,  Cambridge University Press,, 1991, ISBN: 0521384060>","Moschetti, Andrea. ""Bardi, Antonio di Giovanni Mi-nelli de',"" Allgemeines Lexikon der bildenden Künstler, ed. U. Thieme and F. Becker. Leipzig, ii, 1908, pp. 485-6",0,1
28380,58e4ce00fe7683152b55e3a9,595f9e38fe7683316b2dd4b6,"<Article: ""La facciata dell'Ateneo e una opera ritrovata di Andrea dell'Aquila"" in ""Ateneo veneto"", 137(None) 1953, internal_id=RAV0164473:1953_137:8>","Thieme Becker, Künstler Lexikon», Lipsia, 1908, vol. II, pp. 49*50)",5919e9673dde944752f6f7fe,595f9d26fe7683316b2dc5d7,"<Book: Giambattista and Lorenzo Bregno : Venetian sculpture in the High Renaissance,  Cambridge University Press,, 1991, ISBN: 0521384060>","Paoletti, Pietro. ""Bregno, Giovanni Battista di Roberto,"" Allgemeines Lexikon der bildenden Künstler, ed. U. Thieme and F. Becker. Leipzig, iv, 1910, pp. 569— 70",0,1
28381,58e4ce00fe7683152b55e3a9,595f9e38fe7683316b2dd4b6,"<Article: ""La facciata dell'Ateneo e una opera ritrovata di Andrea dell'Aquila"" in ""Ateneo veneto"", 137(None) 1953, internal_id=RAV0164473:1953_137:8>","Thieme Becker, Künstler Lexikon», Lipsia, 1908, vol. II, pp. 49*50)",5919e9673dde944752f6f7ff,595f9d26fe7683316b2dc5d7,"<Book: Giambattista and Lorenzo Bregno : Venetian sculpture in the High Renaissance,  Cambridge University Press,, 1991, ISBN: 0521384060>","Paoletti, Pietro. ""Bregno, Lorenzo di Roberto,"" Allgemeines Lexikon der bildenden Künstler, ed. U. Thieme and F. Becker. Leipzig, iv, 1910, pp. 570-1 Papadopoli, Nicolò.",0,1
92004,58e4ce00fe7683152b55e3a9,595f9e38fe7683316b2dd4b6,"<Article: ""La facciata dell'Ateneo e una opera ritrovata di Andrea dell'Aquila"" in ""Ateneo veneto"", 137(None) 1953, internal_id=RAV0164473:1953_137:8>","Thieme Becker, Künstler Lexikon», Lipsia, 1908, vol. II, pp. 49*50)",59de7a2048e232540c5ddb01,596007f0fe768356b1f6c040,"<Book: Da Tiziano a El Greco: per la storia del Manierismo a Venezia, 1540-1590 : Palazzo Ducale, settembre-dicembre 1981,  Electa,, 1981>","W. Schmidt, Battista Angeli del Moro, in Meyers Allgemeinem Künstler-Lexikon, vol. Il, Leipzig.",0,1
93958,58e4ce00fe7683152b55e3a9,595f9e38fe7683316b2dd4b6,"<Article: ""La facciata dell'Ateneo e una opera ritrovata di Andrea dell'Aquila"" in ""Ateneo veneto"", 137(None) 1953, internal_id=RAV0164473:1953_137:8>","Thieme Becker, Künstler Lexikon», Lipsia, 1908, vol. II, pp. 49*50)",59de7a2048e232540c5de995,59dc7571fe76834059d445e3,"<Book: Antonio Canova e il suo ambiente artistico fra Venezia, Roma e Parigi,  Istituto veneto di scienze, lettere ed arti,, 2000, ISBN: 88-86166-84-2>","diretta partecipazione un suo lavoro. Se dava la caccia ai fogli di Tiepolo, al contempo Canova ricercava disegni di artisti ai quali era legato in amicizia. Nel carteggio con Giacomo Quarenghi si possono rintracciare, dal 1803 al 1814, cenni a doni di disegni da parte dell’architetto bergamasco70. Ne conosciamo una quindi-33 cina, pervenuti al Museo di Bassano, sempre per lascito di monsignor Sartori71. Dispersi, invece, i numerosi disegni di Bartolomeo Pinelli, fra nero con il legato di Pietro Stecchini (1849), il quale, grazie al matrimonio con Antonietta Bianchi, nipote di Sartori, era entrato in possesso nel 1837 di un gruppo di opere d’arte dell’eredità Canova. Si ha notizia che nello studio romano di Canova erano presenti nel 1814 due Paesaggi di G.B. Bassi (per il quale si rinvia alla “voce” di C. Nicosia, in Saur Allgemaines Künstler-Lexikon, München-Leipzig 1993, pp. 404-405), mentre un documento conservato in AFCP può attestare l’ingresso in casa Canova di altri due dipinti: «Noi sottoscritti dichiariamo di aver venduto al Signor Cavalier Antonio Canova due quadri grandi uno dipinto dal Signor Berger, e l’altro dal Signor Dournon rappresentanti due fatti di Alessandro, e per i medesimi abbiamo ricevuto il prezzo di scudi cento cinquanta, della qual somma siamo pienamente contenti, e soddisfatti. In fede. Questo di 29 Marzo 1814.",0,1
16530,58e4ce00fe7683152b55e3a9,595f9e38fe7683316b2dd4b6,"<Article: ""La facciata dell'Ateneo e una opera ritrovata di Andrea dell'Aquila"" in ""Ateneo veneto"", 137(None) 1953, internal_id=RAV0164473:1953_137:8>","Thieme Becker, Künstler Lexikon», Lipsia, 1908, vol. II, pp. 49*50)",59de7a2148e232540c5f01e0,59dc74b2fe768340301be9be,"<Book: Antonio Zanchi e la pittura veneziana del Seicento,  Leo S. Olschki,, 1967>","Nagler G.K. : Neues allgemeines Künstler-Lexikon, München, 1851.",0,1
26027,58e4ce00fe7683152b55e3a9,595f9e38fe7683316b2dd4b6,"<Article: ""La facciata dell'Ateneo e una opera ritrovata di Andrea dell'Aquila"" in ""Ateneo veneto"", 137(None) 1953, internal_id=RAV0164473:1953_137:8>","Thieme Becker, Künstler Lexikon», Lipsia, 1908, vol. II, pp. 49*50)",59de7a3348e232540c5f7272,59883f60c12c6027cae2450a,"<Book: La quadreria di Agostino e Giovan Donato Correggio nel collezionismo veneziano del Seicento,  Forum,, 2000, ISBN: 88-8420-007-5>","D. Brême, Bourdon Sébastien, in Allgemeines Künstler Lexikon, 13, K.G. Saur München-Leipzig, pp. 366-368.",0,1
30358,58e4ce00fe7683152b55e3a9,595f9e38fe7683316b2dd4b6,"<Article: ""La facciata dell'Ateneo e una opera ritrovata di Andrea dell'Aquila"" in ""Ateneo veneto"", 137(None) 1953, internal_id=RAV0164473:1953_137:8>","Thieme Becker, Künstler Lexikon», Lipsia, 1908, vol. II, pp. 49*50)",59de7a3348e232540c5fb73a,59dc74a3fe768340301be921,"<Book: Le Procuratie Nuove in Piazza San Marco,  Editalia, \1994, 1994, ISBN: 88-7060-309-1>","1935 Pallucchini R., voce Vincenzo Scamozzi, in U. Thieme, F. Becker, Allgemeines Lexikon der Bildenden Künstler, Lipsia 1907-1950, vol. XXIX, pp. 524-527.",0,1
44457,58e4ce00fe7683152b55e3a9,595f9e38fe7683316b2dd4b6,"<Article: ""La facciata dell'Ateneo e una opera ritrovata di Andrea dell'Aquila"" in ""Ateneo veneto"", 137(None) 1953, internal_id=RAV0164473:1953_137:8>","Thieme Becker, Künstler Lexikon», Lipsia, 1908, vol. II, pp. 49*50)",59df53cf9be3c75c2e6739c4,59884863c12c603231e24505,"<Book: L'architettura gotica veneziana : atti del Convegno internazionale di studio, Venezia, 27-29 novembre 1996,  Istituto veneto di scienze, lettere ed arti,, 2000, ISBN: 88-86166-90-7>","P. Paoletti, Calendario Filippo, in U. Thieme-F. Becker, Künstler Lexikon, IV, Lepzig 1914, pp. 388.",0,1
49758,58e4ce00fe7683152b55e3a9,595f9e38fe7683316b2dd4b6,"<Article: ""La facciata dell'Ateneo e una opera ritrovata di Andrea dell'Aquila"" in ""Ateneo veneto"", 137(None) 1953, internal_id=RAV0164473:1953_137:8>","Thieme Becker, Künstler Lexikon», Lipsia, 1908, vol. II, pp. 49*50)",59df53cf9be3c75c2e6779cc,5988b0b7c12c6081371e58d7,"<Book: Santa Maria della Salute : architecture and ceremony in Baroque Venice,  Cambridge University Press,, 2000, ISBN: 0521652464>","Allgemeines Künstler-Lexikon, 1992-, χιιι, 1996,122-3. Roberto de Feo, ‘Le grandi lampade d’argento della Salute e di San Giorgio dei Greci disegnate d Giuseppe Borsata’, Contibuti per la storia dell’oreficeria e argentaria, 1,1996, 167-9.",0,1
52932,58e4ce00fe7683152b55e3a9,595f9e38fe7683316b2dd4b6,"<Article: ""La facciata dell'Ateneo e una opera ritrovata di Andrea dell'Aquila"" in ""Ateneo veneto"", 137(None) 1953, internal_id=RAV0164473:1953_137:8>","Thieme Becker, Künstler Lexikon», Lipsia, 1908, vol. II, pp. 49*50)",59df53cf9be3c75c2e679e79,59884626c12c603067e2451c,"<Book: Titian and the altarpiece in Renaissance Venice,  Cambridge university press,, 2000, ISBN: 0521640954>","U. Thieme and F. Becker, Allgemeines Lexikon der Bildenden Künstler von der Antike bis zur Gegenwart 3 (Leipzig, 1909), 390.",0,1
59904,58e4ce00fe7683152b55e3a9,595f9e38fe7683316b2dd4b6,"<Article: ""La facciata dell'Ateneo e una opera ritrovata di Andrea dell'Aquila"" in ""Ateneo veneto"", 137(None) 1953, internal_id=RAV0164473:1953_137:8>","Thieme Becker, Künstler Lexikon», Lipsia, 1908, vol. II, pp. 49*50)",59df53cf9be3c75c2e67f406,59dc7508fe76834059d441cd,"<Book: Il tesoro di San Marco,  Canal & Stamperia editrice, , 1994, ISBN: 88-86502-01-X>","B. Geiger, Maffeo Verona und seine Werke für die Markuskirche zu Venedig, edito a Berlino nel 1910, ci offre, senza sfruttarlo, il documento riguardante questa seconda copertura del verso della Pala d’oro, a p. 125. Si tratta di una notizia del 19 dicembre 1614, dell’esborso di 60 ducati, riguardante « quadri n. 13, uno del nostro Signor et altri delli 12 apostoli a oglio ». Si veda inoltre, per i dati intorno all’artista, la voce del Thieme-Becker, Künstler-Lexikon, vol. XXXIV, 1940, p. 290. 171 2.",0,1
76496,58e4ce00fe7683152b55e3a9,595f9e38fe7683316b2dd4b6,"<Article: ""La facciata dell'Ateneo e una opera ritrovata di Andrea dell'Aquila"" in ""Ateneo veneto"", 137(None) 1953, internal_id=RAV0164473:1953_137:8>","Thieme Becker, Künstler Lexikon», Lipsia, 1908, vol. II, pp. 49*50)",59df53d09be3c75c2e68b115,59f02ac0fe7683438bf3d52b,"<Book: Devozione e committenza : Bellini, Tiziano e i Frari, Venezia : Marsilio, 1991., 1991>","Creighton E. Gilbert, Some Findings on Early Works of Titian, in «Art Bulletin», udì, 1980, p. 53, η. 74. 69 È certo possibile che l’altare sia stato commissionato e innalzato entro il 1516, ma non vi sono indizi che fosse «in the works» prima di quella data. La cornice è stata attribuita a Lorenzo Bregno e al suo studio da Pietro Paoletti in Thieme-Becker, Allgemeines Lexikon der Bildenen Kuenstler, Lipsia 1910, voi. iv, p. 568.",0,1
6220,58e4ce00fe7683152b55e3a9,595f9e38fe7683316b2dd4b6,"<Article: ""La facciata dell'Ateneo e una opera ritrovata di Andrea dell'Aquila"" in ""Ateneo veneto"", 137(None) 1953, internal_id=RAV0164473:1953_137:8>","Thieme Becker, Künstler Lexikon», Lipsia, 1908, vol. II, pp. 49*50)",59df6ec59be3c75dd98c9c75,59888f31c12c6071781e58d1,"<Book: I gesuiti e Venezia: momenti e problemi di storia veneziana della Compagnia di Gesù : atti del Convegno di studi, Venezia, 2-5 ottobre 1990,  Giunta regionale del Veneto,, 1994, ISBN: 88-7706-137-5>","U. Thieme-F. Becker, Allgemeines Lexikon der bildenden Künstler, II, Leipzig, 1908, p. 457",0,1
16367,58e4ce00fe7683152b55e3a9,595f9e38fe7683316b2dd4b6,"<Article: ""La facciata dell'Ateneo e una opera ritrovata di Andrea dell'Aquila"" in ""Ateneo veneto"", 137(None) 1953, internal_id=RAV0164473:1953_137:8>","Thieme Becker, Künstler Lexikon», Lipsia, 1908, vol. II, pp. 49*50)",59e067ba8ee1df0444337ef4,595fad0afe768340ecf6c045,"<Book: Renovatio urbis : Venezia nell'età di Andrea Gritti (1523-1538),  Officina,, 1984>","particolare, U. Thieme-F. Becker, Allgemeines Lexikon der Bildenden Künstler von der antike bis zur gegenwart, Leipzig 1907, voce Abbondi, Antonio di Pietro, pp. 13-14.",0,1
53168,58e4ce00fe7683152b55e3a9,595f9e38fe7683316b2dd4b6,"<Article: ""La facciata dell'Ateneo e una opera ritrovata di Andrea dell'Aquila"" in ""Ateneo veneto"", 137(None) 1953, internal_id=RAV0164473:1953_137:8>","Thieme Becker, Künstler Lexikon», Lipsia, 1908, vol. II, pp. 49*50)",59e0adbbf98262071bfaf96d,59dc757bfe76834059d4465a,"<Book: Venezia fra arte e guerra, 1866-1918: opere di difesa, patrimonio culturale, artisti, fotografi,  Mazzotta, °2003, 2003, ISBN: 88-202-1661-2>","Thieme U. - Becker F., Allgemeines Lexicon der bildenden Künstler von der Antike bis zur Gegenwart, 37 voll., Lipsia 1907-50.",0,1
99558,58e4ce00fe7683152b55e3a9,595f9e38fe7683316b2dd4b6,"<Article: ""La facciata dell'Ateneo e una opera ritrovata di Andrea dell'Aquila"" in ""Ateneo veneto"", 137(None) 1953, internal_id=RAV0164473:1953_137:8>","Thieme Becker, Künstler Lexikon», Lipsia, 1908, vol. II, pp. 49*50)",59e0adcbf98262071bfd0100,59dc7555fe76834059d444b7,"<Book: 1650 Giardino di Cha Gualdo,  Olschki, [1972?, >","Thieme-Becker, Künstler Lexikon, voi. xxv), l’avvio",0,1
16666,58e4ce00fe7683152b55e3a9,595f9e38fe7683316b2dd4b6,"<Article: ""La facciata dell'Ateneo e una opera ritrovata di Andrea dell'Aquila"" in ""Ateneo veneto"", 137(None) 1953, internal_id=RAV0164473:1953_137:8>","Thieme Becker, Künstler Lexikon», Lipsia, 1908, vol. II, pp. 49*50)",59e0adcbf98262071bfdea9c,5960e69ffe76836c990e83ca,"<Book: Copyright in the Renaissance : prints and the privilegio in sixteenth-century Venice and Rome,  Brill,, 2004, ISBN: 9004137483>","Alfred Von Wurzbach, Niederländisches Künstler-Lexikon  (Vienna and Leipzig, 1910), 2: 538.",0,1
16853,58e4ce00fe7683152b55e3a9,595f9e38fe7683316b2dd4b6,"<Article: ""La facciata dell'Ateneo e una opera ritrovata di Andrea dell'Aquila"" in ""Ateneo veneto"", 137(None) 1953, internal_id=RAV0164473:1953_137:8>","Thieme Becker, Künstler Lexikon», Lipsia, 1908, vol. II, pp. 49*50)",59e0adcbf98262071bfdecc1,5960e69ffe76836c990e83ca,"<Book: Copyright in the Renaissance : prints and the privilegio in sixteenth-century Venice and Rome,  Brill,, 2004, ISBN: 9004137483>","Tommaso Barlacchi, Antonio Lafrery, Claudio Duchetti, and Pietro Facchetti, or Van Aelst had copies made of them. The earliest Van Aelst address appears on a print is 1582. In 1587, Van Aelst published a book of twelve engraved plates entitled Alfabeti e saggi di scrittura in diverse lingue ,49 On 13 December 1588, a fifteen-year papal privilegio was granted to Van Aelst for several prints all having to do with the various architectural projects undertaken in Rome during the reign of Sixtus V.50 The first two items listed in the privilegio are the Column of Marcus Aurelius {Columna Antonina) and the Column of Trajan ( Columna Traiand),  each shown with the statue placed on its summit by Sixtus V—St. Paul on the column of Marcus Aurelius, and St. Peter on the column of Trajan. Each print shows the column centrally placed with lines of Latin verse in the upper part either side of the statue. The arms 46The dates of van Aelst’s birth and his move to Rome are given in Alfred Von Wurzbach, Mederländisches Künstler-Lexikon (Vienna and Leipzig, 1910), 1:",0,1
17294,58e4ce00fe7683152b55e3a9,595f9e38fe7683316b2dd4b6,"<Article: ""La facciata dell'Ateneo e una opera ritrovata di Andrea dell'Aquila"" in ""Ateneo veneto"", 137(None) 1953, internal_id=RAV0164473:1953_137:8>","Thieme Becker, Künstler Lexikon», Lipsia, 1908, vol. II, pp. 49*50)",59e0adcbf98262071bfdefce,5960e69ffe76836c990e83ca,"<Book: Copyright in the Renaissance : prints and the privilegio in sixteenth-century Venice and Rome,  Brill,, 2004, ISBN: 9004137483>","Meyer, Julius. Allgemeines Künstler-Lexikon. 3 vols. Lepizig, 1872-1885.",0,1
17426,58e4ce00fe7683152b55e3a9,595f9e38fe7683316b2dd4b6,"<Article: ""La facciata dell'Ateneo e una opera ritrovata di Andrea dell'Aquila"" in ""Ateneo veneto"", 137(None) 1953, internal_id=RAV0164473:1953_137:8>","Thieme Becker, Künstler Lexikon», Lipsia, 1908, vol. II, pp. 49*50)",59e0adcbf98262071bfdf082,5960e69ffe76836c990e83ca,"<Book: Copyright in the Renaissance : prints and the privilegio in sixteenth-century Venice and Rome,  Brill,, 2004, ISBN: 9004137483>","Thieme, Ulrich, Felix Becker, and Hans Volmer, eds. Allgemeines Lexikon der bildenden Künste von der Antike dis zur Gegenwart. 37 vols. Leipzig, 1907-1950.",0,1
24351,58e4ce00fe7683152b55e3a9,595f9e38fe7683316b2dd4b6,"<Article: ""La facciata dell'Ateneo e una opera ritrovata di Andrea dell'Aquila"" in ""Ateneo veneto"", 137(None) 1953, internal_id=RAV0164473:1953_137:8>","Thieme Becker, Künstler Lexikon», Lipsia, 1908, vol. II, pp. 49*50)",59e0adcbf98262071bfe3e38,596001c9fe7683560df6c031,"<Book: Venezia e la difesa del Levante : da Lepanto a Candia 1570-1670,  Arsenale, stampa, 1986>","von Wurzbach A., Niederländisches Künstler-Lexikon, t. II, Wien-Leipzig. 1911",0,1
33033,58e4ce00fe7683152b55e3a9,595f9e38fe7683316b2dd4b6,"<Article: ""La facciata dell'Ateneo e una opera ritrovata di Andrea dell'Aquila"" in ""Ateneo veneto"", 137(None) 1953, internal_id=RAV0164473:1953_137:8>","Thieme Becker, Künstler Lexikon», Lipsia, 1908, vol. II, pp. 49*50)",59e23a5388316162133f5793,59dc7582fe76834059d4468a,"<Book: Palazzo Ducale : storia e restauri,  Arsenale editrice,, 2004, ISBN: 88-7743-312-4>","e. PANOFSKY, Das erste Blatt aus dem «Libro» Giorgio Vasaris. Fine Studie über die Bewteilung der Gotik in der italienischen Renaissance, in «Städel Jahrbuch», vi, 1930 p. paoletti, L’architettura e la scultura del Rinascimento a Venezia, i, Venezia 1893 p. paoletti, Notizie e Studi sitila riduzione a trifore delle grandi finestre del Palazzo ducale respicienti il Molo, in «Atti della Società per l’arte pubblica in Venezia», n, 1899 p. paoletti, ad vocem Filippo Calendario, in U. Thieme, F. Becker, Allgemeines Künstler Lexikon, iv, Leipzig 1914 L.patetta, Le ‘ catene ’ come scelta progettuale negli edifìci tra xm e XV secolo, in Saggi in onore di Renato Bonetti, Roma 1992 р. PEDEFERRi, Coirosione e protezione dei materiali metallici, Mila no 1978 μ. piana, Accorgimenti costruttivi e sistemi statici dell’architettura veneziani, in Dietro i palazzi, tre secoli di architettura minore a Venezia 1492-1803, a cura di G. Gianighian, P. Pavanini, Venezia, Arsenale, 1984",0,1
40734,58e4ce00fe7683152b55e3a9,595f9e38fe7683316b2dd4b6,"<Article: ""La facciata dell'Ateneo e una opera ritrovata di Andrea dell'Aquila"" in ""Ateneo veneto"", 137(None) 1953, internal_id=RAV0164473:1953_137:8>","Thieme Becker, Künstler Lexikon», Lipsia, 1908, vol. II, pp. 49*50)",59e23a5388316162133fb65e,59dc755dfe76834059d4450f,"<Book: Tullio Lombardo and ideal portrait sculpture in Renaissance Venice, 1490-1530,  Cambridge university press,, 1995, ISBN: 0521470757>","Sartori, Antonio. Documenti per la storia dell’arte a Padova. Clemente Fillarini, ed. Vicenza, 1976 [Saur, K.G., publisher] Allgemeines Künstler- Lexikon: die bildenden Künstler aller Zeiten und Völker. Multiple volumes, Munich, 1992 ff. Savini Branca, Simona. Il collezionismo Veneziano nel ’600. Padua, 1964",0,1
52352,58e4ce00fe7683152b55e3a9,595f9e38fe7683316b2dd4b6,"<Article: ""La facciata dell'Ateneo e una opera ritrovata di Andrea dell'Aquila"" in ""Ateneo veneto"", 137(None) 1953, internal_id=RAV0164473:1953_137:8>","Thieme Becker, Künstler Lexikon», Lipsia, 1908, vol. II, pp. 49*50)",59e23a538831616213403334,59dc74e1fe768340301beb7c,"<Book: La pittura del Seicento a Venezia : catalogo della mostra,  Alfieri,, 1959>","THIEME, U. - BECKER, F,, Allgemeines Lexikon der Bildenden Künstler. Lipsia, 1907-47.",0,1
52353,58e4ce00fe7683152b55e3a9,595f9e38fe7683316b2dd4b6,"<Article: ""La facciata dell'Ateneo e una opera ritrovata di Andrea dell'Aquila"" in ""Ateneo veneto"", 137(None) 1953, internal_id=RAV0164473:1953_137:8>","Thieme Becker, Künstler Lexikon», Lipsia, 1908, vol. II, pp. 49*50)",59e23a538831616213403335,59dc74e1fe768340301beb7c,"<Book: La pittura del Seicento a Venezia : catalogo della mostra,  Alfieri,, 1959>","THIEME,U. -    BECKER,    F.,     Voce     « Bambini », in: « Thieme-Becker A. L. ». Lipsia, 1908, II. THIEME,U. -    BECKER,    F.,     Voce    «.Bassetti», in: «Thieme-Becker A. L.». Lipsia, 1909,",0,1
52354,58e4ce00fe7683152b55e3a9,595f9e38fe7683316b2dd4b6,"<Article: ""La facciata dell'Ateneo e una opera ritrovata di Andrea dell'Aquila"" in ""Ateneo veneto"", 137(None) 1953, internal_id=RAV0164473:1953_137:8>","Thieme Becker, Künstler Lexikon», Lipsia, 1908, vol. II, pp. 49*50)",59e23a538831616213403336,59dc74e1fe768340301beb7c,"<Book: La pittura del Seicento a Venezia : catalogo della mostra,  Alfieri,, 1959>","THIEME, U. - BECKER, F., Voce « Bellotti , P.», in: «Thieme-Becker A. L.». Lipsia, 1909, III.",0,1
59587,58e4ce00fe7683152b55e3a9,595f9e38fe7683316b2dd4b6,"<Article: ""La facciata dell'Ateneo e una opera ritrovata di Andrea dell'Aquila"" in ""Ateneo veneto"", 137(None) 1953, internal_id=RAV0164473:1953_137:8>","Thieme Becker, Künstler Lexikon», Lipsia, 1908, vol. II, pp. 49*50)",59e23a5388316162134095c1,59884863c12c603267e24505,"<Book: I Lombardo : architettura e scultura a Venezia tra '400 e '500,  IUAV,, 2006, ISBN: 88-317-9107-9>","A.J.M., ""Bregno, Antonio"", in saur.  Allgemeines Künstler-Lexikon, 14, München-Leipzig 1996, p. 73",0,1
60201,58e4ce00fe7683152b55e3a9,595f9e38fe7683316b2dd4b6,"<Article: ""La facciata dell'Ateneo e una opera ritrovata di Andrea dell'Aquila"" in ""Ateneo veneto"", 137(None) 1953, internal_id=RAV0164473:1953_137:8>","Thieme Becker, Künstler Lexikon», Lipsia, 1908, vol. II, pp. 49*50)",59e23a5388316162134099e6,59884863c12c603267e24505,"<Book: I Lombardo : architettura e scultura a Venezia tra '400 e '500,  IUAV,, 2006, ISBN: 88-317-9107-9>","Per Bartolomeo Duca (Bartolomeo di Domenico Lombardo): SAUR. Allgemeines Künstler-Lexikon, 30, München-Leipzig 2001, p. 143.",0,1
65127,58e4ce00fe7683152b55e3a9,595f9e38fe7683316b2dd4b6,"<Article: ""La facciata dell'Ateneo e una opera ritrovata di Andrea dell'Aquila"" in ""Ateneo veneto"", 137(None) 1953, internal_id=RAV0164473:1953_137:8>","Thieme Becker, Künstler Lexikon», Lipsia, 1908, vol. II, pp. 49*50)",59e23a53883161621340cf7c,596150c2fe768304f165a0cb,"<Book: I greci a Venezia : atti del convegno internazionale di studio, Venezia 5 -7 novembre 1998,  Istituto Veneto di scienze, lettere ed arti,, 2002, ISBN: 88-88143-07-6>","U. THIEME - F.  BECKER, Allgemeines Lexikon der bildenden Künstler, Leipzig 1907-1950, VI, p. 511.",0,1
68947,58e4ce00fe7683152b55e3a9,595f9e38fe7683316b2dd4b6,"<Article: ""La facciata dell'Ateneo e una opera ritrovata di Andrea dell'Aquila"" in ""Ateneo veneto"", 137(None) 1953, internal_id=RAV0164473:1953_137:8>","Thieme Becker, Künstler Lexikon», Lipsia, 1908, vol. II, pp. 49*50)",59e23a53883161621340fb76,59dc7502fe76834059d4418d,"<Book: Tiziano e la silografia veneziana del Cinquecento,  Pozza,, 1976>","F. Becker, Allgemeines Lexikon der bildenden Künstler, 37 voll., Lipsia 1907-1950.",0,1
78445,58e4ce00fe7683152b55e3a9,595f9e38fe7683316b2dd4b6,"<Article: ""La facciata dell'Ateneo e una opera ritrovata di Andrea dell'Aquila"" in ""Ateneo veneto"", 137(None) 1953, internal_id=RAV0164473:1953_137:8>","Thieme Becker, Künstler Lexikon», Lipsia, 1908, vol. II, pp. 49*50)",59e23a54883161621341781f,59dc74e1fe768340301beb7a,"<Book: La pittura veneziana del Seicento,  Alfieri, , 1981>","1905-13 C. Brun, Schweizerisches Künstler-Lexikon, Frauenfeld. 1905- 29 A. Michel, Histoire de l’Art, Paris, 18 voll.",0,1
78451,58e4ce00fe7683152b55e3a9,595f9e38fe7683316b2dd4b6,"<Article: ""La facciata dell'Ateneo e una opera ritrovata di Andrea dell'Aquila"" in ""Ateneo veneto"", 137(None) 1953, internal_id=RAV0164473:1953_137:8>","Thieme Becker, Künstler Lexikon», Lipsia, 1908, vol. II, pp. 49*50)",59e23a548831616213417826,59dc74e1fe768340301beb7a,"<Book: La pittura veneziana del Seicento,  Alfieri, , 1981>","A. Von Wurzbach, Niederländisches Künstler-Lexikon, Wien und Leipzig (ristampa 1963).",0,1
78454,58e4ce00fe7683152b55e3a9,595f9e38fe7683316b2dd4b6,"<Article: ""La facciata dell'Ateneo e una opera ritrovata di Andrea dell'Aquila"" in ""Ateneo veneto"", 137(None) 1953, internal_id=RAV0164473:1953_137:8>","Thieme Becker, Künstler Lexikon», Lipsia, 1908, vol. II, pp. 49*50)",59e23a54883161621341782b,59dc74e1fe768340301beb7a,"<Book: La pittura veneziana del Seicento,  Alfieri, , 1981>","1907-47 U.Thieme - F. Becker, Allgemeines Lexikon der Bildenden Künstler, Leipzig.",0,1
96254,58e4ce00fe7683152b55e3a9,595f9e38fe7683316b2dd4b6,"<Article: ""La facciata dell'Ateneo e una opera ritrovata di Andrea dell'Aquila"" in ""Ateneo veneto"", 137(None) 1953, internal_id=RAV0164473:1953_137:8>","Thieme Becker, Künstler Lexikon», Lipsia, 1908, vol. II, pp. 49*50)",59e23a54883161621342596d,59dc74e1fe768340301beb80,"<Book: Venezia nell'età di Canova, 1780-1830 : Venezia, Ala Napoleonica Museo Correr, ottobre-dicembre 1978,  Alfieri, [1978, 1978>","1907-1950 U. Thieme - F. Becker, Allgemeines Lexikon der bildenden Künstler..., Leipzig.",0,1
313,58e4ce00fe7683152b55e3a9,595f9e38fe7683316b2dd4b6,"<Article: ""La facciata dell'Ateneo e una opera ritrovata di Andrea dell'Aquila"" in ""Ateneo veneto"", 137(None) 1953, internal_id=RAV0164473:1953_137:8>","Thieme Becker, Künstler Lexikon», Lipsia, 1908, vol. II, pp. 49*50)",59e23a5488316162134288b5,59dc7590fe76834059d44704,"<Book: Le mariegole della biblioteca del Museo Correr,  Marsilio,, 2007, ISBN: 978-88-317-8991-2>","Thieme-Becker Allgemeines Lexikon der bildenden Künstler von der Antike bis zur Gegenwart, hrsg. von U. Thieme und F. Becker, Leipzig 1907-1950,37",0,1
17566,58e4ce00fe7683152b55e3a9,595f9e38fe7683316b2dd4b6,"<Article: ""La facciata dell'Ateneo e una opera ritrovata di Andrea dell'Aquila"" in ""Ateneo veneto"", 137(None) 1953, internal_id=RAV0164473:1953_137:8>","Thieme Becker, Künstler Lexikon», Lipsia, 1908, vol. II, pp. 49*50)",59e23a54883161621343561f,596097cdfe768365cf0e8396,"<Book: Venezia scomparsa,  Electa,, 1984, ISBN: 88-435-0967-5>","1907 Orio, Il partito e la costruzione di case. Agli Elettori di Dorsoduro, etc. Venezia.  ricci, La Pinacoteca di Brera. Bergamo. 1907-50 thieme-becker, Allgemeines Lexikon der bildenden Künstler, voll. 37. Lipsia.",0,1
52154,58e4ce00fe7683152b55e3a9,595f9e38fe7683316b2dd4b6,"<Article: ""La facciata dell'Ateneo e una opera ritrovata di Andrea dell'Aquila"" in ""Ateneo veneto"", 137(None) 1953, internal_id=RAV0164473:1953_137:8>","Thieme Becker, Künstler Lexikon», Lipsia, 1908, vol. II, pp. 49*50)",59e23a58883161621344e838,59622b83fe7683215121270e,"<Book: Immagini dal mito: la conquista veneziana della Morea, 1684-1699,  Fondazione scientifica Querini stampalia,, 2001>","Allgemeines Lexikon der bildenden Künstler von der Antike bis zur Gegenwart, h. von U.Thieme und F. Becker, 37 v., Leipzig 1907-1947.",0,1
54366,58e4ce00fe7683152b55e3a9,595f9e38fe7683316b2dd4b6,"<Article: ""La facciata dell'Ateneo e una opera ritrovata di Andrea dell'Aquila"" in ""Ateneo veneto"", 137(None) 1953, internal_id=RAV0164473:1953_137:8>","Thieme Becker, Künstler Lexikon», Lipsia, 1908, vol. II, pp. 49*50)",59e23a5888316162134505ad,59dc7598fe76834059d44743,"<Book: Il collezionismo d'arte a Venezia,  Fondazione di Venezia,, 2007, ISBN: 978-88-317-9392-6>","M.F.S. Hervey, The life correspondence and collections of Thomas Howard, Earl of Arundel, Cambridge 1921 M. Heyder, ad vocem Agricola Christoph Ludwig, in Allgemeines Künstler-Lexikon. Die Bildenden Künstler aller Zeiten und Völker, voi. I, Leipzig 1983, pp. 566-567",0,1
54639,58e4ce00fe7683152b55e3a9,595f9e38fe7683316b2dd4b6,"<Article: ""La facciata dell'Ateneo e una opera ritrovata di Andrea dell'Aquila"" in ""Ateneo veneto"", 137(None) 1953, internal_id=RAV0164473:1953_137:8>","Thieme Becker, Künstler Lexikon», Lipsia, 1908, vol. II, pp. 49*50)",59e23a5888316162134506e0,59dc7598fe76834059d44743,"<Book: Il collezionismo d'arte a Venezia,  Fondazione di Venezia,, 2007, ISBN: 978-88-317-9392-6>","U. Römer, advocem Galle Hieronymus, in Allgemeines Künstler-Lexikon. Die Bildenden Künstler aller Zeilen und Völker, voi. 48, München-Leipzig 2006, pp. 20-21 M.",0,1
54713,58e4ce00fe7683152b55e3a9,595f9e38fe7683316b2dd4b6,"<Article: ""La facciata dell'Ateneo e una opera ritrovata di Andrea dell'Aquila"" in ""Ateneo veneto"", 137(None) 1953, internal_id=RAV0164473:1953_137:8>","Thieme Becker, Künstler Lexikon», Lipsia, 1908, vol. II, pp. 49*50)",59e23a588831616213450733,59dc7598fe76834059d44743,"<Book: Il collezionismo d'arte a Venezia,  Fondazione di Venezia,, 2007, ISBN: 978-88-317-9392-6>","U.Thieme, Becker E., Allgemeines Lexikon der Bildenden Künstler, voll. I-XXXVII, Leipzig 1907-1950",0,1
59949,58e4ce00fe7683152b55e3a9,595f9e38fe7683316b2dd4b6,"<Article: ""La facciata dell'Ateneo e una opera ritrovata di Andrea dell'Aquila"" in ""Ateneo veneto"", 137(None) 1953, internal_id=RAV0164473:1953_137:8>","Thieme Becker, Künstler Lexikon», Lipsia, 1908, vol. II, pp. 49*50)",59e23a5988316162134546e8,59dc7554fe76834059d444b2,"<Book: Interpretazioni veneziane : studi di storia dell'arte in onore di Michelangelo Muraro,  Arsenale,, 1984>","Thieme-Brecker, Künstler Lexikon, XI, Lipsia, 1915, pp. 283-285,",0,1
96437,58e4ce00fe7683152b55e3a9,595f9e38fe7683316b2dd4b6,"<Article: ""La facciata dell'Ateneo e una opera ritrovata di Andrea dell'Aquila"" in ""Ateneo veneto"", 137(None) 1953, internal_id=RAV0164473:1953_137:8>","Thieme Becker, Künstler Lexikon», Lipsia, 1908, vol. II, pp. 49*50)",59e23a59883161621346feee,598845f0c12c6030b0e24505,"<Book: The new palaces of medieval Venice,  Pennsylvania State University Press,, 2004, ISBN: 0271023511>","Thieme, Ulrich, and Felix Becker, Allgemeines Lexikon der bildenden Künstler von der Antike bis zur Gegenwart, yj vols., Leipzig 1907—50.",0,1
21092,58e4ce00fe7683152b55e3a9,595f9e38fe7683316b2dd4b6,"<Article: ""La facciata dell'Ateneo e una opera ritrovata di Andrea dell'Aquila"" in ""Ateneo veneto"", 137(None) 1953, internal_id=RAV0164473:1953_137:8>","Thieme Becker, Künstler Lexikon», Lipsia, 1908, vol. II, pp. 49*50)",59e2c59d88316171ebb380ec,595fab0efe768339bcf6c047,"<Book: La basilica dei santi Giovanni e Paolo in Venezia,  F. Ongania,, 1965>","Paoletti P., voce <■< Lorenzo Bregno », in Thieme-Becker, 1910.",0,1
21459,58e4ce00fe7683152b55e3a9,595f9e38fe7683316b2dd4b6,"<Article: ""La facciata dell'Ateneo e una opera ritrovata di Andrea dell'Aquila"" in ""Ateneo veneto"", 137(None) 1953, internal_id=RAV0164473:1953_137:8>","Thieme Becker, Künstler Lexikon», Lipsia, 1908, vol. II, pp. 49*50)",59e2c59d88316171ebb384e6,595fab0efe768339bcf6c047,"<Book: La basilica dei santi Giovanni e Paolo in Venezia,  F. Ongania,, 1965>","1908BARACCHI A., voce « Bartolomeo di Francesco da Bergamo »  in THIEME - BECKER, Künstler Lexicon, Lipsia.",0,1
21461,58e4ce00fe7683152b55e3a9,595f9e38fe7683316b2dd4b6,"<Article: ""La facciata dell'Ateneo e una opera ritrovata di Andrea dell'Aquila"" in ""Ateneo veneto"", 137(None) 1953, internal_id=RAV0164473:1953_137:8>","Thieme Becker, Künstler Lexikon», Lipsia, 1908, vol. II, pp. 49*50)",59e2c59d88316171ebb384e9,595fab0efe768339bcf6c047,"<Book: La basilica dei santi Giovanni e Paolo in Venezia,  F. Ongania,, 1965>","1910 PAOLETTI P., voce « Bartolomeo Bon » in THIEME - BECKER, Künstler Lexicon, Lipsia.",0,1
35655,58e4ce00fe7683152b55e3a9,595f9e38fe7683316b2dd4b6,"<Article: ""La facciata dell'Ateneo e una opera ritrovata di Andrea dell'Aquila"" in ""Ateneo veneto"", 137(None) 1953, internal_id=RAV0164473:1953_137:8>","Thieme Becker, Künstler Lexikon», Lipsia, 1908, vol. II, pp. 49*50)",59e2c59d88316171ebb435cb,59dc750ffe76834059d44212,"<Book: I Bregno a Venezia : Antonio e Paolo Bregno e la scultura a Venezia nel primo Quattrocento,  Erreciemme, stampa, 2007, ISBN: 978-88-900704-8-8>","J. Roll, Andrea Bregno, in Allgemeines Künstler-Lexikon, XIV, München-Leipzig, 1996, pp. 70-73;",0,1
35707,58e4ce00fe7683152b55e3a9,595f9e38fe7683316b2dd4b6,"<Article: ""La facciata dell'Ateneo e una opera ritrovata di Andrea dell'Aquila"" in ""Ateneo veneto"", 137(None) 1953, internal_id=RAV0164473:1953_137:8>","Thieme Becker, Künstler Lexikon», Lipsia, 1908, vol. II, pp. 49*50)",59e2c59d88316171ebb43639,59dc750ffe76834059d44212,"<Book: I Bregno a Venezia : Antonio e Paolo Bregno e la scultura a Venezia nel primo Quattrocento,  Erreciemme, stampa, 2007, ISBN: 978-88-900704-8-8>","Paoletti nell’opera del 1893 nutriva riserve riguardo all’effettiva partecipazione di Bartolomeo Bon e del suo socio Pantaleon di Paolo all’interno del progetto architettonico dell’Arco Foscari, nel 1910, compilando la voce Bon nel Allgemeines Künstler-Lexikon, IV, 1910, pp. 315ss,",0,1
35792,58e4ce00fe7683152b55e3a9,595f9e38fe7683316b2dd4b6,"<Article: ""La facciata dell'Ateneo e una opera ritrovata di Andrea dell'Aquila"" in ""Ateneo veneto"", 137(None) 1953, internal_id=RAV0164473:1953_137:8>","Thieme Becker, Künstler Lexikon», Lipsia, 1908, vol. II, pp. 49*50)",59e2c59d88316171ebb436f6,59dc750ffe76834059d44212,"<Book: I Bregno a Venezia : Antonio e Paolo Bregno e la scultura a Venezia nel primo Quattrocento,  Erreciemme, stampa, 2007, ISBN: 978-88-900704-8-8>","P. Paoletti, Bartolomeo Bon, in “Allgemeines Künstler-Lexikon”, cit.",0,1
35888,58e4ce00fe7683152b55e3a9,595f9e38fe7683316b2dd4b6,"<Article: ""La facciata dell'Ateneo e una opera ritrovata di Andrea dell'Aquila"" in ""Ateneo veneto"", 137(None) 1953, internal_id=RAV0164473:1953_137:8>","Thieme Becker, Künstler Lexikon», Lipsia, 1908, vol. II, pp. 49*50)",59e2c59d88316171ebb43791,59dc750ffe76834059d44212,"<Book: I Bregno a Venezia : Antonio e Paolo Bregno e la scultura a Venezia nel primo Quattrocento,  Erreciemme, stampa, 2007, ISBN: 978-88-900704-8-8>","P. Paoletti, Antonio Bregno, in Allgemeines Künstler-Lexikon, IV, 1910, pp. 568-569.",0,1
35953,58e4ce00fe7683152b55e3a9,595f9e38fe7683316b2dd4b6,"<Article: ""La facciata dell'Ateneo e una opera ritrovata di Andrea dell'Aquila"" in ""Ateneo veneto"", 137(None) 1953, internal_id=RAV0164473:1953_137:8>","Thieme Becker, Künstler Lexikon», Lipsia, 1908, vol. II, pp. 49*50)",59e2c59d88316171ebb437e0,59dc750ffe76834059d44212,"<Book: I Bregno a Venezia : Antonio e Paolo Bregno e la scultura a Venezia nel primo Quattrocento,  Erreciemme, stampa, 2007, ISBN: 978-88-900704-8-8>","A.J. Martin, Antonio Bregno, in Allgemeines Künstler-Lexikon, XIV, 1996, p. 73.",0,1
35954,58e4ce00fe7683152b55e3a9,595f9e38fe7683316b2dd4b6,"<Article: ""La facciata dell'Ateneo e una opera ritrovata di Andrea dell'Aquila"" in ""Ateneo veneto"", 137(None) 1953, internal_id=RAV0164473:1953_137:8>","Thieme Becker, Künstler Lexikon», Lipsia, 1908, vol. II, pp. 49*50)",59e2c59d88316171ebb437e3,59dc750ffe76834059d44212,"<Book: I Bregno a Venezia : Antonio e Paolo Bregno e la scultura a Venezia nel primo Quattrocento,  Erreciemme, stampa, 2007, ISBN: 978-88-900704-8-8>","J. Roll, Andrea Bregno, in Allgemeines Künstler-Lexikon, XIV, 1996, pp. 70-73.",0,1
31717,58e4ce00fe7683152b55e3a9,595f9e38fe7683316b2dd4b6,"<Article: ""La facciata dell'Ateneo e una opera ritrovata di Andrea dell'Aquila"" in ""Ateneo veneto"", 137(None) 1953, internal_id=RAV0164473:1953_137:8>","Thieme Becker, Künstler Lexikon», Lipsia, 1908, vol. II, pp. 49*50)",59e2c5a988316171ebb8eade,5960e6c7fe76836c990e83d8,"<Book: A volo d'uccello: Jacopo de' Barbari e le rappresentazioni di città nell'Europa del Rinascimento,  Arsenale,, 1999, ISBN: 88-7743-261-6>","Bilder der Margarita philosophica des Gregorius Reisch, Prior der Kartause, a cura di U. Becker, Freiburg 1970 Essling, prince d', (Masséna, V.), Les livres à figures vénitiens de la fin du xv siècle et du commencement du xvr, Firenze 1907-14",0,1
31960,58e4ce00fe7683152b55e3a9,595f9e38fe7683316b2dd4b6,"<Article: ""La facciata dell'Ateneo e una opera ritrovata di Andrea dell'Aquila"" in ""Ateneo veneto"", 137(None) 1953, internal_id=RAV0164473:1953_137:8>","Thieme Becker, Künstler Lexikon», Lipsia, 1908, vol. II, pp. 49*50)",59e2c5a988316171ebb8ebf0,5960e6c7fe76836c990e83d8,"<Book: A volo d'uccello: Jacopo de' Barbari e le rappresentazioni di città nell'Europa del Rinascimento,  Arsenale,, 1999, ISBN: 88-7743-261-6>","A.M., Barbari, Jacopo de ', in Allgemeines Künstler Lexikon, vol. VI, München-Leipzig 1992, pp. 645-47",0,1
35092,58e4ce00fe7683152b55e3a9,595f9e38fe7683316b2dd4b6,"<Article: ""La facciata dell'Ateneo e una opera ritrovata di Andrea dell'Aquila"" in ""Ateneo veneto"", 137(None) 1953, internal_id=RAV0164473:1953_137:8>","Thieme Becker, Künstler Lexikon», Lipsia, 1908, vol. II, pp. 49*50)",59e2c5a988316171ebb91e7a,5964a539fe76833e7dc8a7bb,"<Book: Peintres et commanditaires à Venise, 1540-1628,  École française de Rome,, 1992, ISBN: 2728302312 (NR. STD formalmente errato)>","Thieme-Becker : Allgemeines Lexicon der bildenden Künstler, 1907-1950, 37 vol.",0,1
37051,58e4ce00fe7683152b55e3a9,595f9e38fe7683316b2dd4b6,"<Article: ""La facciata dell'Ateneo e una opera ritrovata di Andrea dell'Aquila"" in ""Ateneo veneto"", 137(None) 1953, internal_id=RAV0164473:1953_137:8>","Thieme Becker, Künstler Lexikon», Lipsia, 1908, vol. II, pp. 49*50)",59e2c5a988316171ebb933dd,59883083c12c601639e24507,"<Book: Il Palazzo ducale di Venezia : nella rappresentazione grafica dal 15. al 19. secolo,  Canova, \1989, 1989, ISBN: 88-85066-66-8>","Bibliografia U. Thieme-F. Becker, Allgemeines Lexicon der bildenden künstler... Leipzig 1907-1950, vol. XXII.",0,1
37142,58e4ce00fe7683152b55e3a9,595f9e38fe7683316b2dd4b6,"<Article: ""La facciata dell'Ateneo e una opera ritrovata di Andrea dell'Aquila"" in ""Ateneo veneto"", 137(None) 1953, internal_id=RAV0164473:1953_137:8>","Thieme Becker, Künstler Lexikon», Lipsia, 1908, vol. II, pp. 49*50)",59e2c5a988316171ebb93472,59883083c12c601639e24507,"<Book: Il Palazzo ducale di Venezia : nella rappresentazione grafica dal 15. al 19. secolo,  Canova, \1989, 1989, ISBN: 88-85066-66-8>","1904-1914 G.K. Nagler Neues allgemeines Künstler-Lexikon, Linz.",0,1
37143,58e4ce00fe7683152b55e3a9,595f9e38fe7683316b2dd4b6,"<Article: ""La facciata dell'Ateneo e una opera ritrovata di Andrea dell'Aquila"" in ""Ateneo veneto"", 137(None) 1953, internal_id=RAV0164473:1953_137:8>","Thieme Becker, Künstler Lexikon», Lipsia, 1908, vol. II, pp. 49*50)",59e2c5a988316171ebb93473,59883083c12c601639e24507,"<Book: Il Palazzo ducale di Venezia : nella rappresentazione grafica dal 15. al 19. secolo,  Canova, \1989, 1989, ISBN: 88-85066-66-8>","1907-1950 U. Thieme-F. Becker Allgemeines Lexicon der bildenden Künstler, Leipzig.",0,1
53263,58e4ce00fe7683152b55e3a9,595f9e38fe7683316b2dd4b6,"<Article: ""La facciata dell'Ateneo e una opera ritrovata di Andrea dell'Aquila"" in ""Ateneo veneto"", 137(None) 1953, internal_id=RAV0164473:1953_137:8>","Thieme Becker, Künstler Lexikon», Lipsia, 1908, vol. II, pp. 49*50)",59e2c5a988316171ebba18ff,596001c7fe7683560df6c02b,"<Book: The genius of Venice, 1500-1600,  Royal Academy of arts,, 1983, ISBN: 029778322X>","Thieme-Becker: U. Thieme, F. Becker, Allgemeines Lexikon der bildenden Künstler,  Leipzig 1907-50.",0,1
59620,58e4ce00fe7683152b55e3a9,595f9e38fe7683316b2dd4b6,"<Article: ""La facciata dell'Ateneo e una opera ritrovata di Andrea dell'Aquila"" in ""Ateneo veneto"", 137(None) 1953, internal_id=RAV0164473:1953_137:8>","Thieme Becker, Künstler Lexikon», Lipsia, 1908, vol. II, pp. 49*50)",59e2c5a988316171ebba5a18,59dc7556fe76834059d444cf,"<Book: Omaggio a San Marco : tesori dall'Europa,  Electa, , 1994, ISBN: 88-435-5029-2>","Vangelo di San Marco. Il testo è circondato da una cornice ornamentale a inchiostro rosso, arricchita dal disegno di angeli avvolti in racemi e intenti a suonare strumenti a corde; in basso sono incise tre picole xilografie ritraenti, ai due lati, i busti di San Pietro e San Paolo e al centro, a inchiostro rosso, la Santissima Trinità. Bibliografia·. Thieme-Becker, 1909, voi. Ili, p. 47;",0,1
60695,58e4ce00fe7683152b55e3a9,595f9e38fe7683316b2dd4b6,"<Article: ""La facciata dell'Ateneo e una opera ritrovata di Andrea dell'Aquila"" in ""Ateneo veneto"", 137(None) 1953, internal_id=RAV0164473:1953_137:8>","Thieme Becker, Künstler Lexikon», Lipsia, 1908, vol. II, pp. 49*50)",59e2c5a988316171ebba69da,596007befe768356b1f6c037,"<Book: Venezia e la peste : 1348-1797,  Marsilio,, 1979>","B.Geiger, Crivelli Carlo, in Thieme-Becker, Kunstler-Lexikon,  vin, Lipsia. N. Pelicelli, Lodovico David, in Thieme-Becker, Kunstler-Lexikon,  vin, Lipsia. 1914R.",0,1
61736,58e4ce00fe7683152b55e3a9,595f9e38fe7683316b2dd4b6,"<Article: ""La facciata dell'Ateneo e una opera ritrovata di Andrea dell'Aquila"" in ""Ateneo veneto"", 137(None) 1953, internal_id=RAV0164473:1953_137:8>","Thieme Becker, Künstler Lexikon», Lipsia, 1908, vol. II, pp. 49*50)",59e2c5a988316171ebba80a2,59dc7588fe76834059d446b5,"<Book: Der unbestechliche Blick : Festschrift zu Ehren von Wolfgang Wolters zu seinem siebzigsten Geburtstag,  Porta Alba,, 2005, ISBN: 3933701198>","Guido Tigler, voce Bonomo di Filippo da Orte, in: Saur. Allgemeines Künstler-Lexikon. Die Bildenden Künstler aller Zeiten und Völker [da ora: AKL], ΧΠ, Monaco/Lipsia 1996, p. 604.",0,1
82324,58e4ce00fe7683152b55e3a9,595f9e38fe7683316b2dd4b6,"<Article: ""La facciata dell'Ateneo e una opera ritrovata di Andrea dell'Aquila"" in ""Ateneo veneto"", 137(None) 1953, internal_id=RAV0164473:1953_137:8>","Thieme Becker, Künstler Lexikon», Lipsia, 1908, vol. II, pp. 49*50)",59e2c5a988316171ebbb5a10,59dc7513fe76834059d44239,"<Book: Barocco europeo e barocco veneziano,  G. C. Sansoni,, 1963>","GIUSEPPE FIOCCO BAIPASSARE LONGHENA Dopo che delle chiese veneziane di Andrea Palladio (ed altre non ne fece all’infuori del tempietto di Maser) ha parlato stupendamente qui Rudolf Wittkower, è più facile intrattenersi intorno a Baldassare Longhena; a cui ho dedicato la mia attenzione sino dal 1921, anno in cui, pubblicando certa piccola monografia nella serie fortunata e precorritrice della Biblioteca d’Arte, intorno a Bernando Strozzi, ne promettevo una anche per lui. Ne scrissi invece solo nel 1925, nella Rivista di Venezia, ma limitatamente al Palazzo Pesaro, e più per mettere le fondamenta storiche del maestro die per altro. Chiarii, ripetendolo nella voce del Thieme-Becker, Künstler Lexikon del 1929,",0,1
8941,58e4ce00fe7683152b55e3a9,595f9e38fe7683316b2dd4b6,"<Article: ""La facciata dell'Ateneo e una opera ritrovata di Andrea dell'Aquila"" in ""Ateneo veneto"", 137(None) 1953, internal_id=RAV0164473:1953_137:8>","Thieme Becker, Künstler Lexikon», Lipsia, 1908, vol. II, pp. 49*50)",59e2c5aa88316171ebbc8dd8,598844fec12c602f48e24505,"<Book: La galleria di Minerva : il ritratto di rappresentanza nella Venezia del Settecento,  Cierre,, 2009, ISBN: 978-88-8314-511-7>","ALK Allgemeines Lexicon der bildenden Künstler, a cura di U. Thieme - F. Becker - H. Vollmer - F.C. Willis, 37 voll., Leipzig 1907-1950.",0,1
51662,58e4ce00fe7683152b55e3a9,595f9e38fe7683316b2dd4b6,"<Article: ""La facciata dell'Ateneo e una opera ritrovata di Andrea dell'Aquila"" in ""Ateneo veneto"", 137(None) 1953, internal_id=RAV0164473:1953_137:8>","Thieme Becker, Künstler Lexikon», Lipsia, 1908, vol. II, pp. 49*50)",59e332f68831617f5ede6c88,59dc750bfe76834059d441ed,"<Book: Il collezionismo d'arte a Venezia,  Fondazione di Venezia,, 2009, ISBN: 88-317-9926 (errato)>","U.Thieme, E. Becker, Allgemeines Lexikon der Bildenden Künstler, voll. XXXVII, Leipzig 1907-1950",0,1
69154,58e4ce00fe7683152b55e3a9,595f9e38fe7683316b2dd4b6,"<Article: ""La facciata dell'Ateneo e una opera ritrovata di Andrea dell'Aquila"" in ""Ateneo veneto"", 137(None) 1953, internal_id=RAV0164473:1953_137:8>","Thieme Becker, Künstler Lexikon», Lipsia, 1908, vol. II, pp. 49*50)",59e332f78831617f5edf32b6,59600ff1fe768357adf6c05f,"<Book: Un castello in Laguna : storia dei molini Stucky,  Il cardo,, 1995, ISBN: 88-8079-065-X>","Thieme-Becker, Künstler Lexicon, Seemann, Leipzig 1907;",0,1
78642,58e4ce00fe7683152b55e3a9,595f9e38fe7683316b2dd4b6,"<Article: ""La facciata dell'Ateneo e una opera ritrovata di Andrea dell'Aquila"" in ""Ateneo veneto"", 137(None) 1953, internal_id=RAV0164473:1953_137:8>","Thieme Becker, Künstler Lexikon», Lipsia, 1908, vol. II, pp. 49*50)",59e332f78831617f5edfa83e,59dc757efe76834059d4466b,"<Book: Opera fatta diligentissimamente : restauri di sculture classiche a Venezia tra Quattro e Cinquecento,  L'Erma di Bretschneider, °2004, 2004, ISBN: 88-8265-262-9>","Saut: Allgemeines Künstler-Lexikon, 17, pp. 283-284.",0,1
33238,58e4ce00fe7683152b55e3a9,595f9e38fe7683316b2dd4b6,"<Article: ""La facciata dell'Ateneo e una opera ritrovata di Andrea dell'Aquila"" in ""Ateneo veneto"", 137(None) 1953, internal_id=RAV0164473:1953_137:8>","Thieme Becker, Künstler Lexikon», Lipsia, 1908, vol. II, pp. 49*50)",59e332f98831617f5ee237f9,59dc74c6fe768340301bea82,"<Book: Venezia e il movimento cattolico italiano,  [s.n.],, 1974>","U. Thieme - F. Becker, Allgemeines Lexikon der bildenden Künstler von der Anticke bis zur Gegenwart, Lipsia 1907..., XXIX, p. 287;",0,1
16998,58e4ce00fe7683152b55e3a9,595f9e38fe7683316b2dd4b6,"<Article: ""La facciata dell'Ateneo e una opera ritrovata di Andrea dell'Aquila"" in ""Ateneo veneto"", 137(None) 1953, internal_id=RAV0164473:1953_137:8>","Thieme Becker, Künstler Lexikon», Lipsia, 1908, vol. II, pp. 49*50)",59e333078831617f5ee5e71b,59dc75b9fe76834059d4488f,"<Book: Nuns and reform art in early modern Venice : the architecture of Santi Cosma e Damiano and its decoration from Tintoretto to Tiepolo,  Ashgate,, 2012, ISBN: 9781409411864>","102 NUNS AND REFORM ART IN EARLY MODERN VENICE L. Ferro, 'Bergamasco, Guglielmo/ in Allgemeines Lexikon der Bildenden Künstler von der Antike bis zur Gegenwart, ed. Ulrich Thieme and Felix Becker, voi. 3 (Leipzig, 1909), p. 390;",0,1
53285,58e4ce00fe7683152b55e3a9,595f9e38fe7683316b2dd4b6,"<Article: ""La facciata dell'Ateneo e una opera ritrovata di Andrea dell'Aquila"" in ""Ateneo veneto"", 137(None) 1953, internal_id=RAV0164473:1953_137:8>","Thieme Becker, Künstler Lexikon», Lipsia, 1908, vol. II, pp. 49*50)",59e333088831617f5ee7a9e1,59dc7541fe76834059d44407,"<Book: La cartografia tra scienza e arte : carte e cartografi nel Rinascimento italiano,  Panini, stampa, 1990, ISBN: 88-7686-152-1>","Thieme U. e Becker L., Allgemeines Lexikon der bildenden Künstler, Lipsia 1907-1950.",0,1
88467,58e4ce00fe7683152b55e3a9,595f9e38fe7683316b2dd4b6,"<Article: ""La facciata dell'Ateneo e una opera ritrovata di Andrea dell'Aquila"" in ""Ateneo veneto"", 137(None) 1953, internal_id=RAV0164473:1953_137:8>","Thieme Becker, Künstler Lexikon», Lipsia, 1908, vol. II, pp. 49*50)",59e333098831617f5ee97e6c,59dc7506fe76834059d441b0,"<Book: Bernardo Bellotto,  Gorlich, , 1972>","J. R. Füssli, Allgemeines Künstler-Lexikon, Zurigo 1779",0,1
88510,58e4ce00fe7683152b55e3a9,595f9e38fe7683316b2dd4b6,"<Article: ""La facciata dell'Ateneo e una opera ritrovata di Andrea dell'Aquila"" in ""Ateneo veneto"", 137(None) 1953, internal_id=RAV0164473:1953_137:8>","Thieme Becker, Künstler Lexikon», Lipsia, 1908, vol. II, pp. 49*50)",59e333098831617f5ee97e9b,59dc7506fe76834059d441b0,"<Book: Bernardo Bellotto,  Gorlich, , 1972>","J. Meyer, H. Lücke, H. von Tsdiudi, Allgemeines Künstler-Lexikon, vol. Ill, Lipsia 1885, pp. 437—45",0,1
88549,58e4ce00fe7683152b55e3a9,595f9e38fe7683316b2dd4b6,"<Article: ""La facciata dell'Ateneo e una opera ritrovata di Andrea dell'Aquila"" in ""Ateneo veneto"", 137(None) 1953, internal_id=RAV0164473:1953_137:8>","Thieme Becker, Künstler Lexikon», Lipsia, 1908, vol. II, pp. 49*50)",59e333098831617f5ee97ecb,59dc7506fe76834059d441b0,"<Book: Bernardo Bellotto,  Gorlich, , 1972>","1911 O.Pollak, Bibiena Giuseppe Galli, in: Thieme-Becker, III, Lipsia 1909, pp. 602—04",0,1
89977,58e4ce00fe7683152b55e3a9,595f9e38fe7683316b2dd4b6,"<Article: ""La facciata dell'Ateneo e una opera ritrovata di Andrea dell'Aquila"" in ""Ateneo veneto"", 137(None) 1953, internal_id=RAV0164473:1953_137:8>","Thieme Becker, Künstler Lexikon», Lipsia, 1908, vol. II, pp. 49*50)",59e333098831617f5ee98b30,595ffb18fe768355c2f6c02a,"<Book: Rialto: le fabbriche e il ponte, 1514-1591,  G. Einaudi,, 1987, ISBN: 88-06-59918-6>","U. Thieme e F. Becker, Allgemeine Lexikon der bildende Künstler, Leipzig 1907, 1 , pp. 13-14;",0,1
10790,58e4ce00fe7683152b55e3a9,595f9e38fe7683316b2dd4b6,"<Article: ""La facciata dell'Ateneo e una opera ritrovata di Andrea dell'Aquila"" in ""Ateneo veneto"", 137(None) 1953, internal_id=RAV0164473:1953_137:8>","Thieme Becker, Künstler Lexikon», Lipsia, 1908, vol. II, pp. 49*50)",59e333098831617f5eeaa817,59dc755dfe76834059d4450a,"<Book: La ragione e l'arte : Torquato Tasso e la Repubblica veneta ,  Il cardo,, 1995, ISBN: 88-8079-063-3>","Thieme-Becker U.Thieme-F. Becker, Allgemeines Lexicon der bildenden Künstler von der Antike bis zur Gegenwart,  Leipzig 1907-1950, voll. 37.",0,1
16809,58e4ce00fe7683152b55e3a9,595f9e38fe7683316b2dd4b6,"<Article: ""La facciata dell'Ateneo e una opera ritrovata di Andrea dell'Aquila"" in ""Ateneo veneto"", 137(None) 1953, internal_id=RAV0164473:1953_137:8>","Thieme Becker, Künstler Lexikon», Lipsia, 1908, vol. II, pp. 49*50)",59e333098831617f5eeaebb5,59dc74abfe768340301be969,"<Book: Lungo il tragitto crociato della vita,  Marsilio, [2000, 2000, ISBN: 88-317-7470-0>","A. Markham Schulz, Bartolomeo di Francesco Bergamasco, in Saur Allgemeines Künstler-lexikon,  München-Leipzig, Saur, 1993, vu, pp. 284-285;",0,1
17045,58e4ce00fe7683152b55e3a9,595f9e38fe7683316b2dd4b6,"<Article: ""La facciata dell'Ateneo e una opera ritrovata di Andrea dell'Aquila"" in ""Ateneo veneto"", 137(None) 1953, internal_id=RAV0164473:1953_137:8>","Thieme Becker, Künstler Lexikon», Lipsia, 1908, vol. II, pp. 49*50)",59e333098831617f5eeaedb1,59dc74abfe768340301be969,"<Book: Lungo il tragitto crociato della vita,  Marsilio, [2000, 2000, ISBN: 88-317-7470-0>","Croce ottagona è al centro del suo petto. Il ritrattato è raffigurato frontalmente, a mezza figura. La tunica scura che reca la Croce si apre sul bianco colletto della sua camicia. Il ritratto proviene dalla collezione romana di August Kestner. Travagliate e ancora irrisolte le vicende attributive dell’opera. Nel catalogo della collezione Kestner, Cari Schuchhardt la elenca sotto la dicitura «scuola veneziana, secolo xvi», come Ritratto di un Templare. Nella Biblioteca Berenson (Villa I Tatti, Settignano, Firenze) esiste una copia di questo catalogo appartenuta a Bernard Berenson e annotata in margine dalla moglie Mary Berenson. In essa il Ritratto in questione non è interessato da alcuna nota, e infatti non compare a nessun titolo nelle Lists di Berenson. Attribuito al Parmigianino nel 1954 da Gert Kestner in seguito al restauro, come tale è stato esposto a Malta nel 1970. I più recenti cataloghi del museo di Hannover (a partire dal 1976) seguono l’attribu-zione a Girolamo da Carpi, proposta dal Cauchi e accettata da Causa e da Heinemann. Quest’ultimo ne propone una datazione alla prima metà degli anni quaranta, basandosi sul confronto con due dei dipinti di Girolamo da Carpi che si trovano nella galleria di Dresda (la Giuditta con la testa di Oloferne, databile agli anni quaranta, e II Caso e la Renitenza, proveniente dal Castello Estense), e con i suoi quindici affreschi riportati su tela appartenenti alla Cassa di Risparmio di Ferrara. Sebbene la validità di tale interpretazione sia confermata dall ’Allgemeines Künstler-Lexikon, una comunicazione orale alla Lan- Scuola fiorentina XVI secolo, metà Ritratto di Cavaliere Gerosolimitano tempera su tavola, cm 71,8 x 57,1 Collezione privata Il Ritratto di Cavaliere Gerosolimitano, dal lucente corsaletto e dalla cotta di ferro, che tiene le mani sull’elmo e volge lo sguardo fiero verso l’osservatore, ha la croce bianca non profilata, appesa a un cordone. Un candido collo della camicia gli circonda il volto, accentuando l’effetto di bagliore di luce, già",0,1
25100,58e4ce00fe7683152b55e3a9,595f9e38fe7683316b2dd4b6,"<Article: ""La facciata dell'Ateneo e una opera ritrovata di Andrea dell'Aquila"" in ""Ateneo veneto"", 137(None) 1953, internal_id=RAV0164473:1953_137:8>","Thieme Becker, Künstler Lexikon», Lipsia, 1908, vol. II, pp. 49*50)",59e333098831617f5eeb4357,59622abdfe768321522126d7,"<Book: Cultura religione e politica nell'età di Angelo Maria Querini : atti del Convegno di studi promosso dal Comune di Brescia in collaborazione con la Fondazione Giorgio Cini di Venezia,  Morcelliana, , 1982>","Thieme U. Becker F., Allgemaines Lexicon der bildenen Künstler von der Antike bis zur Gegenwart, Lipsia 1907-1947.",0,1
